search_id,user_id,session_id,timestamp,search_term,device_type,search_source,results_returned,search_results,search_time_taken,clicked_result,clicked_result_name,conversion
1,5554,507697,2025-01-29 03:34:23.421222,coffee mug,Desktop,Homepage,True,"['Ceramic Mug', 'Travel Mug', 'Insulated Mug']",0.77,False,,False
2,7188,563581,2025-01-10 20:35:16.421222,dresses,Mobile,Category Page,False,[],3.28,False,,False
3,8857,391121,2025-02-01 12:43:27.421222,phone case,Mobile,Homepage,True,"['OtterBox Defender', 'Spigen Tough Armor', 'Apple Silicone Case']",0.3,False,,False
4,1282,232523,2025-01-23 15:06:57.421222,smartphone,Mobile,Category Page,True,"['iPhone 15', 'Samsung Galaxy S24', 'Google Pixel 8']",2.64,False,,False
5,3466,370283,2025-01-13 06:10:53.421222,shoes,Tablet,Product Page,False,[],0.55,False,,False
6,7748,717240,2025-01-29 23:32:52.421222,socks,Tablet,Homepage,False,[],2.71,False,,False
7,8048,334462,2025-01-23 15:32:36.421222,smartphone,Tablet,Category Page,True,"['iPhone 15', 'Samsung Galaxy S24', 'Google Pixel 8']",0.46,True,Samsung Galaxy S24,False
8,4099,474340,2025-01-09 17:18:09.421222,external hard drive,Mobile,Category Page,True,"['Seagate 2TB', 'WD My Passport', 'Samsung T7']",1.93,True,Seagate 2TB,False
9,5547,167661,2025-01-26 04:41:58.421222,phone case,Desktop,Homepage,True,"['OtterBox Defender', 'Spigen Tough Armor', 'Apple Silicone Case']",1.5,False,,False
10,4878,193617,2025-01-15 04:34:29.421222,gaming chair,Mobile,Category Page,True,"['DXRacer', 'Secretlab Titan', 'Razer Iskur']",0.97,True,DXRacer,False
11,2631,251114,2025-01-08 06:21:48.421222,smartphone,Desktop,Category Page,True,"['iPhone 15', 'Samsung Galaxy S24', 'Google Pixel 8']",0.42,True,Google Pixel 8,True
12,4446,853469,2025-01-14 14:46:05.421222,headphones,Mobile,Homepage,True,"['Sony WH-1000XM5', 'Bose 700', 'Sennheiser Momentum 4']",3.12,True,Bose 700,False
13,7325,601113,2025-01-10 06:07:05.421222,gaming chair,Mobile,Product Page,True,"['DXRacer', 'Secretlab Titan', 'Razer Iskur']",0.66,True,DXRacer,False
14,7319,197752,2025-01-17 21:13:53.421222,gaming chair,Tablet,Product Page,True,"['DXRacer', 'Secretlab Titan', 'Razer Iskur']",0.49,True,Secretlab Titan,False
15,3428,674286,2025-01-19 06:00:15.421222,keyboard,Desktop,Product Page,True,"['Logitech MX Keys', 'Razer BlackWidow', 'Corsair K95']",1.68,True,Corsair K95,True
16,8357,479701,2025-01-09 15:27:08.421222,dresses,Mobile,Category Page,False,[],2.66,False,,False
17,6524,518046,2025-01-13 14:33:29.421222,socks,Desktop,Product Page,False,[],1.65,False,,False
18,2985,212264,2025-02-02 01:23:07.421222,water bottle,Mobile,Homepage,False,[],2.2,False,,False
19,8923,885718,2025-01-29 08:58:47.421222,coffee mug,Tablet,Homepage,True,"['Ceramic Mug', 'Travel Mug', 'Insulated Mug']",2.45,True,Insulated Mug,False
20,8888,250590,2025-01-30 16:15:13.421222,laptop,Mobile,Product Page,True,"['Dell XPS 13', 'MacBook Air', 'HP Spectre x360']",1.87,False,,False
21,7022,807485,2025-01-07 19:51:38.421222,laptop,Tablet,Category Page,True,"['Dell XPS 13', 'MacBook Air', 'HP Spectre x360']",2.14,True,Dell XPS 13,False
22,5298,131827,2025-01-22 13:53:42.421222,keyboard,Mobile,Category Page,True,"['Logitech MX Keys', 'Razer BlackWidow', 'Corsair K95']",1.56,False,,False
23,7275,307066,2025-01-12 13:26:55.421222,mouse,Mobile,Product Page,True,"['Logitech MX Master 3', 'Razer DeathAdder', 'SteelSeries Rival 5']",0.63,True,Razer DeathAdder,False
24,1795,719753,2025-01-05 12:22:04.421222,shoes,Tablet,Category Page,False,[],0.97,False,,False
25,9664,614311,2025-01-10 07:58:41.421222,dresses,Desktop,Category Page,False,[],2.16,False,,False
26,4104,60738,2025-01-10 02:55:55.421222,dresses,Desktop,Homepage,False,[],1.4,False,,False
27,9411,283137,2025-01-13 11:18:36.421222,coffee mug,Mobile,Product Page,True,"['Ceramic Mug', 'Travel Mug', 'Insulated Mug']",2.48,True,Ceramic Mug,False
28,7565,642560,2025-01-23 08:48:18.421222,mouse,Desktop,Homepage,True,"['Logitech MX Master 3', 'Razer DeathAdder', 'SteelSeries Rival 5']",2.62,True,SteelSeries Rival 5,False
29,7801,869072,2025-01-14 01:29:39.421222,shoes,Tablet,Product Page,False,[],1.19,False,,False
30,2587,96015,2025-01-17 12:40:16.421222,water bottle,Tablet,Category Page,False,[],1.22,False,,False
31,7623,429010,2025-01-11 18:15:26.421222,gaming chair,Desktop,Category Page,True,"['DXRacer', 'Secretlab Titan', 'Razer Iskur']",3.04,True,Razer Iskur,False
32,4372,595136,2025-01-24 06:44:08.421222,external hard drive,Desktop,Category Page,True,"['Seagate 2TB', 'WD My Passport', 'Samsung T7']",3.2,True,WD My Passport,False
33,1969,133614,2025-01-09 02:10:16.421222,wireless earbuds,Desktop,Product Page,True,"['AirPods Pro', 'Sony WF-1000XM4', 'Bose QuietComfort Earbuds']",1.14,True,Sony WF-1000XM4,False
34,1321,176666,2025-02-02 20:22:18.421222,coffee mug,Mobile,Category Page,True,"['Ceramic Mug', 'Travel Mug', 'Insulated Mug']",3.4,True,Travel Mug,False
35,6917,662950,2025-02-01 11:18:36.421222,headphones,Mobile,Category Page,True,"['Sony WH-1000XM5', 'Bose 700', 'Sennheiser Momentum 4']",2.0,True,Bose 700,True
36,7979,259558,2025-01-07 15:32:00.421222,external hard drive,Tablet,Category Page,True,"['Seagate 2TB', 'WD My Passport', 'Samsung T7']",2.27,True,Seagate 2TB,False
37,5732,723179,2025-01-10 14:50:06.421222,mouse,Desktop,Category Page,True,"['Logitech MX Master 3', 'Razer DeathAdder', 'SteelSeries Rival 5']",1.78,True,SteelSeries Rival 5,False
38,8460,883364,2025-01-24 22:54:07.421222,water bottle,Mobile,Category Page,False,[],0.45,False,,False
39,1007,653723,2025-02-01 22:30:09.421222,mouse,Mobile,Category Page,True,"['Logitech MX Master 3', 'Razer DeathAdder', 'SteelSeries Rival 5']",3.36,False,,False
40,2257,728239,2025-01-12 04:06:35.421222,gaming chair,Desktop,Category Page,True,"['DXRacer', 'Secretlab Titan', 'Razer Iskur']",2.23,True,Secretlab Titan,False
41,9783,573272,2025-01-29 21:30:31.421222,water bottle,Tablet,Homepage,False,[],2.27,False,,False
42,6961,691925,2025-01-07 22:40:09.421222,headphones,Tablet,Category Page,True,"['Sony WH-1000XM5', 'Bose 700', 'Sennheiser Momentum 4']",0.7,True,Sony WH-1000XM5,False
43,3441,340859,2025-01-23 08:48:12.421222,laptop,Mobile,Category Page,True,"['Dell XPS 13', 'MacBook Air', 'HP Spectre x360']",2.12,False,,False
44,6682,212765,2025-01-16 15:02:36.421222,mouse,Tablet,Category Page,True,"['Logitech MX Master 3', 'Razer DeathAdder', 'SteelSeries Rival 5']",2.22,True,Razer DeathAdder,False
45,5107,410142,2025-01-16 05:59:50.421222,shoes,Mobile,Category Page,False,[],3.24,False,,False
46,8166,583209,2025-01-28 10:46:00.421222,headphones,Desktop,Product Page,True,"['Sony WH-1000XM5', 'Bose 700', 'Sennheiser Momentum 4']",0.99,True,Sony WH-1000XM5,False
47,6296,66941,2025-02-02 08:55:59.421222,laptop,Desktop,Product Page,True,"['Dell XPS 13', 'MacBook Air', 'HP Spectre x360']",0.21,True,Dell XPS 13,False
48,3134,626189,2025-01-08 06:35:41.421222,laptop,Mobile,Product Page,True,"['Dell XPS 13', 'MacBook Air', 'HP Spectre x360']",3.36,True,HP Spectre x360,False
49,2718,463083,2025-02-03 14:19:33.421222,smartphone,Desktop,Product Page,True,"['iPhone 15', 'Samsung Galaxy S24', 'Google Pixel 8']",2.21,True,Google Pixel 8,False
50,7752,503597,2025-01-13 03:20:32.421222,gaming chair,Mobile,Product Page,True,"['DXRacer', 'Secretlab Titan', 'Razer Iskur']",2.32,False,,False
51,6802,752306,2025-01-05 22:52:25.421222,smartphone,Tablet,Category Page,True,"['iPhone 15', 'Samsung Galaxy S24', 'Google Pixel 8']",0.52,True,Google Pixel 8,False
52,7768,772230,2025-01-22 23:32:20.421222,coffee mug,Mobile,Product Page,True,"['Ceramic Mug', 'Travel Mug', 'Insulated Mug']",2.34,False,,False
53,7274,940515,2025-01-11 13:39:19.421222,smartphone,Mobile,Homepage,True,"['iPhone 15', 'Samsung Galaxy S24', 'Google Pixel 8']",2.39,True,iPhone 15,True
54,4324,808999,2025-01-23 12:03:41.421222,wireless earbuds,Tablet,Homepage,True,"['AirPods Pro', 'Sony WF-1000XM4', 'Bose QuietComfort Earbuds']",3.32,True,AirPods Pro,False
55,5958,196016,2025-01-24 12:57:30.421222,headphones,Mobile,Category Page,True,"['Sony WH-1000XM5', 'Bose 700', 'Sennheiser Momentum 4']",3.04,False,,False
56,9939,289526,2025-01-16 08:19:03.421222,external hard drive,Desktop,Category Page,True,"['Seagate 2TB', 'WD My Passport', 'Samsung T7']",2.86,False,,False
57,1766,241186,2025-01-19 02:22:02.421222,wireless earbuds,Desktop,Homepage,True,"['AirPods Pro', 'Sony WF-1000XM4', 'Bose QuietComfort Earbuds']",2.03,True,Bose QuietComfort Earbuds,False
58,6071,341441,2025-01-15 16:15:20.421222,headphones,Desktop,Category Page,True,"['Sony WH-1000XM5', 'Bose 700', 'Sennheiser Momentum 4']",1.26,True,Bose 700,False
59,8687,571441,2025-01-07 08:53:18.421222,mouse,Desktop,Category Page,True,"['Logitech MX Master 3', 'Razer DeathAdder', 'SteelSeries Rival 5']",1.92,True,Razer DeathAdder,False
60,5904,772611,2025-01-24 04:17:11.421222,socks,Mobile,Homepage,False,[],2.21,False,,False
61,1423,230680,2025-01-23 00:24:58.421222,phone case,Mobile,Product Page,True,"['OtterBox Defender', 'Spigen Tough Armor', 'Apple Silicone Case']",2.43,False,,False
62,5746,619294,2025-01-16 06:47:43.421222,headphones,Desktop,Category Page,True,"['Sony WH-1000XM5', 'Bose 700', 'Sennheiser Momentum 4']",0.5,False,,False
63,5074,184340,2025-01-06 12:49:56.421222,water bottle,Desktop,Homepage,False,[],2.69,False,,False
64,7944,921281,2025-01-24 23:30:09.421222,water bottle,Desktop,Product Page,False,[],1.33,False,,False
65,2027,187970,2025-01-19 08:03:14.421222,dresses,Mobile,Homepage,False,[],1.01,False,,False
66,7857,439191,2025-01-30 05:03:39.421222,wireless earbuds,Tablet,Category Page,True,"['AirPods Pro', 'Sony WF-1000XM4', 'Bose QuietComfort Earbuds']",0.72,True,AirPods Pro,True
67,7066,749716,2025-01-05 17:58:39.421222,mouse,Desktop,Product Page,True,"['Logitech MX Master 3', 'Razer DeathAdder', 'SteelSeries Rival 5']",2.76,True,Logitech MX Master 3,False
68,7633,731516,2025-01-25 19:10:17.421222,phone case,Mobile,Category Page,True,"['OtterBox Defender', 'Spigen Tough Armor', 'Apple Silicone Case']",1.02,False,,False
69,8075,519297,2025-01-07 20:07:27.421222,wireless earbuds,Mobile,Product Page,True,"['AirPods Pro', 'Sony WF-1000XM4', 'Bose QuietComfort Earbuds']",0.26,True,Bose QuietComfort Earbuds,False
70,9420,127833,2025-01-24 23:06:30.421222,shoes,Mobile,Product Page,False,[],1.36,False,,False
71,4722,369945,2025-01-13 16:05:06.421222,laptop,Tablet,Product Page,True,"['Dell XPS 13', 'MacBook Air', 'HP Spectre x360']",0.88,True,MacBook Air,False
72,9835,331325,2025-01-27 04:19:23.421222,wireless earbuds,Desktop,Homepage,True,"['AirPods Pro', 'Sony WF-1000XM4', 'Bose QuietComfort Earbuds']",0.9,True,AirPods Pro,True
73,5993,851654,2025-01-07 14:05:36.421222,socks,Mobile,Product Page,False,[],1.75,False,,False
74,7484,830115,2025-01-18 07:56:40.421222,mouse,Desktop,Category Page,True,"['Logitech MX Master 3', 'Razer DeathAdder', 'SteelSeries Rival 5']",2.77,False,,False
75,6641,234534,2025-01-08 17:43:12.421222,headphones,Tablet,Product Page,True,"['Sony WH-1000XM5', 'Bose 700', 'Sennheiser Momentum 4']",0.78,True,Sennheiser Momentum 4,True
76,8719,65112,2025-02-03 09:44:17.421222,headphones,Mobile,Homepage,True,"['Sony WH-1000XM5', 'Bose 700', 'Sennheiser Momentum 4']",2.81,True,Sony WH-1000XM5,False
77,2396,340327,2025-01-12 20:21:51.421222,external hard drive,Mobile,Category Page,True,"['Seagate 2TB', 'WD My Passport', 'Samsung T7']",2.23,True,WD My Passport,False
78,4906,145596,2025-01-09 18:44:24.421222,socks,Desktop,Homepage,False,[],2.26,False,,False
79,1342,130673,2025-01-12 18:46:24.421222,keyboard,Tablet,Product Page,True,"['Logitech MX Keys', 'Razer BlackWidow', 'Corsair K95']",0.66,True,Razer BlackWidow,True
80,7737,543025,2025-01-25 15:06:40.421222,laptop,Mobile,Homepage,True,"['Dell XPS 13', 'MacBook Air', 'HP Spectre x360']",1.32,True,MacBook Air,True
81,9978,632712,2025-02-03 08:20:47.421222,gaming chair,Tablet,Category Page,True,"['DXRacer', 'Secretlab Titan', 'Razer Iskur']",1.95,True,Razer Iskur,True
82,3566,392753,2025-01-16 16:55:14.421222,wireless earbuds,Desktop,Homepage,True,"['AirPods Pro', 'Sony WF-1000XM4', 'Bose QuietComfort Earbuds']",1.22,False,,False
83,8847,450253,2025-01-12 06:14:27.421222,socks,Mobile,Product Page,False,[],2.77,False,,False
84,7118,957466,2025-01-14 15:25:07.421222,laptop,Desktop,Homepage,True,"['Dell XPS 13', 'MacBook Air', 'HP Spectre x360']",1.26,False,,False
85,6461,61914,2025-01-15 12:38:55.421222,laptop,Mobile,Homepage,True,"['Dell XPS 13', 'MacBook Air', 'HP Spectre x360']",1.74,True,MacBook Air,False
86,7458,782649,2025-01-30 05:04:06.421222,water bottle,Desktop,Category Page,False,[],2.03,False,,False
87,9764,983898,2025-01-07 03:10:08.421222,coffee mug,Desktop,Homepage,True,"['Ceramic Mug', 'Travel Mug', 'Insulated Mug']",0.85,True,Insulated Mug,False
88,4523,662419,2025-01-13 20:00:52.421222,headphones,Tablet,Homepage,True,"['Sony WH-1000XM5', 'Bose 700', 'Sennheiser Momentum 4']",3.04,False,,False
89,4581,342302,2025-01-18 11:54:22.421222,keyboard,Desktop,Product Page,True,"['Logitech MX Keys', 'Razer BlackWidow', 'Corsair K95']",1.6,True,Corsair K95,False
90,1145,218524,2025-01-25 14:15:51.421222,laptop,Tablet,Category Page,True,"['Dell XPS 13', 'MacBook Air', 'HP Spectre x360']",1.31,True,MacBook Air,False
91,9566,715897,2025-02-03 06:18:20.421222,gaming chair,Desktop,Category Page,True,"['DXRacer', 'Secretlab Titan', 'Razer Iskur']",0.49,True,Secretlab Titan,False
92,2412,864959,2025-01-25 13:20:26.421222,coffee mug,Mobile,Product Page,True,"['Ceramic Mug', 'Travel Mug', 'Insulated Mug']",2.36,True,Travel Mug,True
93,8742,438765,2025-01-19 09:51:27.421222,keyboard,Desktop,Homepage,True,"['Logitech MX Keys', 'Razer BlackWidow', 'Corsair K95']",2.73,True,Corsair K95,True
94,7561,881339,2025-01-20 05:49:08.421222,dresses,Mobile,Category Page,False,[],0.51,False,,False
95,9909,547659,2025-01-14 19:33:45.421222,external hard drive,Mobile,Product Page,True,"['Seagate 2TB', 'WD My Passport', 'Samsung T7']",2.44,True,Samsung T7,False
96,5247,191123,2025-01-25 22:37:14.421222,gaming chair,Tablet,Homepage,True,"['DXRacer', 'Secretlab Titan', 'Razer Iskur']",0.48,False,,False
97,4665,495827,2025-01-21 11:34:57.421222,dresses,Mobile,Category Page,False,[],1.35,False,,False
98,2455,212889,2025-01-31 14:42:27.421222,dresses,Mobile,Category Page,False,[],0.2,False,,False
99,7040,628501,2025-01-25 06:34:49.421222,laptop,Tablet,Homepage,True,"['Dell XPS 13', 'MacBook Air', 'HP Spectre x360']",3.29,True,HP Spectre x360,False
100,9082,439361,2025-01-22 09:22:03.421222,socks,Desktop,Homepage,False,[],0.54,False,,False
101,5918,865916,2025-01-30 00:46:22.421222,laptop,Mobile,Category Page,True,"['Dell XPS 13', 'MacBook Air', 'HP Spectre x360']",1.39,True,HP Spectre x360,False
102,3526,706668,2025-01-31 02:20:51.421222,wireless earbuds,Desktop,Category Page,True,"['AirPods Pro', 'Sony WF-1000XM4', 'Bose QuietComfort Earbuds']",1.33,True,Bose QuietComfort Earbuds,False
103,9361,795555,2025-01-12 23:28:18.421222,wireless earbuds,Desktop,Product Page,True,"['AirPods Pro', 'Sony WF-1000XM4', 'Bose QuietComfort Earbuds']",3.26,False,,False
104,8148,994786,2025-01-14 23:13:24.421222,water bottle,Desktop,Homepage,False,[],3.19,False,,False
105,9574,445298,2025-01-11 14:32:28.421222,gaming chair,Mobile,Homepage,True,"['DXRacer', 'Secretlab Titan', 'Razer Iskur']",2.81,True,DXRacer,False
106,3450,89300,2025-01-12 18:14:52.421222,external hard drive,Tablet,Product Page,True,"['Seagate 2TB', 'WD My Passport', 'Samsung T7']",1.98,True,Seagate 2TB,False
107,4396,211120,2025-01-22 12:42:28.421222,headphones,Tablet,Category Page,True,"['Sony WH-1000XM5', 'Bose 700', 'Sennheiser Momentum 4']",0.86,True,Sennheiser Momentum 4,False
108,3790,553390,2025-01-18 18:02:30.421222,headphones,Mobile,Product Page,True,"['Sony WH-1000XM5', 'Bose 700', 'Sennheiser Momentum 4']",1.17,False,,False
109,3274,449056,2025-01-18 21:21:20.421222,dresses,Desktop,Product Page,False,[],3.34,False,,False
110,2670,253795,2025-01-11 06:37:41.421222,gaming chair,Desktop,Homepage,True,"['DXRacer', 'Secretlab Titan', 'Razer Iskur']",0.44,True,Secretlab Titan,False
111,2519,269823,2025-01-16 07:39:15.421222,mouse,Tablet,Homepage,True,"['Logitech MX Master 3', 'Razer DeathAdder', 'SteelSeries Rival 5']",1.87,True,Logitech MX Master 3,False
112,2057,866950,2025-01-17 14:12:01.421222,laptop,Mobile,Homepage,True,"['Dell XPS 13', 'MacBook Air', 'HP Spectre x360']",3.21,False,,False
113,5619,242673,2025-01-17 18:42:44.421222,phone case,Mobile,Category Page,True,"['OtterBox Defender', 'Spigen Tough Armor', 'Apple Silicone Case']",1.59,False,,False
114,7019,474136,2025-01-09 04:24:56.421222,shoes,Desktop,Product Page,False,[],2.77,False,,False
115,3988,265534,2025-01-27 15:13:18.421222,gaming chair,Mobile,Category Page,True,"['DXRacer', 'Secretlab Titan', 'Razer Iskur']",1.03,True,DXRacer,False
116,6115,921644,2025-01-08 12:12:56.421222,laptop,Tablet,Product Page,True,"['Dell XPS 13', 'MacBook Air', 'HP Spectre x360']",1.76,False,,False
117,7492,760553,2025-01-24 14:23:13.421222,water bottle,Desktop,Product Page,False,[],0.5,False,,False
118,1515,494283,2025-01-09 16:37:18.421222,wireless earbuds,Desktop,Homepage,True,"['AirPods Pro', 'Sony WF-1000XM4', 'Bose QuietComfort Earbuds']",2.52,True,Bose QuietComfort Earbuds,False
119,3478,85370,2025-01-22 09:14:12.421222,water bottle,Mobile,Homepage,False,[],1.75,False,,False
120,8863,150466,2025-01-09 11:59:35.421222,wireless earbuds,Tablet,Product Page,True,"['AirPods Pro', 'Sony WF-1000XM4', 'Bose QuietComfort Earbuds']",1.19,True,Bose QuietComfort Earbuds,False
121,2395,108461,2025-01-20 11:50:54.421222,keyboard,Tablet,Product Page,True,"['Logitech MX Keys', 'Razer BlackWidow', 'Corsair K95']",2.67,True,Logitech MX Keys,False
122,5346,788444,2025-01-25 16:58:36.421222,socks,Desktop,Product Page,False,[],3.4,False,,False
123,8805,495680,2025-01-07 07:31:15.421222,headphones,Mobile,Homepage,True,"['Sony WH-1000XM5', 'Bose 700', 'Sennheiser Momentum 4']",1.34,True,Sony WH-1000XM5,False
124,5990,653287,2025-01-13 08:10:54.421222,phone case,Mobile,Homepage,True,"['OtterBox Defender', 'Spigen Tough Armor', 'Apple Silicone Case']",2.23,True,Spigen Tough Armor,False
125,5195,802749,2025-01-09 05:18:24.421222,headphones,Tablet,Product Page,True,"['Sony WH-1000XM5', 'Bose 700', 'Sennheiser Momentum 4']",0.99,False,,False
126,5509,720099,2025-01-14 05:12:13.421222,smartphone,Tablet,Homepage,True,"['iPhone 15', 'Samsung Galaxy S24', 'Google Pixel 8']",1.05,True,Google Pixel 8,False
127,1762,830960,2025-01-15 17:38:28.421222,phone case,Mobile,Category Page,True,"['OtterBox Defender', 'Spigen Tough Armor', 'Apple Silicone Case']",1.99,True,Apple Silicone Case,False
128,6327,241162,2025-01-06 13:51:02.421222,coffee mug,Mobile,Product Page,True,"['Ceramic Mug', 'Travel Mug', 'Insulated Mug']",0.79,True,Insulated Mug,False
129,7280,659576,2025-01-24 19:38:59.421222,phone case,Mobile,Product Page,True,"['OtterBox Defender', 'Spigen Tough Armor', 'Apple Silicone Case']",1.86,True,OtterBox Defender,False
130,2275,458772,2025-01-08 15:22:34.421222,socks,Desktop,Homepage,False,[],0.7,False,,False
131,4192,446057,2025-01-22 08:47:23.421222,headphones,Desktop,Product Page,True,"['Sony WH-1000XM5', 'Bose 700', 'Sennheiser Momentum 4']",1.31,True,Sony WH-1000XM5,False
132,8886,748538,2025-01-28 19:41:09.421222,phone case,Tablet,Product Page,True,"['OtterBox Defender', 'Spigen Tough Armor', 'Apple Silicone Case']",3.47,True,Spigen Tough Armor,False
133,7630,332699,2025-01-30 14:43:23.421222,external hard drive,Tablet,Product Page,True,"['Seagate 2TB', 'WD My Passport', 'Samsung T7']",0.48,True,Samsung T7,True
134,5332,521255,2025-01-21 17:14:20.421222,smartphone,Tablet,Product Page,True,"['iPhone 15', 'Samsung Galaxy S24', 'Google Pixel 8']",0.23,True,Samsung Galaxy S24,False
135,7538,352815,2025-01-15 23:44:33.421222,smartphone,Mobile,Product Page,True,"['iPhone 15', 'Samsung Galaxy S24', 'Google Pixel 8']",2.83,False,,False
136,2991,170501,2025-01-25 13:00:52.421222,headphones,Tablet,Category Page,True,"['Sony WH-1000XM5', 'Bose 700', 'Sennheiser Momentum 4']",0.7,True,Bose 700,False
137,7270,656621,2025-01-26 12:51:12.421222,wireless earbuds,Mobile,Product Page,True,"['AirPods Pro', 'Sony WF-1000XM4', 'Bose QuietComfort Earbuds']",0.2,True,Sony WF-1000XM4,False
138,9588,107753,2025-01-30 01:28:13.421222,laptop,Mobile,Product Page,True,"['Dell XPS 13', 'MacBook Air', 'HP Spectre x360']",2.2,True,HP Spectre x360,False
139,6051,64102,2025-01-22 02:35:36.421222,coffee mug,Desktop,Homepage,True,"['Ceramic Mug', 'Travel Mug', 'Insulated Mug']",2.05,True,Insulated Mug,False
140,8156,157091,2025-01-15 12:13:46.421222,smartphone,Desktop,Category Page,True,"['iPhone 15', 'Samsung Galaxy S24', 'Google Pixel 8']",0.77,False,,False
141,9479,368122,2025-01-09 05:29:16.421222,socks,Mobile,Product Page,False,[],2.19,False,,False
142,8957,929566,2025-01-30 16:02:00.421222,socks,Desktop,Homepage,False,[],0.39,False,,False
143,6325,116638,2025-01-12 11:55:12.421222,coffee mug,Mobile,Product Page,True,"['Ceramic Mug', 'Travel Mug', 'Insulated Mug']",2.94,True,Travel Mug,True
144,6402,438531,2025-01-22 02:56:58.421222,smartphone,Tablet,Homepage,True,"['iPhone 15', 'Samsung Galaxy S24', 'Google Pixel 8']",0.94,True,Samsung Galaxy S24,False
145,1176,929357,2025-01-12 06:40:38.421222,gaming chair,Tablet,Homepage,True,"['DXRacer', 'Secretlab Titan', 'Razer Iskur']",1.54,False,,False
146,1131,977187,2025-01-14 20:37:39.421222,phone case,Desktop,Category Page,True,"['OtterBox Defender', 'Spigen Tough Armor', 'Apple Silicone Case']",3.27,True,OtterBox Defender,False
147,7767,191842,2025-01-12 02:21:54.421222,water bottle,Tablet,Product Page,False,[],3.15,False,,False
148,8434,582510,2025-01-26 01:26:07.421222,smartphone,Desktop,Product Page,True,"['iPhone 15', 'Samsung Galaxy S24', 'Google Pixel 8']",0.62,False,,False
149,5869,350090,2025-01-23 09:55:39.421222,laptop,Tablet,Product Page,True,"['Dell XPS 13', 'MacBook Air', 'HP Spectre x360']",1.74,True,Dell XPS 13,False
150,6781,233868,2025-01-06 21:37:00.421222,laptop,Mobile,Homepage,True,"['Dell XPS 13', 'MacBook Air', 'HP Spectre x360']",2.0,True,MacBook Air,False
151,5833,972339,2025-01-07 03:54:18.421222,water bottle,Mobile,Category Page,False,[],1.86,False,,False
152,3900,99069,2025-01-10 23:21:13.421222,water bottle,Desktop,Category Page,False,[],3.29,False,,False
153,8036,239470,2025-01-25 16:25:27.421222,gaming chair,Tablet,Product Page,True,"['DXRacer', 'Secretlab Titan', 'Razer Iskur']",2.94,False,,False
154,7989,635821,2025-01-06 02:21:19.421222,mouse,Desktop,Product Page,True,"['Logitech MX Master 3', 'Razer DeathAdder', 'SteelSeries Rival 5']",2.19,True,SteelSeries Rival 5,True
155,9256,923572,2025-01-07 13:04:52.421222,laptop,Tablet,Homepage,True,"['Dell XPS 13', 'MacBook Air', 'HP Spectre x360']",2.83,False,,False
156,7980,911746,2025-01-17 16:13:57.421222,laptop,Tablet,Homepage,True,"['Dell XPS 13', 'MacBook Air', 'HP Spectre x360']",0.84,True,HP Spectre x360,True
157,9731,889547,2025-01-20 03:56:57.421222,headphones,Desktop,Homepage,True,"['Sony WH-1000XM5', 'Bose 700', 'Sennheiser Momentum 4']",2.0,True,Bose 700,False
158,8783,408970,2025-01-19 19:53:55.421222,shoes,Desktop,Category Page,False,[],3.31,False,,False
159,7992,343280,2025-01-30 03:14:13.421222,laptop,Tablet,Product Page,True,"['Dell XPS 13', 'MacBook Air', 'HP Spectre x360']",0.55,True,Dell XPS 13,False
160,9949,344682,2025-01-12 20:25:32.421222,water bottle,Desktop,Category Page,False,[],1.17,False,,False
161,4852,150213,2025-01-22 07:57:26.421222,wireless earbuds,Tablet,Homepage,True,"['AirPods Pro', 'Sony WF-1000XM4', 'Bose QuietComfort Earbuds']",0.22,True,Bose QuietComfort Earbuds,False
162,6805,797901,2025-01-23 16:01:40.421222,shoes,Mobile,Category Page,False,[],2.46,False,,False
163,5272,385149,2025-02-03 17:49:57.421222,wireless earbuds,Tablet,Category Page,True,"['AirPods Pro', 'Sony WF-1000XM4', 'Bose QuietComfort Earbuds']",2.59,True,Sony WF-1000XM4,True
164,7044,848110,2025-01-31 23:53:23.421222,dresses,Mobile,Product Page,False,[],2.86,False,,False
165,3606,969259,2025-01-20 13:08:35.421222,socks,Mobile,Category Page,False,[],3.49,False,,False
166,4631,141917,2025-01-27 18:10:17.421222,dresses,Desktop,Homepage,False,[],2.67,False,,False
167,1009,63664,2025-01-06 17:32:04.421222,coffee mug,Desktop,Homepage,True,"['Ceramic Mug', 'Travel Mug', 'Insulated Mug']",1.52,True,Ceramic Mug,False
168,1978,246626,2025-01-20 12:21:55.421222,smartphone,Mobile,Category Page,True,"['iPhone 15', 'Samsung Galaxy S24', 'Google Pixel 8']",2.08,True,Samsung Galaxy S24,False
169,4335,743448,2025-01-28 07:33:51.421222,wireless earbuds,Desktop,Product Page,True,"['AirPods Pro', 'Sony WF-1000XM4', 'Bose QuietComfort Earbuds']",1.75,True,Bose QuietComfort Earbuds,False
170,5404,477521,2025-01-30 04:32:01.421222,laptop,Tablet,Category Page,True,"['Dell XPS 13', 'MacBook Air', 'HP Spectre x360']",3.45,True,HP Spectre x360,False
171,7095,961351,2025-01-28 21:00:51.421222,shoes,Mobile,Homepage,False,[],0.65,False,,False
172,2522,562404,2025-01-20 15:07:25.421222,coffee mug,Tablet,Product Page,True,"['Ceramic Mug', 'Travel Mug', 'Insulated Mug']",2.34,True,Travel Mug,False
173,3407,270538,2025-01-15 00:32:56.421222,gaming chair,Mobile,Homepage,True,"['DXRacer', 'Secretlab Titan', 'Razer Iskur']",3.26,True,DXRacer,False
174,2909,510306,2025-01-21 21:52:04.421222,smartphone,Mobile,Homepage,True,"['iPhone 15', 'Samsung Galaxy S24', 'Google Pixel 8']",1.26,True,Samsung Galaxy S24,False
175,9042,588460,2025-01-22 11:40:08.421222,external hard drive,Mobile,Category Page,True,"['Seagate 2TB', 'WD My Passport', 'Samsung T7']",1.51,False,,False
176,1851,139675,2025-01-19 10:11:28.421222,socks,Tablet,Homepage,False,[],0.47,False,,False
177,6884,857754,2025-01-16 06:01:29.421222,dresses,Desktop,Category Page,False,[],2.87,False,,False
178,2475,115515,2025-01-23 03:02:00.421222,water bottle,Desktop,Product Page,False,[],2.91,False,,False
179,5096,948043,2025-01-23 11:35:17.421222,external hard drive,Desktop,Category Page,True,"['Seagate 2TB', 'WD My Passport', 'Samsung T7']",1.61,True,WD My Passport,False
180,3925,430257,2025-01-20 20:04:05.421222,phone case,Mobile,Product Page,True,"['OtterBox Defender', 'Spigen Tough Armor', 'Apple Silicone Case']",3.43,True,Apple Silicone Case,False
181,1649,433978,2025-01-20 01:54:31.421222,water bottle,Desktop,Category Page,False,[],1.37,False,,False
182,6711,254536,2025-01-30 06:57:40.421222,phone case,Mobile,Product Page,True,"['OtterBox Defender', 'Spigen Tough Armor', 'Apple Silicone Case']",0.74,True,Apple Silicone Case,False
183,1549,366383,2025-02-01 09:02:22.421222,socks,Tablet,Homepage,False,[],2.06,False,,False
184,8067,546979,2025-01-20 12:06:07.421222,mouse,Desktop,Product Page,True,"['Logitech MX Master 3', 'Razer DeathAdder', 'SteelSeries Rival 5']",1.81,False,,False
185,1173,780048,2025-01-17 02:00:58.421222,smartphone,Tablet,Product Page,True,"['iPhone 15', 'Samsung Galaxy S24', 'Google Pixel 8']",0.64,True,Google Pixel 8,False
186,5597,881217,2025-01-19 09:00:51.421222,laptop,Tablet,Homepage,True,"['Dell XPS 13', 'MacBook Air', 'HP Spectre x360']",1.93,True,Dell XPS 13,False
187,3343,92190,2025-01-15 04:32:41.421222,shoes,Tablet,Category Page,False,[],1.25,False,,False
188,9753,770503,2025-01-22 00:24:18.421222,shoes,Desktop,Homepage,False,[],1.68,False,,False
189,3527,307313,2025-02-02 14:01:02.421222,dresses,Tablet,Category Page,False,[],2.65,False,,False
190,6612,159870,2025-01-18 16:58:09.421222,gaming chair,Tablet,Category Page,True,"['DXRacer', 'Secretlab Titan', 'Razer Iskur']",2.64,True,DXRacer,False
191,5975,267795,2025-01-28 20:23:54.421222,mouse,Tablet,Product Page,True,"['Logitech MX Master 3', 'Razer DeathAdder', 'SteelSeries Rival 5']",0.52,True,Logitech MX Master 3,True
192,4946,108543,2025-01-07 09:45:59.421222,socks,Desktop,Category Page,False,[],1.41,False,,False
193,7839,829889,2025-01-28 02:46:59.421222,mouse,Desktop,Category Page,True,"['Logitech MX Master 3', 'Razer DeathAdder', 'SteelSeries Rival 5']",0.58,False,,False
194,8951,151939,2025-01-10 12:15:59.421222,dresses,Mobile,Product Page,False,[],2.39,False,,False
195,2196,393822,2025-01-09 17:11:48.421222,gaming chair,Desktop,Product Page,True,"['DXRacer', 'Secretlab Titan', 'Razer Iskur']",1.07,True,DXRacer,False
196,2480,322535,2025-01-21 10:41:26.421222,smartphone,Mobile,Category Page,True,"['iPhone 15', 'Samsung Galaxy S24', 'Google Pixel 8']",2.44,True,Google Pixel 8,True
197,5417,577679,2025-01-11 09:29:51.421222,water bottle,Desktop,Category Page,False,[],0.73,False,,False
198,1475,635311,2025-01-20 01:31:04.421222,socks,Mobile,Category Page,False,[],1.1,False,,False
199,4511,61917,2025-01-21 00:42:50.421222,wireless earbuds,Mobile,Product Page,True,"['AirPods Pro', 'Sony WF-1000XM4', 'Bose QuietComfort Earbuds']",0.25,False,,False
200,1022,847797,2025-02-04 03:18:06.421222,laptop,Desktop,Homepage,True,"['Dell XPS 13', 'MacBook Air', 'HP Spectre x360']",0.89,True,HP Spectre x360,False
201,1377,522160,2025-02-02 00:43:11.421222,dresses,Mobile,Homepage,False,[],0.6,False,,False
202,6924,746024,2025-01-20 16:58:05.421222,shoes,Tablet,Homepage,False,[],3.04,False,,False
203,3460,165910,2025-01-17 05:25:16.421222,keyboard,Tablet,Category Page,True,"['Logitech MX Keys', 'Razer BlackWidow', 'Corsair K95']",2.1,True,Razer BlackWidow,True
204,4370,943547,2025-01-21 11:19:14.421222,shoes,Tablet,Category Page,False,[],2.45,False,,False
205,9292,172238,2025-01-17 08:40:00.421222,laptop,Desktop,Product Page,True,"['Dell XPS 13', 'MacBook Air', 'HP Spectre x360']",1.26,True,MacBook Air,False
206,7778,310286,2025-01-09 04:03:55.421222,wireless earbuds,Desktop,Category Page,True,"['AirPods Pro', 'Sony WF-1000XM4', 'Bose QuietComfort Earbuds']",2.31,False,,False
207,9344,170594,2025-01-19 15:03:55.421222,gaming chair,Desktop,Product Page,True,"['DXRacer', 'Secretlab Titan', 'Razer Iskur']",3.45,False,,False
208,3402,814998,2025-01-05 18:47:15.421222,gaming chair,Tablet,Category Page,True,"['DXRacer', 'Secretlab Titan', 'Razer Iskur']",2.03,True,Razer Iskur,False
209,7888,332130,2025-01-18 01:56:11.421222,coffee mug,Tablet,Category Page,True,"['Ceramic Mug', 'Travel Mug', 'Insulated Mug']",1.01,False,,False
210,9246,447612,2025-01-16 00:40:55.421222,shoes,Desktop,Product Page,False,[],2.47,False,,False
211,7149,685885,2025-01-24 16:18:44.421222,mouse,Desktop,Category Page,True,"['Logitech MX Master 3', 'Razer DeathAdder', 'SteelSeries Rival 5']",3.03,True,Logitech MX Master 3,False
212,2440,728429,2025-01-07 00:37:40.421222,coffee mug,Desktop,Product Page,True,"['Ceramic Mug', 'Travel Mug', 'Insulated Mug']",3.16,False,,False
213,7108,62825,2025-01-30 15:18:41.421222,smartphone,Mobile,Homepage,True,"['iPhone 15', 'Samsung Galaxy S24', 'Google Pixel 8']",1.12,True,Samsung Galaxy S24,False
214,9612,796918,2025-01-19 13:12:48.421222,phone case,Desktop,Product Page,True,"['OtterBox Defender', 'Spigen Tough Armor', 'Apple Silicone Case']",0.81,False,,False
215,5588,692603,2025-01-26 05:02:32.421222,mouse,Desktop,Homepage,True,"['Logitech MX Master 3', 'Razer DeathAdder', 'SteelSeries Rival 5']",2.59,True,Razer DeathAdder,False
216,8042,441430,2025-02-02 08:57:15.421222,keyboard,Mobile,Homepage,True,"['Logitech MX Keys', 'Razer BlackWidow', 'Corsair K95']",1.92,True,Corsair K95,False
217,2596,621208,2025-01-15 16:43:35.421222,phone case,Mobile,Homepage,True,"['OtterBox Defender', 'Spigen Tough Armor', 'Apple Silicone Case']",2.9,False,,False
218,1970,852987,2025-01-15 00:28:41.421222,wireless earbuds,Mobile,Product Page,True,"['AirPods Pro', 'Sony WF-1000XM4', 'Bose QuietComfort Earbuds']",1.74,False,,False
219,8322,746616,2025-01-11 19:32:22.421222,headphones,Mobile,Category Page,True,"['Sony WH-1000XM5', 'Bose 700', 'Sennheiser Momentum 4']",0.91,True,Sony WH-1000XM5,True
220,7457,566065,2025-01-09 14:37:58.421222,mouse,Tablet,Product Page,True,"['Logitech MX Master 3', 'Razer DeathAdder', 'SteelSeries Rival 5']",1.64,False,,False
221,3459,303809,2025-01-17 21:43:18.421222,laptop,Mobile,Product Page,True,"['Dell XPS 13', 'MacBook Air', 'HP Spectre x360']",2.25,True,Dell XPS 13,False
222,1022,225475,2025-01-13 06:16:04.421222,wireless earbuds,Mobile,Homepage,True,"['AirPods Pro', 'Sony WF-1000XM4', 'Bose QuietComfort Earbuds']",0.96,True,AirPods Pro,False
223,6373,891500,2025-01-18 22:45:23.421222,smartphone,Desktop,Homepage,True,"['iPhone 15', 'Samsung Galaxy S24', 'Google Pixel 8']",1.89,False,,False
224,6453,671227,2025-01-13 18:12:04.421222,socks,Desktop,Homepage,False,[],1.8,False,,False
225,6880,542132,2025-01-09 10:04:38.421222,socks,Mobile,Homepage,False,[],3.26,False,,False
226,7880,682300,2025-01-17 18:40:58.421222,smartphone,Mobile,Product Page,True,"['iPhone 15', 'Samsung Galaxy S24', 'Google Pixel 8']",2.72,True,iPhone 15,False
227,4928,242367,2025-01-20 10:57:48.421222,external hard drive,Desktop,Product Page,True,"['Seagate 2TB', 'WD My Passport', 'Samsung T7']",2.71,False,,False
228,6477,813660,2025-01-16 03:51:06.421222,gaming chair,Desktop,Product Page,True,"['DXRacer', 'Secretlab Titan', 'Razer Iskur']",1.27,True,Razer Iskur,False
229,1183,475522,2025-01-25 18:45:44.421222,dresses,Mobile,Product Page,False,[],1.89,False,,False
230,3691,665891,2025-01-07 09:21:51.421222,gaming chair,Mobile,Homepage,True,"['DXRacer', 'Secretlab Titan', 'Razer Iskur']",2.66,True,Secretlab Titan,False
231,6192,328011,2025-01-29 09:04:39.421222,laptop,Mobile,Homepage,True,"['Dell XPS 13', 'MacBook Air', 'HP Spectre x360']",0.61,True,MacBook Air,False
232,6181,333452,2025-01-25 04:34:32.421222,coffee mug,Mobile,Product Page,True,"['Ceramic Mug', 'Travel Mug', 'Insulated Mug']",3.02,True,Ceramic Mug,False
233,7713,448608,2025-01-21 15:26:50.421222,wireless earbuds,Tablet,Product Page,True,"['AirPods Pro', 'Sony WF-1000XM4', 'Bose QuietComfort Earbuds']",2.12,True,Sony WF-1000XM4,False
234,1086,226622,2025-01-22 03:17:16.421222,socks,Desktop,Homepage,False,[],3.15,False,,False
235,2228,286158,2025-01-05 12:07:10.421222,water bottle,Tablet,Product Page,False,[],2.05,False,,False
236,2100,914463,2025-01-26 17:08:00.421222,laptop,Tablet,Homepage,True,"['Dell XPS 13', 'MacBook Air', 'HP Spectre x360']",1.09,False,,False
237,6514,128177,2025-01-21 09:27:48.421222,wireless earbuds,Desktop,Category Page,True,"['AirPods Pro', 'Sony WF-1000XM4', 'Bose QuietComfort Earbuds']",2.52,False,,False
238,7061,758310,2025-01-22 21:14:23.421222,dresses,Desktop,Product Page,False,[],2.39,False,,False
239,8042,976189,2025-01-30 07:51:13.421222,external hard drive,Mobile,Homepage,True,"['Seagate 2TB', 'WD My Passport', 'Samsung T7']",1.91,False,,False
240,2775,635278,2025-02-03 05:01:31.421222,headphones,Desktop,Homepage,True,"['Sony WH-1000XM5', 'Bose 700', 'Sennheiser Momentum 4']",1.48,False,,False
241,4140,144908,2025-01-14 23:25:03.421222,smartphone,Mobile,Product Page,True,"['iPhone 15', 'Samsung Galaxy S24', 'Google Pixel 8']",0.92,True,Google Pixel 8,False
242,3260,211220,2025-02-03 05:56:17.421222,mouse,Tablet,Homepage,True,"['Logitech MX Master 3', 'Razer DeathAdder', 'SteelSeries Rival 5']",2.05,False,,False
243,7080,995399,2025-01-14 15:02:43.421222,gaming chair,Tablet,Homepage,True,"['DXRacer', 'Secretlab Titan', 'Razer Iskur']",2.31,True,Secretlab Titan,False
244,8646,741803,2025-01-31 04:47:42.421222,wireless earbuds,Tablet,Category Page,True,"['AirPods Pro', 'Sony WF-1000XM4', 'Bose QuietComfort Earbuds']",1.4,True,AirPods Pro,True
245,3579,122334,2025-02-04 05:11:04.421222,external hard drive,Mobile,Category Page,True,"['Seagate 2TB', 'WD My Passport', 'Samsung T7']",2.26,True,Samsung T7,True
246,5449,191712,2025-01-31 10:21:19.421222,keyboard,Desktop,Homepage,True,"['Logitech MX Keys', 'Razer BlackWidow', 'Corsair K95']",3.37,False,,False
247,1839,349626,2025-01-06 03:06:15.421222,coffee mug,Desktop,Product Page,True,"['Ceramic Mug', 'Travel Mug', 'Insulated Mug']",1.3,True,Ceramic Mug,False
248,1313,968663,2025-01-29 22:53:57.421222,headphones,Tablet,Category Page,True,"['Sony WH-1000XM5', 'Bose 700', 'Sennheiser Momentum 4']",0.56,True,Sennheiser Momentum 4,True
249,6626,791676,2025-01-22 15:24:28.421222,phone case,Desktop,Product Page,True,"['OtterBox Defender', 'Spigen Tough Armor', 'Apple Silicone Case']",1.08,True,Spigen Tough Armor,False
250,9187,292416,2025-01-29 10:56:52.421222,mouse,Desktop,Category Page,True,"['Logitech MX Master 3', 'Razer DeathAdder', 'SteelSeries Rival 5']",1.17,True,SteelSeries Rival 5,False
251,3194,640979,2025-01-31 06:04:26.421222,gaming chair,Mobile,Homepage,True,"['DXRacer', 'Secretlab Titan', 'Razer Iskur']",2.19,True,Razer Iskur,False
252,5686,792925,2025-01-09 17:06:51.421222,water bottle,Tablet,Product Page,False,[],3.05,False,,False
253,5245,201296,2025-01-06 06:05:36.421222,water bottle,Mobile,Category Page,False,[],1.52,False,,False
254,6341,811333,2025-01-11 00:02:36.421222,phone case,Mobile,Product Page,True,"['OtterBox Defender', 'Spigen Tough Armor', 'Apple Silicone Case']",3.38,True,Spigen Tough Armor,False
255,4615,454417,2025-01-26 04:36:33.421222,phone case,Tablet,Homepage,True,"['OtterBox Defender', 'Spigen Tough Armor', 'Apple Silicone Case']",1.02,False,,False
256,2944,955801,2025-01-26 13:04:13.421222,smartphone,Desktop,Product Page,True,"['iPhone 15', 'Samsung Galaxy S24', 'Google Pixel 8']",3.11,False,,False
257,3210,805937,2025-01-12 23:54:52.421222,wireless earbuds,Tablet,Product Page,True,"['AirPods Pro', 'Sony WF-1000XM4', 'Bose QuietComfort Earbuds']",2.28,True,Sony WF-1000XM4,False
258,3978,970189,2025-01-11 23:13:20.421222,socks,Mobile,Category Page,False,[],1.83,False,,False
259,2778,284191,2025-01-12 00:16:40.421222,headphones,Tablet,Homepage,True,"['Sony WH-1000XM5', 'Bose 700', 'Sennheiser Momentum 4']",0.21,True,Sony WH-1000XM5,True
260,7398,794794,2025-01-06 17:42:35.421222,phone case,Mobile,Homepage,True,"['OtterBox Defender', 'Spigen Tough Armor', 'Apple Silicone Case']",0.4,True,Apple Silicone Case,False
261,2509,453996,2025-01-13 18:48:24.421222,socks,Desktop,Category Page,False,[],1.51,False,,False
262,6330,393275,2025-01-23 15:57:07.421222,laptop,Tablet,Product Page,True,"['Dell XPS 13', 'MacBook Air', 'HP Spectre x360']",0.39,False,,False
263,8780,172031,2025-01-16 22:53:02.421222,gaming chair,Mobile,Category Page,True,"['DXRacer', 'Secretlab Titan', 'Razer Iskur']",0.4,True,Razer Iskur,False
264,7209,565183,2025-01-29 04:16:51.421222,external hard drive,Desktop,Product Page,True,"['Seagate 2TB', 'WD My Passport', 'Samsung T7']",0.42,True,Seagate 2TB,False
265,4577,580870,2025-01-14 02:26:56.421222,coffee mug,Desktop,Product Page,True,"['Ceramic Mug', 'Travel Mug', 'Insulated Mug']",3.0,False,,False
266,6816,625833,2025-01-13 18:40:32.421222,smartphone,Desktop,Homepage,True,"['iPhone 15', 'Samsung Galaxy S24', 'Google Pixel 8']",1.68,True,Google Pixel 8,False
267,5018,327640,2025-01-30 07:47:50.421222,mouse,Desktop,Product Page,True,"['Logitech MX Master 3', 'Razer DeathAdder', 'SteelSeries Rival 5']",2.08,False,,False
268,3124,112301,2025-01-06 04:15:52.421222,coffee mug,Mobile,Homepage,True,"['Ceramic Mug', 'Travel Mug', 'Insulated Mug']",1.07,True,Travel Mug,False
269,4429,135189,2025-01-10 10:45:42.421222,headphones,Tablet,Product Page,True,"['Sony WH-1000XM5', 'Bose 700', 'Sennheiser Momentum 4']",1.96,True,Sennheiser Momentum 4,False
270,4080,524202,2025-01-12 01:49:48.421222,smartphone,Desktop,Category Page,True,"['iPhone 15', 'Samsung Galaxy S24', 'Google Pixel 8']",2.32,True,Samsung Galaxy S24,False
271,4113,69322,2025-01-08 04:54:19.421222,mouse,Mobile,Homepage,True,"['Logitech MX Master 3', 'Razer DeathAdder', 'SteelSeries Rival 5']",1.43,False,,False
272,3903,391406,2025-01-20 06:38:42.421222,headphones,Mobile,Product Page,True,"['Sony WH-1000XM5', 'Bose 700', 'Sennheiser Momentum 4']",2.16,True,Sennheiser Momentum 4,False
273,1851,227203,2025-01-11 21:52:32.421222,gaming chair,Mobile,Category Page,True,"['DXRacer', 'Secretlab Titan', 'Razer Iskur']",2.93,True,Secretlab Titan,True
274,5181,692733,2025-02-02 08:34:12.421222,shoes,Desktop,Category Page,False,[],3.46,False,,False
275,1858,961549,2025-02-03 00:06:35.421222,gaming chair,Tablet,Category Page,True,"['DXRacer', 'Secretlab Titan', 'Razer Iskur']",0.6,False,,False
276,6213,280885,2025-01-29 18:47:29.421222,smartphone,Desktop,Category Page,True,"['iPhone 15', 'Samsung Galaxy S24', 'Google Pixel 8']",1.27,True,Samsung Galaxy S24,False
277,6627,353209,2025-01-15 18:29:37.421222,gaming chair,Tablet,Product Page,True,"['DXRacer', 'Secretlab Titan', 'Razer Iskur']",2.58,True,Secretlab Titan,False
278,8027,551644,2025-01-06 02:04:22.421222,gaming chair,Tablet,Category Page,True,"['DXRacer', 'Secretlab Titan', 'Razer Iskur']",2.34,False,,False
279,5772,197186,2025-01-21 19:22:37.421222,phone case,Desktop,Product Page,True,"['OtterBox Defender', 'Spigen Tough Armor', 'Apple Silicone Case']",1.46,True,Apple Silicone Case,True
280,6920,490617,2025-01-21 14:50:23.421222,socks,Desktop,Homepage,False,[],0.66,False,,False
281,4198,610503,2025-01-21 11:29:59.421222,smartphone,Mobile,Homepage,True,"['iPhone 15', 'Samsung Galaxy S24', 'Google Pixel 8']",2.14,False,,False
282,7471,478508,2025-01-14 00:28:23.421222,external hard drive,Mobile,Category Page,True,"['Seagate 2TB', 'WD My Passport', 'Samsung T7']",3.11,False,,False
283,8496,235115,2025-01-25 20:11:01.421222,headphones,Desktop,Homepage,True,"['Sony WH-1000XM5', 'Bose 700', 'Sennheiser Momentum 4']",0.75,True,Sony WH-1000XM5,False
284,6737,86039,2025-01-10 05:08:15.421222,mouse,Mobile,Category Page,True,"['Logitech MX Master 3', 'Razer DeathAdder', 'SteelSeries Rival 5']",1.0,True,Logitech MX Master 3,False
285,5987,301820,2025-02-01 05:41:40.421222,shoes,Tablet,Homepage,False,[],1.83,False,,False
286,9218,950417,2025-02-02 23:39:18.421222,headphones,Mobile,Homepage,True,"['Sony WH-1000XM5', 'Bose 700', 'Sennheiser Momentum 4']",2.77,True,Sennheiser Momentum 4,False
287,6617,568943,2025-01-16 17:34:42.421222,phone case,Tablet,Product Page,True,"['OtterBox Defender', 'Spigen Tough Armor', 'Apple Silicone Case']",2.09,False,,False
288,4336,467404,2025-01-07 21:37:37.421222,gaming chair,Tablet,Category Page,True,"['DXRacer', 'Secretlab Titan', 'Razer Iskur']",3.34,True,DXRacer,False
289,9838,334822,2025-01-25 02:26:32.421222,gaming chair,Mobile,Homepage,True,"['DXRacer', 'Secretlab Titan', 'Razer Iskur']",2.72,True,Secretlab Titan,True
290,7936,769727,2025-01-16 21:06:16.421222,laptop,Desktop,Homepage,True,"['Dell XPS 13', 'MacBook Air', 'HP Spectre x360']",2.08,True,HP Spectre x360,False
291,5823,922094,2025-01-16 18:42:26.421222,coffee mug,Tablet,Homepage,True,"['Ceramic Mug', 'Travel Mug', 'Insulated Mug']",1.33,False,,False
292,4095,458140,2025-01-31 08:15:57.421222,smartphone,Tablet,Homepage,True,"['iPhone 15', 'Samsung Galaxy S24', 'Google Pixel 8']",0.58,True,iPhone 15,False
293,6484,257110,2025-01-22 23:09:43.421222,water bottle,Mobile,Homepage,False,[],0.62,False,,False
294,2019,973407,2025-01-24 14:54:54.421222,laptop,Tablet,Homepage,True,"['Dell XPS 13', 'MacBook Air', 'HP Spectre x360']",1.27,True,HP Spectre x360,False
295,4895,733177,2025-01-07 05:11:45.421222,smartphone,Desktop,Product Page,True,"['iPhone 15', 'Samsung Galaxy S24', 'Google Pixel 8']",1.4,False,,False
296,8182,565075,2025-02-02 15:00:37.421222,coffee mug,Tablet,Homepage,True,"['Ceramic Mug', 'Travel Mug', 'Insulated Mug']",1.75,False,,False
297,9919,621687,2025-01-07 00:26:19.421222,gaming chair,Mobile,Homepage,True,"['DXRacer', 'Secretlab Titan', 'Razer Iskur']",0.96,True,Razer Iskur,True
298,4788,184851,2025-01-17 02:00:11.421222,water bottle,Tablet,Category Page,False,[],2.85,False,,False
299,9478,131311,2025-01-17 12:11:58.421222,dresses,Desktop,Category Page,False,[],2.96,False,,False
300,7531,226249,2025-01-15 00:41:11.421222,wireless earbuds,Desktop,Product Page,True,"['AirPods Pro', 'Sony WF-1000XM4', 'Bose QuietComfort Earbuds']",3.19,True,AirPods Pro,True
301,4944,383789,2025-01-18 09:27:51.421222,external hard drive,Desktop,Category Page,True,"['Seagate 2TB', 'WD My Passport', 'Samsung T7']",2.92,True,WD My Passport,False
302,4462,682722,2025-01-28 10:01:14.421222,shoes,Mobile,Homepage,False,[],0.22,False,,False
303,5513,325921,2025-01-17 18:42:36.421222,laptop,Desktop,Product Page,True,"['Dell XPS 13', 'MacBook Air', 'HP Spectre x360']",1.01,True,HP Spectre x360,False
304,5766,862865,2025-01-29 23:51:02.421222,dresses,Tablet,Homepage,False,[],1.86,False,,False
305,7971,946679,2025-01-29 19:19:42.421222,shoes,Tablet,Category Page,False,[],3.08,False,,False
306,8765,301168,2025-02-04 04:16:51.421222,external hard drive,Mobile,Product Page,True,"['Seagate 2TB', 'WD My Passport', 'Samsung T7']",1.42,True,Seagate 2TB,False
307,1797,156321,2025-01-11 22:48:13.421222,shoes,Mobile,Homepage,False,[],3.27,False,,False
308,9127,341717,2025-01-27 12:56:03.421222,phone case,Mobile,Product Page,True,"['OtterBox Defender', 'Spigen Tough Armor', 'Apple Silicone Case']",1.34,True,Apple Silicone Case,False
309,7783,260616,2025-01-25 01:47:58.421222,phone case,Desktop,Product Page,True,"['OtterBox Defender', 'Spigen Tough Armor', 'Apple Silicone Case']",2.54,False,,False
310,7278,554962,2025-01-20 01:35:43.421222,external hard drive,Desktop,Product Page,True,"['Seagate 2TB', 'WD My Passport', 'Samsung T7']",1.69,False,,False
311,4506,711546,2025-01-18 13:50:09.421222,keyboard,Mobile,Homepage,True,"['Logitech MX Keys', 'Razer BlackWidow', 'Corsair K95']",3.46,True,Razer BlackWidow,False
312,5765,714486,2025-01-24 19:11:52.421222,smartphone,Desktop,Product Page,True,"['iPhone 15', 'Samsung Galaxy S24', 'Google Pixel 8']",0.99,True,Samsung Galaxy S24,True
313,1810,380629,2025-01-20 02:19:47.421222,shoes,Mobile,Homepage,False,[],1.6,False,,False
314,6109,582902,2025-01-11 10:52:57.421222,laptop,Mobile,Product Page,True,"['Dell XPS 13', 'MacBook Air', 'HP Spectre x360']",0.9,True,MacBook Air,False
315,1944,381417,2025-01-29 17:13:10.421222,dresses,Mobile,Category Page,False,[],2.87,False,,False
316,6607,407570,2025-01-19 00:25:14.421222,mouse,Tablet,Homepage,True,"['Logitech MX Master 3', 'Razer DeathAdder', 'SteelSeries Rival 5']",2.2,True,SteelSeries Rival 5,False
317,5869,790168,2025-01-25 08:55:47.421222,socks,Desktop,Product Page,False,[],0.32,False,,False
318,4307,741795,2025-01-28 23:55:27.421222,laptop,Desktop,Product Page,True,"['Dell XPS 13', 'MacBook Air', 'HP Spectre x360']",1.51,False,,False
319,3130,249931,2025-01-18 00:59:51.421222,mouse,Mobile,Homepage,True,"['Logitech MX Master 3', 'Razer DeathAdder', 'SteelSeries Rival 5']",0.67,False,,False
320,1854,343820,2025-01-21 01:24:00.421222,mouse,Mobile,Product Page,True,"['Logitech MX Master 3', 'Razer DeathAdder', 'SteelSeries Rival 5']",3.15,True,SteelSeries Rival 5,False
321,9362,669551,2025-01-06 18:01:07.421222,headphones,Desktop,Category Page,True,"['Sony WH-1000XM5', 'Bose 700', 'Sennheiser Momentum 4']",3.1,True,Sony WH-1000XM5,False
322,3264,805079,2025-01-29 05:21:55.421222,smartphone,Desktop,Homepage,True,"['iPhone 15', 'Samsung Galaxy S24', 'Google Pixel 8']",2.11,False,,False
323,9852,491122,2025-02-01 18:53:13.421222,wireless earbuds,Mobile,Product Page,True,"['AirPods Pro', 'Sony WF-1000XM4', 'Bose QuietComfort Earbuds']",0.52,True,AirPods Pro,False
324,6780,99673,2025-01-19 04:44:44.421222,keyboard,Desktop,Product Page,True,"['Logitech MX Keys', 'Razer BlackWidow', 'Corsair K95']",2.68,False,,False
325,4547,507154,2025-01-22 05:18:12.421222,dresses,Mobile,Category Page,False,[],2.41,False,,False
326,8697,688275,2025-01-29 11:02:59.421222,mouse,Tablet,Homepage,True,"['Logitech MX Master 3', 'Razer DeathAdder', 'SteelSeries Rival 5']",2.63,True,SteelSeries Rival 5,False
327,3926,815337,2025-02-01 21:40:45.421222,wireless earbuds,Tablet,Category Page,True,"['AirPods Pro', 'Sony WF-1000XM4', 'Bose QuietComfort Earbuds']",1.49,True,Sony WF-1000XM4,False
328,8523,444292,2025-01-28 20:20:40.421222,mouse,Mobile,Homepage,True,"['Logitech MX Master 3', 'Razer DeathAdder', 'SteelSeries Rival 5']",2.11,True,SteelSeries Rival 5,False
329,6206,785102,2025-01-30 15:00:16.421222,phone case,Desktop,Homepage,True,"['OtterBox Defender', 'Spigen Tough Armor', 'Apple Silicone Case']",0.96,True,OtterBox Defender,False
330,9222,410726,2025-01-08 07:54:12.421222,smartphone,Mobile,Product Page,True,"['iPhone 15', 'Samsung Galaxy S24', 'Google Pixel 8']",3.32,True,iPhone 15,True
331,3267,662592,2025-01-25 04:50:07.421222,phone case,Desktop,Product Page,True,"['OtterBox Defender', 'Spigen Tough Armor', 'Apple Silicone Case']",3.01,True,OtterBox Defender,False
332,5964,657845,2025-01-26 04:33:31.421222,phone case,Desktop,Product Page,True,"['OtterBox Defender', 'Spigen Tough Armor', 'Apple Silicone Case']",2.66,True,Spigen Tough Armor,False
333,7954,559685,2025-01-15 16:03:14.421222,headphones,Mobile,Homepage,True,"['Sony WH-1000XM5', 'Bose 700', 'Sennheiser Momentum 4']",0.64,False,,False
334,1484,765403,2025-01-18 21:41:48.421222,dresses,Desktop,Homepage,False,[],2.19,False,,False
335,6909,812855,2025-01-21 19:03:05.421222,external hard drive,Tablet,Homepage,True,"['Seagate 2TB', 'WD My Passport', 'Samsung T7']",1.88,False,,False
336,3154,367189,2025-01-12 19:45:35.421222,mouse,Tablet,Product Page,True,"['Logitech MX Master 3', 'Razer DeathAdder', 'SteelSeries Rival 5']",2.57,False,,False
337,3041,457033,2025-01-10 20:22:15.421222,wireless earbuds,Tablet,Category Page,True,"['AirPods Pro', 'Sony WF-1000XM4', 'Bose QuietComfort Earbuds']",0.39,True,Bose QuietComfort Earbuds,False
338,5085,286751,2025-01-19 09:12:15.421222,shoes,Mobile,Product Page,False,[],2.51,False,,False
339,4840,551236,2025-02-04 07:57:46.421222,laptop,Tablet,Category Page,True,"['Dell XPS 13', 'MacBook Air', 'HP Spectre x360']",0.69,True,MacBook Air,False
340,9231,872238,2025-01-20 00:53:58.421222,keyboard,Desktop,Homepage,True,"['Logitech MX Keys', 'Razer BlackWidow', 'Corsair K95']",1.11,True,Razer BlackWidow,False
341,7174,808537,2025-01-08 16:00:43.421222,smartphone,Mobile,Product Page,True,"['iPhone 15', 'Samsung Galaxy S24', 'Google Pixel 8']",1.36,True,Samsung Galaxy S24,False
342,3095,825767,2025-01-06 16:31:41.421222,headphones,Desktop,Product Page,True,"['Sony WH-1000XM5', 'Bose 700', 'Sennheiser Momentum 4']",0.66,True,Sennheiser Momentum 4,False
343,1747,717260,2025-01-26 09:30:04.421222,phone case,Tablet,Product Page,True,"['OtterBox Defender', 'Spigen Tough Armor', 'Apple Silicone Case']",2.61,True,OtterBox Defender,True
344,6113,301854,2025-01-09 02:18:14.421222,keyboard,Tablet,Homepage,True,"['Logitech MX Keys', 'Razer BlackWidow', 'Corsair K95']",2.05,True,Razer BlackWidow,False
345,7798,717094,2025-02-03 17:55:33.421222,mouse,Desktop,Product Page,True,"['Logitech MX Master 3', 'Razer DeathAdder', 'SteelSeries Rival 5']",0.68,True,Logitech MX Master 3,False
346,2290,684044,2025-01-28 10:13:38.421222,keyboard,Tablet,Homepage,True,"['Logitech MX Keys', 'Razer BlackWidow', 'Corsair K95']",0.82,True,Logitech MX Keys,False
347,8609,759363,2025-01-12 20:57:45.421222,mouse,Tablet,Homepage,True,"['Logitech MX Master 3', 'Razer DeathAdder', 'SteelSeries Rival 5']",0.71,True,SteelSeries Rival 5,False
348,9742,492125,2025-01-29 01:51:30.421222,water bottle,Mobile,Homepage,False,[],0.64,False,,False
349,5104,222044,2025-01-13 03:09:46.421222,mouse,Desktop,Category Page,True,"['Logitech MX Master 3', 'Razer DeathAdder', 'SteelSeries Rival 5']",3.38,False,,False
350,5524,417671,2025-01-07 17:39:54.421222,keyboard,Tablet,Product Page,True,"['Logitech MX Keys', 'Razer BlackWidow', 'Corsair K95']",3.44,True,Razer BlackWidow,False
351,6345,782986,2025-01-29 08:11:40.421222,shoes,Mobile,Product Page,False,[],0.64,False,,False
352,3795,826486,2025-01-23 02:43:56.421222,phone case,Mobile,Homepage,True,"['OtterBox Defender', 'Spigen Tough Armor', 'Apple Silicone Case']",1.14,True,Apple Silicone Case,True
353,2840,363624,2025-01-09 02:40:33.421222,smartphone,Tablet,Category Page,True,"['iPhone 15', 'Samsung Galaxy S24', 'Google Pixel 8']",2.23,True,Google Pixel 8,True
354,9983,767099,2025-02-02 23:00:05.421222,smartphone,Tablet,Category Page,True,"['iPhone 15', 'Samsung Galaxy S24', 'Google Pixel 8']",2.05,False,,False
355,7811,400033,2025-01-31 22:31:36.421222,phone case,Mobile,Category Page,True,"['OtterBox Defender', 'Spigen Tough Armor', 'Apple Silicone Case']",1.2,True,OtterBox Defender,False
356,1366,75221,2025-01-10 18:24:43.421222,gaming chair,Desktop,Homepage,True,"['DXRacer', 'Secretlab Titan', 'Razer Iskur']",2.84,True,DXRacer,False
357,9543,298695,2025-01-16 11:20:54.421222,shoes,Tablet,Category Page,False,[],3.21,False,,False
358,9253,937957,2025-01-13 02:04:41.421222,phone case,Desktop,Homepage,True,"['OtterBox Defender', 'Spigen Tough Armor', 'Apple Silicone Case']",1.7,True,Spigen Tough Armor,True
359,6220,848255,2025-01-30 22:40:02.421222,gaming chair,Desktop,Product Page,True,"['DXRacer', 'Secretlab Titan', 'Razer Iskur']",0.67,True,Secretlab Titan,False
360,2621,811573,2025-01-09 05:49:59.421222,external hard drive,Mobile,Homepage,True,"['Seagate 2TB', 'WD My Passport', 'Samsung T7']",0.49,True,Seagate 2TB,False
361,8395,654106,2025-01-14 15:00:36.421222,shoes,Mobile,Category Page,False,[],0.68,False,,False
362,7942,474882,2025-01-13 23:12:48.421222,headphones,Mobile,Homepage,True,"['Sony WH-1000XM5', 'Bose 700', 'Sennheiser Momentum 4']",1.2,False,,False
363,9417,755361,2025-01-30 23:34:55.421222,socks,Tablet,Product Page,False,[],0.96,False,,False
364,6105,851506,2025-02-03 09:58:19.421222,socks,Tablet,Product Page,False,[],2.22,False,,False
365,1256,639666,2025-02-03 01:20:50.421222,shoes,Mobile,Category Page,False,[],3.06,False,,False
366,2778,721055,2025-01-08 11:34:22.421222,laptop,Tablet,Product Page,True,"['Dell XPS 13', 'MacBook Air', 'HP Spectre x360']",2.09,True,Dell XPS 13,False
367,5955,202285,2025-01-21 06:50:44.421222,wireless earbuds,Desktop,Product Page,True,"['AirPods Pro', 'Sony WF-1000XM4', 'Bose QuietComfort Earbuds']",3.43,False,,False
368,3979,593513,2025-01-05 10:48:46.421222,gaming chair,Tablet,Category Page,True,"['DXRacer', 'Secretlab Titan', 'Razer Iskur']",3.38,True,Razer Iskur,True
369,6252,286496,2025-01-18 06:22:09.421222,gaming chair,Tablet,Homepage,True,"['DXRacer', 'Secretlab Titan', 'Razer Iskur']",2.31,True,Secretlab Titan,False
370,4240,604017,2025-01-06 15:40:11.421222,external hard drive,Desktop,Product Page,True,"['Seagate 2TB', 'WD My Passport', 'Samsung T7']",1.8,True,Samsung T7,False
371,6134,661673,2025-01-08 14:56:19.421222,coffee mug,Mobile,Homepage,True,"['Ceramic Mug', 'Travel Mug', 'Insulated Mug']",2.85,True,Ceramic Mug,False
372,7404,765604,2025-01-23 14:12:58.421222,coffee mug,Tablet,Category Page,True,"['Ceramic Mug', 'Travel Mug', 'Insulated Mug']",3.42,True,Travel Mug,True
373,7692,863623,2025-01-26 23:22:01.421222,laptop,Desktop,Category Page,True,"['Dell XPS 13', 'MacBook Air', 'HP Spectre x360']",1.96,True,Dell XPS 13,False
374,5206,618249,2025-01-08 23:14:16.421222,mouse,Desktop,Homepage,True,"['Logitech MX Master 3', 'Razer DeathAdder', 'SteelSeries Rival 5']",1.98,True,SteelSeries Rival 5,True
375,9628,876171,2025-01-15 11:59:25.421222,shoes,Mobile,Product Page,False,[],3.08,False,,False
376,3205,961323,2025-01-17 10:24:30.421222,smartphone,Desktop,Product Page,True,"['iPhone 15', 'Samsung Galaxy S24', 'Google Pixel 8']",1.72,False,,False
377,1818,377720,2025-01-26 01:25:50.421222,laptop,Desktop,Product Page,True,"['Dell XPS 13', 'MacBook Air', 'HP Spectre x360']",2.7,True,HP Spectre x360,False
378,8006,608134,2025-02-04 00:39:48.421222,phone case,Desktop,Category Page,True,"['OtterBox Defender', 'Spigen Tough Armor', 'Apple Silicone Case']",0.73,True,Spigen Tough Armor,False
379,5840,342387,2025-02-02 11:36:27.421222,wireless earbuds,Mobile,Product Page,True,"['AirPods Pro', 'Sony WF-1000XM4', 'Bose QuietComfort Earbuds']",1.51,False,,False
380,6100,711775,2025-01-31 03:03:01.421222,coffee mug,Tablet,Category Page,True,"['Ceramic Mug', 'Travel Mug', 'Insulated Mug']",3.32,True,Insulated Mug,False
381,5717,642898,2025-01-24 09:16:32.421222,laptop,Desktop,Category Page,True,"['Dell XPS 13', 'MacBook Air', 'HP Spectre x360']",3.35,False,,False
382,5395,101341,2025-01-31 21:57:06.421222,headphones,Mobile,Category Page,True,"['Sony WH-1000XM5', 'Bose 700', 'Sennheiser Momentum 4']",0.67,True,Sony WH-1000XM5,False
383,1892,140102,2025-01-29 04:07:34.421222,water bottle,Mobile,Product Page,False,[],2.37,False,,False
384,4585,294101,2025-01-19 02:58:33.421222,mouse,Tablet,Homepage,True,"['Logitech MX Master 3', 'Razer DeathAdder', 'SteelSeries Rival 5']",2.44,True,Razer DeathAdder,False
385,4195,947997,2025-01-19 03:08:52.421222,mouse,Desktop,Homepage,True,"['Logitech MX Master 3', 'Razer DeathAdder', 'SteelSeries Rival 5']",2.2,True,Razer DeathAdder,True
386,7262,205422,2025-01-27 22:09:34.421222,dresses,Tablet,Product Page,False,[],2.45,False,,False
387,3382,929574,2025-01-31 04:24:37.421222,mouse,Tablet,Product Page,True,"['Logitech MX Master 3', 'Razer DeathAdder', 'SteelSeries Rival 5']",0.92,False,,False
388,1975,594584,2025-01-09 13:24:06.421222,laptop,Mobile,Homepage,True,"['Dell XPS 13', 'MacBook Air', 'HP Spectre x360']",0.81,True,MacBook Air,False
389,8586,167868,2025-01-09 14:28:17.421222,socks,Tablet,Product Page,False,[],2.04,False,,False
390,1993,376170,2025-01-30 22:20:43.421222,external hard drive,Desktop,Product Page,True,"['Seagate 2TB', 'WD My Passport', 'Samsung T7']",1.33,False,,False
391,9926,577199,2025-01-30 11:35:44.421222,external hard drive,Mobile,Homepage,True,"['Seagate 2TB', 'WD My Passport', 'Samsung T7']",1.87,False,,False
392,9968,186094,2025-01-17 10:35:29.421222,socks,Tablet,Homepage,False,[],0.22,False,,False
393,7887,576367,2025-01-12 06:21:43.421222,smartphone,Tablet,Product Page,True,"['iPhone 15', 'Samsung Galaxy S24', 'Google Pixel 8']",0.95,False,,False
394,8689,100727,2025-01-29 07:03:09.421222,wireless earbuds,Tablet,Category Page,True,"['AirPods Pro', 'Sony WF-1000XM4', 'Bose QuietComfort Earbuds']",2.69,True,Sony WF-1000XM4,False
395,8025,363381,2025-01-19 03:19:34.421222,dresses,Mobile,Category Page,False,[],2.31,False,,False
396,3714,805431,2025-01-15 05:18:38.421222,dresses,Desktop,Homepage,False,[],2.18,False,,False
397,2817,90129,2025-01-08 13:29:08.421222,headphones,Mobile,Product Page,True,"['Sony WH-1000XM5', 'Bose 700', 'Sennheiser Momentum 4']",1.69,True,Bose 700,True
398,2383,394312,2025-01-24 09:46:20.421222,smartphone,Mobile,Product Page,True,"['iPhone 15', 'Samsung Galaxy S24', 'Google Pixel 8']",1.9,True,iPhone 15,True
399,1255,520021,2025-01-13 20:32:29.421222,external hard drive,Mobile,Category Page,True,"['Seagate 2TB', 'WD My Passport', 'Samsung T7']",1.44,True,Samsung T7,True
400,2620,504742,2025-01-28 04:11:51.421222,laptop,Tablet,Product Page,True,"['Dell XPS 13', 'MacBook Air', 'HP Spectre x360']",3.09,False,,False
401,1899,369933,2025-01-28 03:45:16.421222,dresses,Desktop,Product Page,False,[],3.13,False,,False
402,5757,115371,2025-02-03 01:52:56.421222,dresses,Tablet,Category Page,False,[],2.63,False,,False
403,2829,891268,2025-02-03 11:28:07.421222,water bottle,Mobile,Category Page,False,[],1.66,False,,False
404,3008,392777,2025-02-03 10:02:19.421222,smartphone,Desktop,Category Page,True,"['iPhone 15', 'Samsung Galaxy S24', 'Google Pixel 8']",1.45,False,,False
405,6828,175567,2025-01-10 12:52:44.421222,external hard drive,Tablet,Product Page,True,"['Seagate 2TB', 'WD My Passport', 'Samsung T7']",3.05,False,,False
406,8576,704680,2025-01-17 05:04:09.421222,headphones,Desktop,Product Page,True,"['Sony WH-1000XM5', 'Bose 700', 'Sennheiser Momentum 4']",0.9,False,,False
407,6987,324949,2025-01-25 15:58:06.421222,wireless earbuds,Desktop,Category Page,True,"['AirPods Pro', 'Sony WF-1000XM4', 'Bose QuietComfort Earbuds']",0.91,False,,False
408,9332,68514,2025-01-15 08:53:13.421222,mouse,Desktop,Category Page,True,"['Logitech MX Master 3', 'Razer DeathAdder', 'SteelSeries Rival 5']",0.86,True,Razer DeathAdder,False
409,5423,773035,2025-01-23 04:25:00.421222,gaming chair,Desktop,Product Page,True,"['DXRacer', 'Secretlab Titan', 'Razer Iskur']",1.1,False,,False
410,7979,352263,2025-01-13 09:26:54.421222,gaming chair,Desktop,Homepage,True,"['DXRacer', 'Secretlab Titan', 'Razer Iskur']",0.21,True,DXRacer,False
411,2755,979211,2025-01-14 03:47:47.421222,keyboard,Tablet,Product Page,True,"['Logitech MX Keys', 'Razer BlackWidow', 'Corsair K95']",1.89,False,,False
412,1978,79738,2025-01-12 19:35:48.421222,smartphone,Desktop,Product Page,True,"['iPhone 15', 'Samsung Galaxy S24', 'Google Pixel 8']",0.38,True,iPhone 15,False
413,2545,177884,2025-02-03 00:11:59.421222,smartphone,Mobile,Category Page,True,"['iPhone 15', 'Samsung Galaxy S24', 'Google Pixel 8']",3.09,True,Google Pixel 8,False
414,8182,950870,2025-01-24 22:13:19.421222,wireless earbuds,Desktop,Homepage,True,"['AirPods Pro', 'Sony WF-1000XM4', 'Bose QuietComfort Earbuds']",1.15,True,AirPods Pro,False
415,9534,671216,2025-01-16 15:55:12.421222,mouse,Mobile,Category Page,True,"['Logitech MX Master 3', 'Razer DeathAdder', 'SteelSeries Rival 5']",1.15,True,Razer DeathAdder,False
416,9342,518154,2025-01-08 04:28:32.421222,headphones,Tablet,Product Page,True,"['Sony WH-1000XM5', 'Bose 700', 'Sennheiser Momentum 4']",0.71,False,,False
417,5149,910020,2025-01-29 14:48:30.421222,socks,Mobile,Category Page,False,[],0.74,False,,False
418,9139,124353,2025-02-02 05:33:53.421222,headphones,Desktop,Homepage,True,"['Sony WH-1000XM5', 'Bose 700', 'Sennheiser Momentum 4']",0.3,True,Sennheiser Momentum 4,True
419,6679,837234,2025-01-12 13:35:45.421222,headphones,Mobile,Homepage,True,"['Sony WH-1000XM5', 'Bose 700', 'Sennheiser Momentum 4']",3.33,True,Sennheiser Momentum 4,False
420,6371,988048,2025-01-08 02:41:01.421222,headphones,Desktop,Homepage,True,"['Sony WH-1000XM5', 'Bose 700', 'Sennheiser Momentum 4']",2.46,True,Sony WH-1000XM5,False
421,3595,611565,2025-01-29 14:23:29.421222,coffee mug,Desktop,Product Page,True,"['Ceramic Mug', 'Travel Mug', 'Insulated Mug']",2.77,True,Travel Mug,False
422,1550,436304,2025-01-07 03:15:20.421222,coffee mug,Mobile,Category Page,True,"['Ceramic Mug', 'Travel Mug', 'Insulated Mug']",1.72,False,,False
423,4974,105620,2025-01-06 00:11:48.421222,shoes,Tablet,Product Page,False,[],0.65,False,,False
424,5157,835722,2025-02-03 22:06:11.421222,smartphone,Mobile,Category Page,True,"['iPhone 15', 'Samsung Galaxy S24', 'Google Pixel 8']",1.47,True,Google Pixel 8,False
425,8988,707333,2025-01-18 09:08:14.421222,smartphone,Tablet,Product Page,True,"['iPhone 15', 'Samsung Galaxy S24', 'Google Pixel 8']",1.64,True,Samsung Galaxy S24,False
426,8050,711425,2025-01-12 08:27:28.421222,water bottle,Mobile,Category Page,False,[],0.76,False,,False
427,4276,802137,2025-01-09 10:03:00.421222,external hard drive,Desktop,Category Page,True,"['Seagate 2TB', 'WD My Passport', 'Samsung T7']",1.8,True,WD My Passport,False
428,7200,818259,2025-01-23 11:03:29.421222,laptop,Mobile,Category Page,True,"['Dell XPS 13', 'MacBook Air', 'HP Spectre x360']",2.87,True,HP Spectre x360,True
429,3009,677072,2025-01-23 00:03:54.421222,headphones,Mobile,Category Page,True,"['Sony WH-1000XM5', 'Bose 700', 'Sennheiser Momentum 4']",2.35,False,,False
430,2892,818889,2025-01-15 11:19:55.421222,smartphone,Tablet,Homepage,True,"['iPhone 15', 'Samsung Galaxy S24', 'Google Pixel 8']",0.44,False,,False
431,9348,908976,2025-01-11 08:55:19.421222,socks,Tablet,Homepage,False,[],3.38,False,,False
432,8370,704396,2025-01-27 07:05:52.421222,water bottle,Tablet,Homepage,False,[],1.28,False,,False
433,2844,214977,2025-01-14 03:14:36.421222,mouse,Desktop,Homepage,True,"['Logitech MX Master 3', 'Razer DeathAdder', 'SteelSeries Rival 5']",3.06,True,SteelSeries Rival 5,False
434,3121,941326,2025-01-11 19:06:36.421222,gaming chair,Mobile,Category Page,True,"['DXRacer', 'Secretlab Titan', 'Razer Iskur']",2.07,True,Secretlab Titan,True
435,7289,194266,2025-01-29 00:05:35.421222,dresses,Tablet,Product Page,False,[],2.66,False,,False
436,1978,470731,2025-01-19 09:24:42.421222,phone case,Mobile,Category Page,True,"['OtterBox Defender', 'Spigen Tough Armor', 'Apple Silicone Case']",1.77,True,Spigen Tough Armor,False
437,4999,585819,2025-01-25 10:03:22.421222,headphones,Mobile,Homepage,True,"['Sony WH-1000XM5', 'Bose 700', 'Sennheiser Momentum 4']",2.64,False,,False
438,1402,672236,2025-01-28 16:31:10.421222,mouse,Tablet,Product Page,True,"['Logitech MX Master 3', 'Razer DeathAdder', 'SteelSeries Rival 5']",1.46,True,SteelSeries Rival 5,False
439,2688,401574,2025-01-23 19:48:52.421222,coffee mug,Desktop,Product Page,True,"['Ceramic Mug', 'Travel Mug', 'Insulated Mug']",2.97,True,Insulated Mug,False
440,9606,81376,2025-01-23 23:03:45.421222,mouse,Mobile,Homepage,True,"['Logitech MX Master 3', 'Razer DeathAdder', 'SteelSeries Rival 5']",2.99,False,,False
441,3402,349266,2025-01-28 04:27:37.421222,smartphone,Mobile,Homepage,True,"['iPhone 15', 'Samsung Galaxy S24', 'Google Pixel 8']",1.25,True,Google Pixel 8,False
442,4080,791763,2025-01-21 05:21:57.421222,smartphone,Desktop,Homepage,True,"['iPhone 15', 'Samsung Galaxy S24', 'Google Pixel 8']",2.45,True,iPhone 15,False
443,2926,784716,2025-01-27 09:48:41.421222,keyboard,Mobile,Product Page,True,"['Logitech MX Keys', 'Razer BlackWidow', 'Corsair K95']",3.22,False,,False
444,3118,968774,2025-01-29 10:59:45.421222,external hard drive,Desktop,Homepage,True,"['Seagate 2TB', 'WD My Passport', 'Samsung T7']",1.18,True,Samsung T7,False
445,3441,178310,2025-01-11 09:44:52.421222,smartphone,Mobile,Product Page,True,"['iPhone 15', 'Samsung Galaxy S24', 'Google Pixel 8']",3.2,False,,False
446,8669,197176,2025-01-17 16:29:06.421222,dresses,Tablet,Product Page,False,[],1.75,False,,False
447,5627,63384,2025-01-10 11:13:00.421222,gaming chair,Desktop,Category Page,True,"['DXRacer', 'Secretlab Titan', 'Razer Iskur']",0.72,True,DXRacer,False
448,8045,127032,2025-01-11 17:13:50.421222,shoes,Mobile,Homepage,False,[],0.97,False,,False
449,5422,468134,2025-01-19 09:00:44.421222,phone case,Mobile,Product Page,True,"['OtterBox Defender', 'Spigen Tough Armor', 'Apple Silicone Case']",3.39,False,,False
450,9351,625998,2025-01-18 07:03:10.421222,keyboard,Mobile,Category Page,True,"['Logitech MX Keys', 'Razer BlackWidow', 'Corsair K95']",1.24,True,Logitech MX Keys,False
451,8471,639685,2025-01-09 07:11:04.421222,gaming chair,Mobile,Category Page,True,"['DXRacer', 'Secretlab Titan', 'Razer Iskur']",2.42,True,DXRacer,False
452,8745,136774,2025-01-18 08:09:46.421222,dresses,Tablet,Product Page,False,[],0.6,False,,False
453,7402,168911,2025-01-08 18:19:30.421222,socks,Mobile,Category Page,False,[],3.36,False,,False
454,8364,862211,2025-01-22 05:08:32.421222,external hard drive,Tablet,Category Page,True,"['Seagate 2TB', 'WD My Passport', 'Samsung T7']",0.23,True,Samsung T7,False
455,4828,973041,2025-01-29 21:28:13.421222,shoes,Desktop,Product Page,False,[],3.22,False,,False
456,7469,722837,2025-01-24 04:04:50.421222,wireless earbuds,Desktop,Homepage,True,"['AirPods Pro', 'Sony WF-1000XM4', 'Bose QuietComfort Earbuds']",2.07,True,Bose QuietComfort Earbuds,False
457,7006,796742,2025-01-16 19:59:21.421222,wireless earbuds,Mobile,Homepage,True,"['AirPods Pro', 'Sony WF-1000XM4', 'Bose QuietComfort Earbuds']",0.5,True,Bose QuietComfort Earbuds,True
458,3044,445840,2025-01-06 14:40:41.421222,socks,Desktop,Category Page,False,[],0.83,False,,False
459,8706,262474,2025-01-29 21:04:29.421222,phone case,Mobile,Homepage,True,"['OtterBox Defender', 'Spigen Tough Armor', 'Apple Silicone Case']",1.23,True,Apple Silicone Case,False
460,2388,413519,2025-01-20 04:48:02.421222,coffee mug,Desktop,Homepage,True,"['Ceramic Mug', 'Travel Mug', 'Insulated Mug']",0.92,True,Travel Mug,False
461,7572,310191,2025-01-24 15:10:29.421222,keyboard,Mobile,Category Page,True,"['Logitech MX Keys', 'Razer BlackWidow', 'Corsair K95']",2.6,True,Logitech MX Keys,False
462,4574,495098,2025-02-01 06:54:55.421222,laptop,Desktop,Category Page,True,"['Dell XPS 13', 'MacBook Air', 'HP Spectre x360']",3.35,True,MacBook Air,False
463,9540,909840,2025-01-19 17:00:08.421222,mouse,Mobile,Product Page,True,"['Logitech MX Master 3', 'Razer DeathAdder', 'SteelSeries Rival 5']",1.94,False,,False
464,2076,460163,2025-01-22 04:02:55.421222,gaming chair,Mobile,Category Page,True,"['DXRacer', 'Secretlab Titan', 'Razer Iskur']",0.51,False,,False
465,6895,50341,2025-01-29 12:24:10.421222,dresses,Tablet,Category Page,False,[],2.51,False,,False
466,5862,414581,2025-01-13 09:41:26.421222,external hard drive,Tablet,Product Page,True,"['Seagate 2TB', 'WD My Passport', 'Samsung T7']",1.13,True,Samsung T7,False
467,6540,706291,2025-01-29 07:14:09.421222,smartphone,Mobile,Category Page,True,"['iPhone 15', 'Samsung Galaxy S24', 'Google Pixel 8']",0.7,True,iPhone 15,False
468,3259,919341,2025-01-18 21:45:32.421222,gaming chair,Mobile,Category Page,True,"['DXRacer', 'Secretlab Titan', 'Razer Iskur']",2.36,True,Razer Iskur,False
469,4469,51537,2025-01-19 11:19:34.421222,mouse,Desktop,Homepage,True,"['Logitech MX Master 3', 'Razer DeathAdder', 'SteelSeries Rival 5']",2.59,True,SteelSeries Rival 5,False
470,5197,244459,2025-01-06 16:19:18.421222,water bottle,Tablet,Category Page,False,[],2.11,False,,False
471,2219,465623,2025-01-10 05:46:28.421222,keyboard,Desktop,Product Page,True,"['Logitech MX Keys', 'Razer BlackWidow', 'Corsair K95']",2.13,False,,False
472,8599,325483,2025-01-17 20:46:44.421222,dresses,Desktop,Category Page,False,[],0.38,False,,False
473,1772,713575,2025-01-25 14:54:05.421222,phone case,Tablet,Product Page,True,"['OtterBox Defender', 'Spigen Tough Armor', 'Apple Silicone Case']",1.68,True,Apple Silicone Case,False
474,5442,172188,2025-01-27 21:35:59.421222,mouse,Tablet,Product Page,True,"['Logitech MX Master 3', 'Razer DeathAdder', 'SteelSeries Rival 5']",2.13,True,Razer DeathAdder,False
475,6427,51196,2025-01-29 04:46:00.421222,gaming chair,Desktop,Category Page,True,"['DXRacer', 'Secretlab Titan', 'Razer Iskur']",0.92,True,Secretlab Titan,False
476,6973,123271,2025-01-16 16:40:00.421222,coffee mug,Desktop,Category Page,True,"['Ceramic Mug', 'Travel Mug', 'Insulated Mug']",3.48,True,Ceramic Mug,True
477,3627,172369,2025-01-28 12:36:50.421222,keyboard,Mobile,Homepage,True,"['Logitech MX Keys', 'Razer BlackWidow', 'Corsair K95']",0.49,True,Razer BlackWidow,False
478,7660,574937,2025-01-07 14:00:17.421222,laptop,Tablet,Homepage,True,"['Dell XPS 13', 'MacBook Air', 'HP Spectre x360']",3.43,True,HP Spectre x360,True
479,2195,295260,2025-01-22 20:51:34.421222,phone case,Tablet,Category Page,True,"['OtterBox Defender', 'Spigen Tough Armor', 'Apple Silicone Case']",3.12,True,Spigen Tough Armor,False
480,9954,395156,2025-02-04 01:23:12.421222,shoes,Tablet,Category Page,False,[],3.44,False,,False
481,2983,220544,2025-01-25 10:18:03.421222,laptop,Mobile,Category Page,True,"['Dell XPS 13', 'MacBook Air', 'HP Spectre x360']",2.4,False,,False
482,8136,430868,2025-01-29 11:26:43.421222,wireless earbuds,Mobile,Category Page,True,"['AirPods Pro', 'Sony WF-1000XM4', 'Bose QuietComfort Earbuds']",2.21,True,AirPods Pro,False
483,5909,176517,2025-01-31 07:09:07.421222,wireless earbuds,Mobile,Homepage,True,"['AirPods Pro', 'Sony WF-1000XM4', 'Bose QuietComfort Earbuds']",0.81,True,AirPods Pro,False
484,9868,235184,2025-01-29 15:02:42.421222,external hard drive,Tablet,Product Page,True,"['Seagate 2TB', 'WD My Passport', 'Samsung T7']",1.35,True,WD My Passport,False
485,5233,128960,2025-01-10 09:46:05.421222,coffee mug,Desktop,Category Page,True,"['Ceramic Mug', 'Travel Mug', 'Insulated Mug']",0.32,False,,False
486,7525,709940,2025-01-13 20:19:20.421222,wireless earbuds,Desktop,Homepage,True,"['AirPods Pro', 'Sony WF-1000XM4', 'Bose QuietComfort Earbuds']",1.66,True,AirPods Pro,False
487,7289,614521,2025-01-06 19:13:48.421222,keyboard,Desktop,Category Page,True,"['Logitech MX Keys', 'Razer BlackWidow', 'Corsair K95']",2.1,True,Corsair K95,False
488,4907,750842,2025-01-11 07:56:12.421222,laptop,Tablet,Category Page,True,"['Dell XPS 13', 'MacBook Air', 'HP Spectre x360']",1.52,True,MacBook Air,False
489,3387,371831,2025-01-28 14:27:26.421222,headphones,Desktop,Product Page,True,"['Sony WH-1000XM5', 'Bose 700', 'Sennheiser Momentum 4']",1.24,True,Sony WH-1000XM5,False
490,3855,147943,2025-01-26 01:12:38.421222,shoes,Desktop,Category Page,False,[],1.46,False,,False
491,4164,292568,2025-01-15 20:50:18.421222,wireless earbuds,Desktop,Product Page,True,"['AirPods Pro', 'Sony WF-1000XM4', 'Bose QuietComfort Earbuds']",2.8,False,,False
492,4455,130621,2025-01-17 19:07:36.421222,headphones,Mobile,Homepage,True,"['Sony WH-1000XM5', 'Bose 700', 'Sennheiser Momentum 4']",2.87,True,Bose 700,False
493,4428,157455,2025-02-01 18:20:12.421222,headphones,Mobile,Homepage,True,"['Sony WH-1000XM5', 'Bose 700', 'Sennheiser Momentum 4']",2.46,True,Sennheiser Momentum 4,False
494,5933,242159,2025-01-24 17:21:41.421222,dresses,Desktop,Product Page,False,[],3.05,False,,False
495,2030,879905,2025-01-11 07:54:39.421222,socks,Tablet,Category Page,False,[],0.43,False,,False
496,4422,922474,2025-01-21 02:51:46.421222,socks,Desktop,Category Page,False,[],1.38,False,,False
497,5432,543054,2025-01-16 22:05:46.421222,smartphone,Mobile,Category Page,True,"['iPhone 15', 'Samsung Galaxy S24', 'Google Pixel 8']",2.39,True,Samsung Galaxy S24,False
498,7385,759750,2025-01-27 16:51:17.421222,socks,Desktop,Homepage,False,[],1.61,False,,False
499,4342,686000,2025-01-07 23:53:05.421222,socks,Tablet,Category Page,False,[],2.75,False,,False
500,9328,845615,2025-01-19 03:01:02.421222,socks,Mobile,Product Page,False,[],1.42,False,,False
501,2866,417851,2025-01-16 15:45:35.421222,wireless earbuds,Desktop,Product Page,True,"['AirPods Pro', 'Sony WF-1000XM4', 'Bose QuietComfort Earbuds']",3.34,True,Bose QuietComfort Earbuds,False
502,6071,170250,2025-01-18 07:11:58.421222,external hard drive,Tablet,Product Page,True,"['Seagate 2TB', 'WD My Passport', 'Samsung T7']",1.61,True,Samsung T7,False
503,4348,444094,2025-01-13 16:18:44.421222,shoes,Mobile,Homepage,False,[],2.38,False,,False
504,8421,79291,2025-01-06 00:07:13.421222,phone case,Desktop,Homepage,True,"['OtterBox Defender', 'Spigen Tough Armor', 'Apple Silicone Case']",0.3,True,Spigen Tough Armor,False
505,9736,578660,2025-01-11 21:36:48.421222,shoes,Mobile,Category Page,False,[],1.33,False,,False
506,7731,568786,2025-01-16 02:09:03.421222,external hard drive,Desktop,Product Page,True,"['Seagate 2TB', 'WD My Passport', 'Samsung T7']",0.83,True,Seagate 2TB,False
507,8750,402881,2025-01-17 00:43:23.421222,keyboard,Desktop,Product Page,True,"['Logitech MX Keys', 'Razer BlackWidow', 'Corsair K95']",1.51,True,Logitech MX Keys,True
508,1202,828554,2025-01-21 04:43:53.421222,laptop,Desktop,Product Page,True,"['Dell XPS 13', 'MacBook Air', 'HP Spectre x360']",2.06,False,,False
509,3286,636162,2025-02-02 17:22:17.421222,gaming chair,Tablet,Product Page,True,"['DXRacer', 'Secretlab Titan', 'Razer Iskur']",2.16,True,Razer Iskur,False
510,4375,509197,2025-01-15 03:56:14.421222,socks,Desktop,Homepage,False,[],0.48,False,,False
511,5513,55830,2025-01-26 21:09:34.421222,water bottle,Mobile,Homepage,False,[],1.5,False,,False
512,4382,694496,2025-01-28 21:45:10.421222,external hard drive,Mobile,Category Page,True,"['Seagate 2TB', 'WD My Passport', 'Samsung T7']",3.06,False,,False
513,6309,77563,2025-02-02 15:40:03.421222,water bottle,Tablet,Category Page,False,[],0.26,False,,False
514,8053,103388,2025-01-30 00:15:14.421222,dresses,Desktop,Product Page,False,[],0.43,False,,False
515,9646,579850,2025-01-19 04:05:31.421222,laptop,Desktop,Homepage,True,"['Dell XPS 13', 'MacBook Air', 'HP Spectre x360']",1.79,True,MacBook Air,False
516,7703,74261,2025-01-14 22:30:29.421222,water bottle,Mobile,Homepage,False,[],2.54,False,,False
517,6655,882889,2025-01-29 13:36:38.421222,water bottle,Tablet,Category Page,False,[],0.4,False,,False
518,6007,773600,2025-01-22 23:34:56.421222,gaming chair,Tablet,Product Page,True,"['DXRacer', 'Secretlab Titan', 'Razer Iskur']",0.72,True,Razer Iskur,False
519,7806,218015,2025-01-10 19:08:05.421222,keyboard,Desktop,Category Page,True,"['Logitech MX Keys', 'Razer BlackWidow', 'Corsair K95']",3.27,True,Razer BlackWidow,True
520,5715,207788,2025-01-23 10:17:37.421222,headphones,Desktop,Homepage,True,"['Sony WH-1000XM5', 'Bose 700', 'Sennheiser Momentum 4']",1.91,True,Sony WH-1000XM5,False
521,3804,761807,2025-01-25 17:27:40.421222,external hard drive,Mobile,Homepage,True,"['Seagate 2TB', 'WD My Passport', 'Samsung T7']",0.9,False,,False
522,9125,739922,2025-01-09 00:36:02.421222,shoes,Mobile,Product Page,False,[],1.53,False,,False
523,2506,415341,2025-02-01 03:19:54.421222,smartphone,Tablet,Category Page,True,"['iPhone 15', 'Samsung Galaxy S24', 'Google Pixel 8']",3.04,False,,False
524,2965,609638,2025-01-17 03:21:06.421222,socks,Tablet,Product Page,False,[],3.48,False,,False
525,9565,711235,2025-01-26 04:13:45.421222,keyboard,Tablet,Category Page,True,"['Logitech MX Keys', 'Razer BlackWidow', 'Corsair K95']",3.18,True,Corsair K95,False
526,6933,304163,2025-01-18 09:52:07.421222,external hard drive,Tablet,Product Page,True,"['Seagate 2TB', 'WD My Passport', 'Samsung T7']",0.24,True,Samsung T7,False
527,6991,341038,2025-01-17 20:15:03.421222,headphones,Tablet,Category Page,True,"['Sony WH-1000XM5', 'Bose 700', 'Sennheiser Momentum 4']",2.79,True,Bose 700,True
528,4615,506719,2025-01-13 06:47:48.421222,dresses,Desktop,Homepage,False,[],1.48,False,,False
529,3562,233011,2025-01-21 19:15:50.421222,coffee mug,Desktop,Product Page,True,"['Ceramic Mug', 'Travel Mug', 'Insulated Mug']",0.93,False,,False
530,3516,393566,2025-02-03 16:56:18.421222,headphones,Desktop,Category Page,True,"['Sony WH-1000XM5', 'Bose 700', 'Sennheiser Momentum 4']",2.46,True,Sony WH-1000XM5,False
531,3008,237680,2025-01-08 02:42:23.421222,phone case,Desktop,Category Page,True,"['OtterBox Defender', 'Spigen Tough Armor', 'Apple Silicone Case']",1.08,True,Apple Silicone Case,False
532,8426,790427,2025-01-18 20:16:34.421222,keyboard,Mobile,Category Page,True,"['Logitech MX Keys', 'Razer BlackWidow', 'Corsair K95']",1.71,True,Corsair K95,False
533,1478,567083,2025-01-26 01:16:40.421222,wireless earbuds,Tablet,Category Page,True,"['AirPods Pro', 'Sony WF-1000XM4', 'Bose QuietComfort Earbuds']",2.98,True,Bose QuietComfort Earbuds,False
534,9742,189821,2025-01-26 09:56:37.421222,mouse,Tablet,Homepage,True,"['Logitech MX Master 3', 'Razer DeathAdder', 'SteelSeries Rival 5']",1.27,True,Razer DeathAdder,False
535,9760,822160,2025-02-01 04:41:01.421222,mouse,Mobile,Category Page,True,"['Logitech MX Master 3', 'Razer DeathAdder', 'SteelSeries Rival 5']",2.67,True,Logitech MX Master 3,True
536,3777,374105,2025-01-18 08:33:02.421222,gaming chair,Mobile,Category Page,True,"['DXRacer', 'Secretlab Titan', 'Razer Iskur']",0.23,True,DXRacer,False
537,9496,79311,2025-01-08 01:13:41.421222,headphones,Tablet,Homepage,True,"['Sony WH-1000XM5', 'Bose 700', 'Sennheiser Momentum 4']",1.75,True,Sennheiser Momentum 4,False
538,1471,720522,2025-01-23 18:09:00.421222,laptop,Mobile,Product Page,True,"['Dell XPS 13', 'MacBook Air', 'HP Spectre x360']",1.01,False,,False
539,4110,640073,2025-01-19 15:33:27.421222,shoes,Desktop,Category Page,False,[],2.81,False,,False
540,4607,966229,2025-01-23 23:26:12.421222,external hard drive,Mobile,Homepage,True,"['Seagate 2TB', 'WD My Passport', 'Samsung T7']",2.26,True,WD My Passport,False
541,6023,395493,2025-01-25 23:39:28.421222,mouse,Tablet,Homepage,True,"['Logitech MX Master 3', 'Razer DeathAdder', 'SteelSeries Rival 5']",1.14,False,,False
542,3406,871599,2025-01-18 19:18:29.421222,external hard drive,Desktop,Homepage,True,"['Seagate 2TB', 'WD My Passport', 'Samsung T7']",0.53,False,,False
543,5632,328943,2025-01-14 00:13:09.421222,external hard drive,Tablet,Category Page,True,"['Seagate 2TB', 'WD My Passport', 'Samsung T7']",1.83,True,WD My Passport,False
544,6488,137434,2025-01-22 19:27:18.421222,external hard drive,Desktop,Category Page,True,"['Seagate 2TB', 'WD My Passport', 'Samsung T7']",1.18,True,Samsung T7,False
545,8392,923943,2025-01-10 03:39:38.421222,phone case,Desktop,Homepage,True,"['OtterBox Defender', 'Spigen Tough Armor', 'Apple Silicone Case']",1.05,True,Spigen Tough Armor,False
546,6168,645726,2025-01-21 03:50:37.421222,coffee mug,Desktop,Category Page,True,"['Ceramic Mug', 'Travel Mug', 'Insulated Mug']",1.35,True,Insulated Mug,False
547,3622,165411,2025-01-08 17:29:50.421222,socks,Mobile,Product Page,False,[],3.33,False,,False
548,6137,573428,2025-01-27 21:15:14.421222,wireless earbuds,Mobile,Homepage,True,"['AirPods Pro', 'Sony WF-1000XM4', 'Bose QuietComfort Earbuds']",1.04,True,Bose QuietComfort Earbuds,False
549,9617,277412,2025-01-09 01:02:10.421222,external hard drive,Desktop,Product Page,True,"['Seagate 2TB', 'WD My Passport', 'Samsung T7']",0.53,True,Samsung T7,False
550,5595,845874,2025-01-19 11:55:38.421222,dresses,Mobile,Homepage,False,[],0.28,False,,False
551,1991,539013,2025-01-16 06:52:34.421222,gaming chair,Tablet,Homepage,True,"['DXRacer', 'Secretlab Titan', 'Razer Iskur']",2.91,False,,False
552,8621,257333,2025-01-09 05:47:50.421222,headphones,Desktop,Product Page,True,"['Sony WH-1000XM5', 'Bose 700', 'Sennheiser Momentum 4']",1.33,True,Sony WH-1000XM5,False
553,2877,860761,2025-02-02 14:14:00.421222,coffee mug,Tablet,Category Page,True,"['Ceramic Mug', 'Travel Mug', 'Insulated Mug']",3.0,False,,False
554,3126,632904,2025-01-23 11:08:14.421222,gaming chair,Tablet,Homepage,True,"['DXRacer', 'Secretlab Titan', 'Razer Iskur']",1.0,True,Razer Iskur,True
555,3130,237836,2025-02-02 20:46:54.421222,water bottle,Desktop,Homepage,False,[],0.64,False,,False
556,8700,849787,2025-01-30 04:55:07.421222,laptop,Tablet,Homepage,True,"['Dell XPS 13', 'MacBook Air', 'HP Spectre x360']",3.28,True,Dell XPS 13,False
557,2921,818044,2025-01-08 21:58:47.421222,coffee mug,Desktop,Product Page,True,"['Ceramic Mug', 'Travel Mug', 'Insulated Mug']",0.39,True,Insulated Mug,True
558,5095,478781,2025-01-15 09:18:06.421222,smartphone,Tablet,Homepage,True,"['iPhone 15', 'Samsung Galaxy S24', 'Google Pixel 8']",0.96,False,,False
559,7797,135910,2025-01-25 06:51:06.421222,water bottle,Desktop,Homepage,False,[],3.0,False,,False
560,4033,765312,2025-01-11 15:51:20.421222,socks,Mobile,Homepage,False,[],0.95,False,,False
561,5400,777989,2025-01-15 17:53:13.421222,smartphone,Mobile,Product Page,True,"['iPhone 15', 'Samsung Galaxy S24', 'Google Pixel 8']",1.74,False,,False
562,2231,430557,2025-01-17 14:18:10.421222,mouse,Tablet,Product Page,True,"['Logitech MX Master 3', 'Razer DeathAdder', 'SteelSeries Rival 5']",2.28,False,,False
563,5449,772842,2025-01-06 23:27:11.421222,smartphone,Tablet,Homepage,True,"['iPhone 15', 'Samsung Galaxy S24', 'Google Pixel 8']",3.35,True,Google Pixel 8,False
564,9786,287052,2025-01-07 10:01:57.421222,socks,Mobile,Product Page,False,[],3.34,False,,False
565,5653,140003,2025-01-10 04:25:41.421222,coffee mug,Mobile,Homepage,True,"['Ceramic Mug', 'Travel Mug', 'Insulated Mug']",1.9,False,,False
566,1171,666479,2025-02-01 09:12:55.421222,mouse,Tablet,Category Page,True,"['Logitech MX Master 3', 'Razer DeathAdder', 'SteelSeries Rival 5']",1.0,True,Razer DeathAdder,False
567,1904,862163,2025-02-02 01:56:38.421222,headphones,Desktop,Homepage,True,"['Sony WH-1000XM5', 'Bose 700', 'Sennheiser Momentum 4']",2.96,False,,False
568,5698,345695,2025-01-15 14:06:35.421222,mouse,Mobile,Product Page,True,"['Logitech MX Master 3', 'Razer DeathAdder', 'SteelSeries Rival 5']",0.91,True,Logitech MX Master 3,False
569,2120,640601,2025-01-19 01:17:58.421222,mouse,Desktop,Product Page,True,"['Logitech MX Master 3', 'Razer DeathAdder', 'SteelSeries Rival 5']",0.47,True,Logitech MX Master 3,False
570,8327,494968,2025-01-07 06:50:57.421222,smartphone,Tablet,Product Page,True,"['iPhone 15', 'Samsung Galaxy S24', 'Google Pixel 8']",0.42,True,Google Pixel 8,False
571,7128,72755,2025-01-21 04:33:38.421222,gaming chair,Desktop,Homepage,True,"['DXRacer', 'Secretlab Titan', 'Razer Iskur']",2.28,False,,False
572,6975,621938,2025-01-11 17:46:32.421222,headphones,Mobile,Product Page,True,"['Sony WH-1000XM5', 'Bose 700', 'Sennheiser Momentum 4']",1.49,False,,False
573,4401,143442,2025-02-03 20:36:32.421222,headphones,Mobile,Category Page,True,"['Sony WH-1000XM5', 'Bose 700', 'Sennheiser Momentum 4']",1.74,True,Sony WH-1000XM5,False
574,4910,734411,2025-01-19 06:22:00.421222,wireless earbuds,Desktop,Product Page,True,"['AirPods Pro', 'Sony WF-1000XM4', 'Bose QuietComfort Earbuds']",2.08,True,AirPods Pro,False
575,3227,861475,2025-01-13 17:30:06.421222,headphones,Mobile,Product Page,True,"['Sony WH-1000XM5', 'Bose 700', 'Sennheiser Momentum 4']",1.96,True,Sennheiser Momentum 4,False
576,8342,332183,2025-01-27 13:40:52.421222,mouse,Desktop,Homepage,True,"['Logitech MX Master 3', 'Razer DeathAdder', 'SteelSeries Rival 5']",1.73,False,,False
577,5317,435496,2025-01-29 18:44:54.421222,keyboard,Mobile,Category Page,True,"['Logitech MX Keys', 'Razer BlackWidow', 'Corsair K95']",2.64,True,Razer BlackWidow,True
578,3897,861422,2025-01-18 08:55:21.421222,keyboard,Tablet,Homepage,True,"['Logitech MX Keys', 'Razer BlackWidow', 'Corsair K95']",0.43,True,Corsair K95,False
579,1797,650440,2025-01-19 19:58:29.421222,wireless earbuds,Mobile,Product Page,True,"['AirPods Pro', 'Sony WF-1000XM4', 'Bose QuietComfort Earbuds']",2.28,True,Bose QuietComfort Earbuds,False
580,7870,673087,2025-02-02 00:24:59.421222,gaming chair,Mobile,Category Page,True,"['DXRacer', 'Secretlab Titan', 'Razer Iskur']",0.28,True,Secretlab Titan,False
581,8418,567950,2025-01-05 17:00:56.421222,keyboard,Mobile,Category Page,True,"['Logitech MX Keys', 'Razer BlackWidow', 'Corsair K95']",1.83,True,Logitech MX Keys,False
582,6334,661274,2025-01-23 19:48:32.421222,laptop,Tablet,Product Page,True,"['Dell XPS 13', 'MacBook Air', 'HP Spectre x360']",0.56,False,,False
583,4458,853005,2025-01-16 00:17:12.421222,socks,Mobile,Homepage,False,[],0.97,False,,False
584,2837,62999,2025-01-07 21:06:17.421222,smartphone,Tablet,Homepage,True,"['iPhone 15', 'Samsung Galaxy S24', 'Google Pixel 8']",1.88,False,,False
585,2937,898387,2025-02-01 00:32:32.421222,laptop,Desktop,Product Page,True,"['Dell XPS 13', 'MacBook Air', 'HP Spectre x360']",1.31,True,HP Spectre x360,False
586,1900,239261,2025-02-03 03:04:21.421222,phone case,Desktop,Category Page,True,"['OtterBox Defender', 'Spigen Tough Armor', 'Apple Silicone Case']",3.13,True,Spigen Tough Armor,True
587,3063,386434,2025-01-27 12:05:52.421222,laptop,Mobile,Product Page,True,"['Dell XPS 13', 'MacBook Air', 'HP Spectre x360']",0.27,True,Dell XPS 13,False
588,4409,592531,2025-01-06 01:44:22.421222,socks,Mobile,Category Page,False,[],1.56,False,,False
589,4199,365513,2025-01-11 12:41:05.421222,wireless earbuds,Tablet,Category Page,True,"['AirPods Pro', 'Sony WF-1000XM4', 'Bose QuietComfort Earbuds']",2.81,False,,False
590,7184,651680,2025-01-21 09:07:17.421222,phone case,Tablet,Category Page,True,"['OtterBox Defender', 'Spigen Tough Armor', 'Apple Silicone Case']",3.36,True,Apple Silicone Case,False
591,6800,983378,2025-01-07 11:56:31.421222,gaming chair,Mobile,Product Page,True,"['DXRacer', 'Secretlab Titan', 'Razer Iskur']",2.92,True,DXRacer,True
592,7185,426155,2025-01-30 18:46:45.421222,laptop,Mobile,Product Page,True,"['Dell XPS 13', 'MacBook Air', 'HP Spectre x360']",2.29,True,Dell XPS 13,False
593,4773,479906,2025-01-14 18:42:23.421222,coffee mug,Tablet,Category Page,True,"['Ceramic Mug', 'Travel Mug', 'Insulated Mug']",1.72,True,Ceramic Mug,False
594,6612,669489,2025-01-07 17:23:46.421222,gaming chair,Mobile,Homepage,True,"['DXRacer', 'Secretlab Titan', 'Razer Iskur']",3.16,True,DXRacer,False
595,3583,989327,2025-01-23 09:36:54.421222,water bottle,Desktop,Product Page,False,[],2.73,False,,False
596,9895,896667,2025-01-08 00:34:51.421222,coffee mug,Mobile,Product Page,True,"['Ceramic Mug', 'Travel Mug', 'Insulated Mug']",1.25,True,Travel Mug,False
597,6094,244322,2025-01-31 10:30:18.421222,coffee mug,Desktop,Product Page,True,"['Ceramic Mug', 'Travel Mug', 'Insulated Mug']",2.29,True,Travel Mug,True
598,7176,559227,2025-01-14 00:08:52.421222,smartphone,Desktop,Product Page,True,"['iPhone 15', 'Samsung Galaxy S24', 'Google Pixel 8']",1.4,True,Google Pixel 8,True
599,8289,540666,2025-02-03 16:14:12.421222,phone case,Desktop,Homepage,True,"['OtterBox Defender', 'Spigen Tough Armor', 'Apple Silicone Case']",1.69,True,OtterBox Defender,False
600,3163,968945,2025-01-11 11:09:22.421222,shoes,Tablet,Category Page,False,[],2.81,False,,False
601,6142,685934,2025-01-19 06:44:19.421222,phone case,Desktop,Product Page,True,"['OtterBox Defender', 'Spigen Tough Armor', 'Apple Silicone Case']",2.67,True,Apple Silicone Case,False
602,3258,699252,2025-01-28 04:28:41.421222,phone case,Tablet,Homepage,True,"['OtterBox Defender', 'Spigen Tough Armor', 'Apple Silicone Case']",1.91,True,OtterBox Defender,False
603,8733,126670,2025-02-03 10:59:42.421222,phone case,Desktop,Category Page,True,"['OtterBox Defender', 'Spigen Tough Armor', 'Apple Silicone Case']",1.31,False,,False
604,7949,80405,2025-01-07 23:28:48.421222,laptop,Desktop,Homepage,True,"['Dell XPS 13', 'MacBook Air', 'HP Spectre x360']",1.85,True,HP Spectre x360,False
605,5032,470799,2025-01-24 18:01:00.421222,mouse,Mobile,Homepage,True,"['Logitech MX Master 3', 'Razer DeathAdder', 'SteelSeries Rival 5']",2.56,True,SteelSeries Rival 5,False
606,8972,946116,2025-01-10 10:22:01.421222,mouse,Mobile,Category Page,True,"['Logitech MX Master 3', 'Razer DeathAdder', 'SteelSeries Rival 5']",1.44,False,,False
607,5491,926546,2025-02-01 16:16:09.421222,laptop,Mobile,Category Page,True,"['Dell XPS 13', 'MacBook Air', 'HP Spectre x360']",3.11,True,MacBook Air,False
608,9354,408169,2025-01-27 13:59:44.421222,coffee mug,Mobile,Product Page,True,"['Ceramic Mug', 'Travel Mug', 'Insulated Mug']",1.99,True,Insulated Mug,False
609,2820,557082,2025-01-28 03:59:04.421222,headphones,Tablet,Category Page,True,"['Sony WH-1000XM5', 'Bose 700', 'Sennheiser Momentum 4']",1.35,True,Bose 700,False
610,2932,943071,2025-01-30 17:55:54.421222,gaming chair,Mobile,Homepage,True,"['DXRacer', 'Secretlab Titan', 'Razer Iskur']",0.79,False,,False
611,6001,70389,2025-01-12 01:31:05.421222,socks,Tablet,Homepage,False,[],1.63,False,,False
612,7176,288249,2025-01-14 13:58:12.421222,headphones,Tablet,Category Page,True,"['Sony WH-1000XM5', 'Bose 700', 'Sennheiser Momentum 4']",0.98,False,,False
613,8380,933195,2025-02-04 01:14:20.421222,laptop,Mobile,Category Page,True,"['Dell XPS 13', 'MacBook Air', 'HP Spectre x360']",1.45,False,,False
614,3308,266061,2025-01-24 10:02:29.421222,headphones,Mobile,Category Page,True,"['Sony WH-1000XM5', 'Bose 700', 'Sennheiser Momentum 4']",2.28,True,Sony WH-1000XM5,False
615,4940,694753,2025-01-10 21:24:17.421222,water bottle,Mobile,Product Page,False,[],2.21,False,,False
616,9647,704480,2025-01-30 13:26:31.421222,headphones,Desktop,Product Page,True,"['Sony WH-1000XM5', 'Bose 700', 'Sennheiser Momentum 4']",0.8,True,Bose 700,True
617,9999,741002,2025-01-27 17:08:49.421222,water bottle,Tablet,Category Page,False,[],1.45,False,,False
618,6920,140024,2025-02-01 21:10:09.421222,shoes,Mobile,Product Page,False,[],1.32,False,,False
619,2675,189139,2025-01-31 01:20:39.421222,socks,Mobile,Homepage,False,[],0.53,False,,False
620,9185,415615,2025-01-20 09:02:44.421222,laptop,Mobile,Category Page,True,"['Dell XPS 13', 'MacBook Air', 'HP Spectre x360']",0.41,True,Dell XPS 13,False
621,4918,754005,2025-01-26 22:08:28.421222,headphones,Desktop,Product Page,True,"['Sony WH-1000XM5', 'Bose 700', 'Sennheiser Momentum 4']",2.95,True,Bose 700,False
622,8240,417391,2025-01-10 13:05:53.421222,phone case,Mobile,Homepage,True,"['OtterBox Defender', 'Spigen Tough Armor', 'Apple Silicone Case']",1.93,False,,False
623,1288,249472,2025-01-07 18:01:24.421222,dresses,Tablet,Homepage,False,[],0.75,False,,False
624,3956,234989,2025-01-07 00:16:32.421222,keyboard,Tablet,Product Page,True,"['Logitech MX Keys', 'Razer BlackWidow', 'Corsair K95']",0.68,False,,False
625,1622,921010,2025-02-03 09:16:46.421222,shoes,Desktop,Category Page,False,[],1.77,False,,False
626,5626,364070,2025-02-02 23:45:38.421222,wireless earbuds,Mobile,Product Page,True,"['AirPods Pro', 'Sony WF-1000XM4', 'Bose QuietComfort Earbuds']",1.03,True,Sony WF-1000XM4,False
627,3306,83965,2025-01-22 05:03:06.421222,coffee mug,Desktop,Product Page,True,"['Ceramic Mug', 'Travel Mug', 'Insulated Mug']",0.52,True,Ceramic Mug,True
628,9748,107451,2025-01-05 14:11:26.421222,water bottle,Mobile,Product Page,False,[],2.12,False,,False
629,2872,725243,2025-01-20 02:54:50.421222,keyboard,Desktop,Product Page,True,"['Logitech MX Keys', 'Razer BlackWidow', 'Corsair K95']",0.97,True,Logitech MX Keys,True
630,6785,504079,2025-02-03 14:36:27.421222,smartphone,Desktop,Homepage,True,"['iPhone 15', 'Samsung Galaxy S24', 'Google Pixel 8']",2.22,True,Google Pixel 8,False
631,3487,711919,2025-01-06 15:42:18.421222,keyboard,Desktop,Homepage,True,"['Logitech MX Keys', 'Razer BlackWidow', 'Corsair K95']",2.43,True,Corsair K95,False
632,5285,843962,2025-01-13 17:09:02.421222,headphones,Desktop,Category Page,True,"['Sony WH-1000XM5', 'Bose 700', 'Sennheiser Momentum 4']",1.48,True,Bose 700,False
633,7248,794087,2025-02-01 06:47:58.421222,external hard drive,Mobile,Category Page,True,"['Seagate 2TB', 'WD My Passport', 'Samsung T7']",1.4,True,Samsung T7,False
634,1574,170144,2025-01-21 07:49:39.421222,headphones,Desktop,Product Page,True,"['Sony WH-1000XM5', 'Bose 700', 'Sennheiser Momentum 4']",2.4,True,Sony WH-1000XM5,False
635,4630,634440,2025-01-25 16:50:09.421222,mouse,Desktop,Homepage,True,"['Logitech MX Master 3', 'Razer DeathAdder', 'SteelSeries Rival 5']",3.24,True,SteelSeries Rival 5,False
636,3433,571812,2025-01-24 03:47:52.421222,shoes,Desktop,Category Page,False,[],1.89,False,,False
637,5255,419035,2025-01-21 19:57:27.421222,wireless earbuds,Desktop,Category Page,True,"['AirPods Pro', 'Sony WF-1000XM4', 'Bose QuietComfort Earbuds']",2.11,False,,False
638,6174,687415,2025-01-11 20:55:27.421222,shoes,Desktop,Homepage,False,[],1.43,False,,False
639,6033,239134,2025-01-08 20:22:55.421222,coffee mug,Mobile,Homepage,True,"['Ceramic Mug', 'Travel Mug', 'Insulated Mug']",3.25,True,Ceramic Mug,False
640,4161,752356,2025-01-05 23:36:45.421222,phone case,Desktop,Category Page,True,"['OtterBox Defender', 'Spigen Tough Armor', 'Apple Silicone Case']",2.66,False,,False
641,4687,312160,2025-01-19 06:18:23.421222,water bottle,Tablet,Category Page,False,[],2.5,False,,False
642,3647,259974,2025-02-04 06:33:36.421222,keyboard,Tablet,Homepage,True,"['Logitech MX Keys', 'Razer BlackWidow', 'Corsair K95']",2.98,False,,False
643,1012,912448,2025-01-26 21:11:30.421222,socks,Tablet,Homepage,False,[],3.3,False,,False
644,4820,286947,2025-01-08 02:08:47.421222,wireless earbuds,Mobile,Product Page,True,"['AirPods Pro', 'Sony WF-1000XM4', 'Bose QuietComfort Earbuds']",3.08,False,,False
645,8812,447166,2025-01-11 09:43:11.421222,dresses,Tablet,Product Page,False,[],2.56,False,,False
646,9891,376795,2025-01-24 05:01:58.421222,smartphone,Mobile,Homepage,True,"['iPhone 15', 'Samsung Galaxy S24', 'Google Pixel 8']",3.48,False,,False
647,8899,317022,2025-01-13 19:24:20.421222,laptop,Mobile,Product Page,True,"['Dell XPS 13', 'MacBook Air', 'HP Spectre x360']",0.56,True,HP Spectre x360,False
648,5779,606935,2025-01-19 22:16:16.421222,phone case,Tablet,Product Page,True,"['OtterBox Defender', 'Spigen Tough Armor', 'Apple Silicone Case']",1.78,True,Spigen Tough Armor,False
649,1416,698012,2025-01-13 18:59:45.421222,mouse,Tablet,Homepage,True,"['Logitech MX Master 3', 'Razer DeathAdder', 'SteelSeries Rival 5']",3.48,True,Logitech MX Master 3,False
650,8679,398964,2025-01-13 20:51:45.421222,dresses,Tablet,Category Page,False,[],0.32,False,,False
651,5260,514925,2025-01-10 03:07:44.421222,wireless earbuds,Tablet,Category Page,True,"['AirPods Pro', 'Sony WF-1000XM4', 'Bose QuietComfort Earbuds']",0.7,False,,False
652,2006,578313,2025-01-07 13:19:32.421222,wireless earbuds,Desktop,Category Page,True,"['AirPods Pro', 'Sony WF-1000XM4', 'Bose QuietComfort Earbuds']",2.59,True,Bose QuietComfort Earbuds,False
653,3437,366040,2025-01-21 19:21:39.421222,laptop,Tablet,Product Page,True,"['Dell XPS 13', 'MacBook Air', 'HP Spectre x360']",3.22,False,,False
654,8120,666630,2025-01-06 15:43:16.421222,gaming chair,Tablet,Product Page,True,"['DXRacer', 'Secretlab Titan', 'Razer Iskur']",0.42,True,Secretlab Titan,False
655,8065,283760,2025-01-25 03:35:58.421222,socks,Desktop,Category Page,False,[],2.53,False,,False
656,3614,206103,2025-01-14 12:54:57.421222,phone case,Mobile,Homepage,True,"['OtterBox Defender', 'Spigen Tough Armor', 'Apple Silicone Case']",3.15,True,Spigen Tough Armor,False
657,3592,860490,2025-01-21 08:42:57.421222,water bottle,Desktop,Product Page,False,[],0.8,False,,False
658,6655,731739,2025-01-19 07:38:28.421222,external hard drive,Desktop,Homepage,True,"['Seagate 2TB', 'WD My Passport', 'Samsung T7']",1.25,True,Samsung T7,False
659,8127,647678,2025-01-06 22:51:20.421222,wireless earbuds,Mobile,Product Page,True,"['AirPods Pro', 'Sony WF-1000XM4', 'Bose QuietComfort Earbuds']",2.12,True,Sony WF-1000XM4,False
660,7395,74699,2025-01-13 18:57:05.421222,coffee mug,Tablet,Homepage,True,"['Ceramic Mug', 'Travel Mug', 'Insulated Mug']",2.85,False,,False
661,6847,286515,2025-01-28 08:46:14.421222,mouse,Mobile,Homepage,True,"['Logitech MX Master 3', 'Razer DeathAdder', 'SteelSeries Rival 5']",0.31,True,Razer DeathAdder,False
662,6523,459449,2025-01-07 02:32:55.421222,dresses,Desktop,Category Page,False,[],2.56,False,,False
663,3730,193393,2025-01-06 00:50:04.421222,headphones,Mobile,Product Page,True,"['Sony WH-1000XM5', 'Bose 700', 'Sennheiser Momentum 4']",1.34,True,Sony WH-1000XM5,True
664,3874,404622,2025-01-12 07:15:12.421222,shoes,Mobile,Homepage,False,[],1.41,False,,False
665,1542,660173,2025-01-08 23:41:53.421222,socks,Mobile,Product Page,False,[],1.23,False,,False
666,6759,94747,2025-01-09 17:31:15.421222,socks,Tablet,Product Page,False,[],2.57,False,,False
667,4973,757947,2025-01-14 17:48:06.421222,external hard drive,Tablet,Product Page,True,"['Seagate 2TB', 'WD My Passport', 'Samsung T7']",1.8,False,,False
668,9621,590816,2025-01-07 22:48:19.421222,phone case,Tablet,Homepage,True,"['OtterBox Defender', 'Spigen Tough Armor', 'Apple Silicone Case']",0.73,False,,False
669,9550,679219,2025-01-13 02:02:09.421222,laptop,Mobile,Homepage,True,"['Dell XPS 13', 'MacBook Air', 'HP Spectre x360']",1.28,True,HP Spectre x360,False
670,6800,352620,2025-01-22 14:11:40.421222,laptop,Tablet,Category Page,True,"['Dell XPS 13', 'MacBook Air', 'HP Spectre x360']",2.54,False,,False
671,2406,693427,2025-01-17 12:30:26.421222,wireless earbuds,Desktop,Product Page,True,"['AirPods Pro', 'Sony WF-1000XM4', 'Bose QuietComfort Earbuds']",2.95,True,Sony WF-1000XM4,False
672,4812,712908,2025-01-22 14:45:35.421222,gaming chair,Mobile,Homepage,True,"['DXRacer', 'Secretlab Titan', 'Razer Iskur']",2.11,True,Secretlab Titan,False
673,8196,582505,2025-01-30 15:23:18.421222,smartphone,Mobile,Category Page,True,"['iPhone 15', 'Samsung Galaxy S24', 'Google Pixel 8']",1.14,False,,False
674,7773,270986,2025-01-19 05:10:12.421222,mouse,Desktop,Product Page,True,"['Logitech MX Master 3', 'Razer DeathAdder', 'SteelSeries Rival 5']",1.66,True,Razer DeathAdder,False
675,2140,247506,2025-01-29 19:10:25.421222,shoes,Tablet,Product Page,False,[],0.38,False,,False
676,2621,675990,2025-01-08 09:37:07.421222,dresses,Tablet,Product Page,False,[],1.22,False,,False
677,1863,130578,2025-01-08 08:10:56.421222,coffee mug,Tablet,Homepage,True,"['Ceramic Mug', 'Travel Mug', 'Insulated Mug']",1.79,True,Travel Mug,False
678,7701,789690,2025-02-02 21:54:34.421222,laptop,Tablet,Homepage,True,"['Dell XPS 13', 'MacBook Air', 'HP Spectre x360']",2.14,False,,False
679,1043,226231,2025-01-27 10:26:53.421222,laptop,Desktop,Category Page,True,"['Dell XPS 13', 'MacBook Air', 'HP Spectre x360']",3.25,True,Dell XPS 13,False
680,8550,340086,2025-01-07 13:05:45.421222,dresses,Tablet,Category Page,False,[],2.26,False,,False
681,8102,448315,2025-01-21 10:25:20.421222,shoes,Tablet,Product Page,False,[],2.22,False,,False
682,8397,975613,2025-02-03 02:15:46.421222,headphones,Mobile,Product Page,True,"['Sony WH-1000XM5', 'Bose 700', 'Sennheiser Momentum 4']",1.06,True,Sony WH-1000XM5,True
683,2777,520826,2025-01-15 18:44:16.421222,dresses,Desktop,Category Page,False,[],2.71,False,,False
684,2772,630391,2025-01-19 11:29:12.421222,coffee mug,Desktop,Product Page,True,"['Ceramic Mug', 'Travel Mug', 'Insulated Mug']",0.81,False,,False
685,6483,464540,2025-01-20 14:17:18.421222,external hard drive,Desktop,Product Page,True,"['Seagate 2TB', 'WD My Passport', 'Samsung T7']",0.96,False,,False
686,5740,174730,2025-01-21 21:38:00.421222,smartphone,Mobile,Category Page,True,"['iPhone 15', 'Samsung Galaxy S24', 'Google Pixel 8']",0.39,True,Google Pixel 8,False
687,4413,942887,2025-01-30 04:51:49.421222,coffee mug,Mobile,Homepage,True,"['Ceramic Mug', 'Travel Mug', 'Insulated Mug']",2.78,True,Travel Mug,True
688,4699,321538,2025-01-28 21:49:11.421222,dresses,Tablet,Category Page,False,[],1.84,False,,False
689,6043,168573,2025-01-19 15:53:21.421222,socks,Desktop,Category Page,False,[],2.26,False,,False
690,2298,483956,2025-01-19 12:36:05.421222,smartphone,Desktop,Category Page,True,"['iPhone 15', 'Samsung Galaxy S24', 'Google Pixel 8']",2.61,True,Google Pixel 8,True
691,9580,513416,2025-01-12 03:15:52.421222,phone case,Mobile,Category Page,True,"['OtterBox Defender', 'Spigen Tough Armor', 'Apple Silicone Case']",1.49,False,,False
692,7132,773205,2025-01-19 19:20:25.421222,wireless earbuds,Tablet,Product Page,True,"['AirPods Pro', 'Sony WF-1000XM4', 'Bose QuietComfort Earbuds']",1.56,False,,False
693,5626,663394,2025-01-21 21:57:29.421222,phone case,Tablet,Category Page,True,"['OtterBox Defender', 'Spigen Tough Armor', 'Apple Silicone Case']",1.55,True,OtterBox Defender,False
694,4050,130015,2025-01-14 16:10:45.421222,shoes,Desktop,Category Page,False,[],2.94,False,,False
695,4591,606971,2025-01-13 17:39:32.421222,phone case,Desktop,Category Page,True,"['OtterBox Defender', 'Spigen Tough Armor', 'Apple Silicone Case']",0.51,False,,False
696,5183,539417,2025-01-20 09:23:49.421222,dresses,Mobile,Category Page,False,[],0.81,False,,False
697,9230,592160,2025-01-22 18:29:49.421222,dresses,Mobile,Homepage,False,[],0.84,False,,False
698,5167,717418,2025-02-02 18:31:22.421222,socks,Tablet,Product Page,False,[],3.0,False,,False
699,2987,929432,2025-01-22 23:29:00.421222,keyboard,Desktop,Product Page,True,"['Logitech MX Keys', 'Razer BlackWidow', 'Corsair K95']",2.98,True,Corsair K95,False
700,4371,296804,2025-02-02 14:23:44.421222,coffee mug,Mobile,Homepage,True,"['Ceramic Mug', 'Travel Mug', 'Insulated Mug']",3.12,True,Ceramic Mug,False
701,6075,466017,2025-01-27 13:32:17.421222,smartphone,Mobile,Homepage,True,"['iPhone 15', 'Samsung Galaxy S24', 'Google Pixel 8']",0.45,True,Google Pixel 8,True
702,9444,464695,2025-01-16 22:42:02.421222,wireless earbuds,Desktop,Category Page,True,"['AirPods Pro', 'Sony WF-1000XM4', 'Bose QuietComfort Earbuds']",2.85,True,AirPods Pro,False
703,6354,271279,2025-02-01 18:39:57.421222,keyboard,Mobile,Homepage,True,"['Logitech MX Keys', 'Razer BlackWidow', 'Corsair K95']",1.47,True,Razer BlackWidow,False
704,6982,597677,2025-02-02 09:10:07.421222,gaming chair,Desktop,Homepage,True,"['DXRacer', 'Secretlab Titan', 'Razer Iskur']",1.54,True,Secretlab Titan,False
705,9128,580191,2025-02-01 04:23:49.421222,dresses,Desktop,Category Page,False,[],0.8,False,,False
706,9743,259931,2025-01-26 08:59:49.421222,dresses,Tablet,Product Page,False,[],1.76,False,,False
707,7686,233230,2025-02-02 07:31:12.421222,wireless earbuds,Desktop,Product Page,True,"['AirPods Pro', 'Sony WF-1000XM4', 'Bose QuietComfort Earbuds']",2.23,True,AirPods Pro,False
708,3844,541342,2025-01-11 10:42:24.421222,wireless earbuds,Mobile,Homepage,True,"['AirPods Pro', 'Sony WF-1000XM4', 'Bose QuietComfort Earbuds']",0.33,True,Sony WF-1000XM4,False
709,1575,833734,2025-01-24 20:10:36.421222,laptop,Mobile,Homepage,True,"['Dell XPS 13', 'MacBook Air', 'HP Spectre x360']",2.69,True,MacBook Air,False
710,6275,627521,2025-01-20 23:19:39.421222,dresses,Desktop,Homepage,False,[],2.77,False,,False
711,9781,229470,2025-01-25 07:33:55.421222,socks,Tablet,Category Page,False,[],2.19,False,,False
712,5760,115960,2025-01-12 08:51:45.421222,headphones,Tablet,Homepage,True,"['Sony WH-1000XM5', 'Bose 700', 'Sennheiser Momentum 4']",2.32,True,Bose 700,False
713,5255,520765,2025-01-11 06:14:32.421222,shoes,Mobile,Homepage,False,[],0.85,False,,False
714,4857,520312,2025-01-06 16:40:57.421222,phone case,Tablet,Product Page,True,"['OtterBox Defender', 'Spigen Tough Armor', 'Apple Silicone Case']",2.72,True,OtterBox Defender,False
715,1554,376682,2025-02-02 13:23:18.421222,phone case,Desktop,Category Page,True,"['OtterBox Defender', 'Spigen Tough Armor', 'Apple Silicone Case']",1.32,False,,False
716,4554,635093,2025-02-01 03:14:34.421222,wireless earbuds,Mobile,Homepage,True,"['AirPods Pro', 'Sony WF-1000XM4', 'Bose QuietComfort Earbuds']",3.04,True,Bose QuietComfort Earbuds,False
717,2754,390050,2025-01-29 16:40:26.421222,phone case,Tablet,Category Page,True,"['OtterBox Defender', 'Spigen Tough Armor', 'Apple Silicone Case']",3.21,True,OtterBox Defender,False
718,4085,141156,2025-01-18 22:01:35.421222,keyboard,Mobile,Homepage,True,"['Logitech MX Keys', 'Razer BlackWidow', 'Corsair K95']",0.39,True,Razer BlackWidow,False
719,9029,507294,2025-01-22 23:56:18.421222,coffee mug,Mobile,Product Page,True,"['Ceramic Mug', 'Travel Mug', 'Insulated Mug']",1.93,True,Insulated Mug,False
720,1408,292814,2025-01-09 15:10:21.421222,gaming chair,Tablet,Homepage,True,"['DXRacer', 'Secretlab Titan', 'Razer Iskur']",1.54,True,Razer Iskur,True
721,5470,230907,2025-01-16 09:50:08.421222,water bottle,Mobile,Product Page,False,[],2.85,False,,False
722,3950,945893,2025-02-03 01:21:53.421222,phone case,Mobile,Homepage,True,"['OtterBox Defender', 'Spigen Tough Armor', 'Apple Silicone Case']",1.65,True,OtterBox Defender,False
723,5297,519726,2025-01-25 16:02:39.421222,headphones,Tablet,Homepage,True,"['Sony WH-1000XM5', 'Bose 700', 'Sennheiser Momentum 4']",1.69,False,,False
724,6791,755157,2025-01-17 07:18:14.421222,dresses,Mobile,Product Page,False,[],2.86,False,,False
725,1378,466795,2025-01-06 05:28:46.421222,shoes,Tablet,Category Page,False,[],1.16,False,,False
726,9895,701479,2025-01-28 17:17:20.421222,phone case,Mobile,Category Page,True,"['OtterBox Defender', 'Spigen Tough Armor', 'Apple Silicone Case']",3.12,True,Apple Silicone Case,False
727,9127,922622,2025-01-19 09:06:01.421222,wireless earbuds,Mobile,Category Page,True,"['AirPods Pro', 'Sony WF-1000XM4', 'Bose QuietComfort Earbuds']",1.83,False,,False
728,1425,67292,2025-01-17 04:00:52.421222,coffee mug,Desktop,Homepage,True,"['Ceramic Mug', 'Travel Mug', 'Insulated Mug']",2.57,True,Travel Mug,False
729,1702,748765,2025-01-28 15:57:05.421222,socks,Mobile,Product Page,False,[],0.78,False,,False
730,7530,964004,2025-01-16 20:12:37.421222,mouse,Mobile,Product Page,True,"['Logitech MX Master 3', 'Razer DeathAdder', 'SteelSeries Rival 5']",0.97,True,Razer DeathAdder,False
731,6185,389124,2025-02-03 04:44:10.421222,gaming chair,Mobile,Product Page,True,"['DXRacer', 'Secretlab Titan', 'Razer Iskur']",1.92,False,,False
732,1438,278946,2025-01-29 11:56:06.421222,water bottle,Tablet,Category Page,False,[],1.75,False,,False
733,2616,382301,2025-01-08 04:17:34.421222,socks,Mobile,Product Page,False,[],2.15,False,,False
734,6651,489448,2025-01-31 13:32:11.421222,keyboard,Desktop,Homepage,True,"['Logitech MX Keys', 'Razer BlackWidow', 'Corsair K95']",1.28,False,,False
735,3323,671813,2025-01-08 14:34:05.421222,headphones,Tablet,Homepage,True,"['Sony WH-1000XM5', 'Bose 700', 'Sennheiser Momentum 4']",2.61,True,Bose 700,False
736,6272,676279,2025-01-23 21:48:24.421222,smartphone,Desktop,Homepage,True,"['iPhone 15', 'Samsung Galaxy S24', 'Google Pixel 8']",0.34,True,Google Pixel 8,True
737,6511,157715,2025-01-24 02:38:19.421222,socks,Mobile,Homepage,False,[],2.06,False,,False
738,9874,753028,2025-01-10 22:44:17.421222,wireless earbuds,Desktop,Category Page,True,"['AirPods Pro', 'Sony WF-1000XM4', 'Bose QuietComfort Earbuds']",2.16,True,Sony WF-1000XM4,False
739,8850,646889,2025-01-30 21:40:52.421222,headphones,Desktop,Homepage,True,"['Sony WH-1000XM5', 'Bose 700', 'Sennheiser Momentum 4']",2.59,True,Bose 700,False
740,3782,756485,2025-01-11 18:16:49.421222,keyboard,Desktop,Homepage,True,"['Logitech MX Keys', 'Razer BlackWidow', 'Corsair K95']",1.95,False,,False
741,2553,722819,2025-01-20 19:25:08.421222,headphones,Desktop,Homepage,True,"['Sony WH-1000XM5', 'Bose 700', 'Sennheiser Momentum 4']",1.95,False,,False
742,4797,763498,2025-01-18 07:22:01.421222,gaming chair,Tablet,Category Page,True,"['DXRacer', 'Secretlab Titan', 'Razer Iskur']",0.84,True,DXRacer,False
743,2185,908470,2025-01-22 01:24:16.421222,laptop,Mobile,Product Page,True,"['Dell XPS 13', 'MacBook Air', 'HP Spectre x360']",1.61,True,Dell XPS 13,False
744,3661,135479,2025-01-22 11:22:50.421222,water bottle,Desktop,Product Page,False,[],2.1,False,,False
745,4453,143187,2025-01-15 11:21:51.421222,wireless earbuds,Desktop,Homepage,True,"['AirPods Pro', 'Sony WF-1000XM4', 'Bose QuietComfort Earbuds']",1.75,False,,False
746,8230,388536,2025-01-24 12:29:41.421222,smartphone,Desktop,Homepage,True,"['iPhone 15', 'Samsung Galaxy S24', 'Google Pixel 8']",3.49,False,,False
747,3177,260965,2025-01-18 14:01:19.421222,phone case,Desktop,Homepage,True,"['OtterBox Defender', 'Spigen Tough Armor', 'Apple Silicone Case']",3.24,True,Apple Silicone Case,False
748,4471,271718,2025-01-21 21:24:24.421222,keyboard,Tablet,Homepage,True,"['Logitech MX Keys', 'Razer BlackWidow', 'Corsair K95']",2.32,True,Corsair K95,False
749,3188,215244,2025-01-15 14:16:31.421222,keyboard,Mobile,Product Page,True,"['Logitech MX Keys', 'Razer BlackWidow', 'Corsair K95']",2.84,False,,False
750,4915,127954,2025-01-23 06:35:52.421222,external hard drive,Tablet,Product Page,True,"['Seagate 2TB', 'WD My Passport', 'Samsung T7']",0.3,True,WD My Passport,False
751,5009,682670,2025-01-21 09:35:45.421222,socks,Mobile,Homepage,False,[],3.14,False,,False
752,2426,864722,2025-01-12 10:05:37.421222,mouse,Mobile,Category Page,True,"['Logitech MX Master 3', 'Razer DeathAdder', 'SteelSeries Rival 5']",1.98,False,,False
753,6440,95056,2025-01-19 05:32:47.421222,water bottle,Desktop,Category Page,False,[],1.22,False,,False
754,2220,563350,2025-02-02 04:51:15.421222,keyboard,Tablet,Category Page,True,"['Logitech MX Keys', 'Razer BlackWidow', 'Corsair K95']",2.91,True,Logitech MX Keys,False
755,5251,517520,2025-01-19 09:42:28.421222,phone case,Tablet,Category Page,True,"['OtterBox Defender', 'Spigen Tough Armor', 'Apple Silicone Case']",3.47,True,Spigen Tough Armor,False
756,8143,222626,2025-01-19 13:00:56.421222,gaming chair,Desktop,Category Page,True,"['DXRacer', 'Secretlab Titan', 'Razer Iskur']",1.25,True,DXRacer,False
757,9829,610714,2025-01-31 11:16:37.421222,water bottle,Tablet,Category Page,False,[],0.67,False,,False
758,8423,935719,2025-01-29 06:11:29.421222,mouse,Desktop,Product Page,True,"['Logitech MX Master 3', 'Razer DeathAdder', 'SteelSeries Rival 5']",1.9,True,Logitech MX Master 3,True
759,4395,873244,2025-01-16 05:45:10.421222,external hard drive,Mobile,Homepage,True,"['Seagate 2TB', 'WD My Passport', 'Samsung T7']",3.1,True,Seagate 2TB,False
760,6775,520970,2025-01-18 18:13:02.421222,coffee mug,Desktop,Product Page,True,"['Ceramic Mug', 'Travel Mug', 'Insulated Mug']",2.6,True,Travel Mug,True
761,8588,105794,2025-02-01 21:55:35.421222,coffee mug,Tablet,Product Page,True,"['Ceramic Mug', 'Travel Mug', 'Insulated Mug']",3.48,True,Travel Mug,True
762,2161,823364,2025-01-29 02:11:10.421222,wireless earbuds,Tablet,Category Page,True,"['AirPods Pro', 'Sony WF-1000XM4', 'Bose QuietComfort Earbuds']",3.49,True,Sony WF-1000XM4,False
763,7156,573352,2025-01-08 08:12:01.421222,gaming chair,Desktop,Product Page,True,"['DXRacer', 'Secretlab Titan', 'Razer Iskur']",1.37,False,,False
764,2631,570634,2025-01-07 06:18:07.421222,smartphone,Mobile,Homepage,True,"['iPhone 15', 'Samsung Galaxy S24', 'Google Pixel 8']",0.62,False,,False
765,6908,584038,2025-01-28 03:47:18.421222,coffee mug,Mobile,Homepage,True,"['Ceramic Mug', 'Travel Mug', 'Insulated Mug']",0.6,True,Ceramic Mug,True
766,1427,655579,2025-01-09 12:40:14.421222,coffee mug,Tablet,Product Page,True,"['Ceramic Mug', 'Travel Mug', 'Insulated Mug']",1.33,False,,False
767,5512,938677,2025-01-24 19:02:21.421222,laptop,Mobile,Homepage,True,"['Dell XPS 13', 'MacBook Air', 'HP Spectre x360']",2.48,False,,False
768,9416,304513,2025-01-18 16:24:20.421222,mouse,Mobile,Homepage,True,"['Logitech MX Master 3', 'Razer DeathAdder', 'SteelSeries Rival 5']",2.4,True,Logitech MX Master 3,False
769,6867,736094,2025-01-13 21:15:04.421222,keyboard,Desktop,Category Page,True,"['Logitech MX Keys', 'Razer BlackWidow', 'Corsair K95']",0.55,True,Razer BlackWidow,False
770,4524,237030,2025-01-28 00:11:19.421222,laptop,Mobile,Homepage,True,"['Dell XPS 13', 'MacBook Air', 'HP Spectre x360']",2.11,True,HP Spectre x360,False
771,4400,812056,2025-02-04 05:17:56.421222,coffee mug,Desktop,Category Page,True,"['Ceramic Mug', 'Travel Mug', 'Insulated Mug']",1.55,False,,False
772,6477,165447,2025-01-22 01:49:47.421222,dresses,Desktop,Category Page,False,[],2.23,False,,False
773,9846,169850,2025-01-11 04:37:31.421222,laptop,Desktop,Homepage,True,"['Dell XPS 13', 'MacBook Air', 'HP Spectre x360']",0.29,True,MacBook Air,False
774,4435,816505,2025-02-01 01:22:42.421222,external hard drive,Tablet,Homepage,True,"['Seagate 2TB', 'WD My Passport', 'Samsung T7']",2.58,True,Seagate 2TB,False
775,9162,151535,2025-01-23 22:30:00.421222,shoes,Tablet,Category Page,False,[],1.8,False,,False
776,3700,591718,2025-01-30 14:15:47.421222,mouse,Mobile,Category Page,True,"['Logitech MX Master 3', 'Razer DeathAdder', 'SteelSeries Rival 5']",2.14,True,Logitech MX Master 3,True
777,6809,934068,2025-01-16 19:05:39.421222,laptop,Mobile,Product Page,True,"['Dell XPS 13', 'MacBook Air', 'HP Spectre x360']",1.5,False,,False
778,8992,757483,2025-01-20 16:22:26.421222,phone case,Tablet,Product Page,True,"['OtterBox Defender', 'Spigen Tough Armor', 'Apple Silicone Case']",1.66,True,OtterBox Defender,True
779,1110,889975,2025-01-07 06:52:43.421222,mouse,Desktop,Product Page,True,"['Logitech MX Master 3', 'Razer DeathAdder', 'SteelSeries Rival 5']",2.72,True,Logitech MX Master 3,False
780,1531,265758,2025-01-26 09:08:41.421222,water bottle,Desktop,Product Page,False,[],2.24,False,,False
781,1746,657422,2025-01-09 20:37:48.421222,headphones,Tablet,Homepage,True,"['Sony WH-1000XM5', 'Bose 700', 'Sennheiser Momentum 4']",2.96,True,Sony WH-1000XM5,False
782,6579,986127,2025-01-14 19:06:13.421222,headphones,Mobile,Homepage,True,"['Sony WH-1000XM5', 'Bose 700', 'Sennheiser Momentum 4']",2.38,False,,False
783,8792,140555,2025-01-08 16:18:47.421222,keyboard,Mobile,Product Page,True,"['Logitech MX Keys', 'Razer BlackWidow', 'Corsair K95']",3.17,False,,False
784,4795,539154,2025-01-20 16:10:07.421222,keyboard,Mobile,Product Page,True,"['Logitech MX Keys', 'Razer BlackWidow', 'Corsair K95']",2.93,True,Corsair K95,False
785,2974,386423,2025-01-20 12:08:52.421222,dresses,Tablet,Category Page,False,[],2.94,False,,False
786,5317,983015,2025-01-24 09:46:53.421222,phone case,Mobile,Homepage,True,"['OtterBox Defender', 'Spigen Tough Armor', 'Apple Silicone Case']",2.18,False,,False
787,3641,643006,2025-01-24 12:37:22.421222,gaming chair,Mobile,Product Page,True,"['DXRacer', 'Secretlab Titan', 'Razer Iskur']",1.49,True,DXRacer,False
788,9900,100179,2025-01-26 01:11:00.421222,gaming chair,Mobile,Product Page,True,"['DXRacer', 'Secretlab Titan', 'Razer Iskur']",1.53,True,Razer Iskur,False
789,9258,451764,2025-01-29 21:19:25.421222,mouse,Desktop,Product Page,True,"['Logitech MX Master 3', 'Razer DeathAdder', 'SteelSeries Rival 5']",2.46,True,Razer DeathAdder,False
790,5063,421302,2025-01-06 16:45:42.421222,keyboard,Mobile,Homepage,True,"['Logitech MX Keys', 'Razer BlackWidow', 'Corsair K95']",1.98,True,Logitech MX Keys,False
791,1310,784708,2025-02-02 09:39:51.421222,keyboard,Desktop,Category Page,True,"['Logitech MX Keys', 'Razer BlackWidow', 'Corsair K95']",0.86,False,,False
792,3269,547188,2025-01-22 22:09:00.421222,smartphone,Desktop,Homepage,True,"['iPhone 15', 'Samsung Galaxy S24', 'Google Pixel 8']",2.14,False,,False
793,7660,330389,2025-01-06 21:21:14.421222,mouse,Tablet,Category Page,True,"['Logitech MX Master 3', 'Razer DeathAdder', 'SteelSeries Rival 5']",1.96,True,Logitech MX Master 3,False
794,4955,831283,2025-01-15 07:16:09.421222,keyboard,Mobile,Product Page,True,"['Logitech MX Keys', 'Razer BlackWidow', 'Corsair K95']",1.87,True,Logitech MX Keys,False
795,8686,653987,2025-01-12 08:34:56.421222,shoes,Tablet,Category Page,False,[],3.26,False,,False
796,5540,122258,2025-01-23 00:03:49.421222,phone case,Tablet,Homepage,True,"['OtterBox Defender', 'Spigen Tough Armor', 'Apple Silicone Case']",1.16,True,OtterBox Defender,False
797,8442,741943,2025-01-30 03:46:20.421222,wireless earbuds,Mobile,Category Page,True,"['AirPods Pro', 'Sony WF-1000XM4', 'Bose QuietComfort Earbuds']",0.82,True,AirPods Pro,False
798,7060,628523,2025-01-25 01:39:47.421222,gaming chair,Tablet,Product Page,True,"['DXRacer', 'Secretlab Titan', 'Razer Iskur']",0.91,False,,False
799,1486,525704,2025-01-12 21:32:22.421222,dresses,Desktop,Homepage,False,[],2.86,False,,False
800,8036,975319,2025-01-26 01:51:49.421222,laptop,Mobile,Category Page,True,"['Dell XPS 13', 'MacBook Air', 'HP Spectre x360']",3.17,True,MacBook Air,False
801,7624,434881,2025-01-19 13:27:44.421222,keyboard,Mobile,Homepage,True,"['Logitech MX Keys', 'Razer BlackWidow', 'Corsair K95']",1.82,True,Razer BlackWidow,False
802,6680,867651,2025-02-01 09:36:26.421222,dresses,Tablet,Category Page,False,[],2.25,False,,False
803,7162,95332,2025-01-20 04:18:03.421222,mouse,Tablet,Product Page,True,"['Logitech MX Master 3', 'Razer DeathAdder', 'SteelSeries Rival 5']",0.81,True,SteelSeries Rival 5,False
804,1883,597308,2025-02-02 10:28:44.421222,shoes,Tablet,Product Page,False,[],1.55,False,,False
805,4830,673959,2025-01-25 03:00:40.421222,phone case,Tablet,Homepage,True,"['OtterBox Defender', 'Spigen Tough Armor', 'Apple Silicone Case']",2.38,True,OtterBox Defender,False
806,1777,865612,2025-01-26 04:16:21.421222,keyboard,Mobile,Category Page,True,"['Logitech MX Keys', 'Razer BlackWidow', 'Corsair K95']",1.08,True,Corsair K95,False
807,6963,466288,2025-01-30 05:12:35.421222,wireless earbuds,Mobile,Homepage,True,"['AirPods Pro', 'Sony WF-1000XM4', 'Bose QuietComfort Earbuds']",2.33,False,,False
808,4779,215698,2025-01-24 01:05:27.421222,keyboard,Tablet,Homepage,True,"['Logitech MX Keys', 'Razer BlackWidow', 'Corsair K95']",1.26,True,Corsair K95,False
809,1292,477436,2025-02-01 13:33:45.421222,headphones,Mobile,Homepage,True,"['Sony WH-1000XM5', 'Bose 700', 'Sennheiser Momentum 4']",2.46,True,Sennheiser Momentum 4,False
810,8998,604867,2025-01-21 16:37:47.421222,external hard drive,Desktop,Product Page,True,"['Seagate 2TB', 'WD My Passport', 'Samsung T7']",1.06,True,WD My Passport,False
811,5277,164753,2025-02-03 18:37:22.421222,headphones,Desktop,Product Page,True,"['Sony WH-1000XM5', 'Bose 700', 'Sennheiser Momentum 4']",0.92,False,,False
812,4952,646093,2025-01-24 22:46:33.421222,headphones,Tablet,Category Page,True,"['Sony WH-1000XM5', 'Bose 700', 'Sennheiser Momentum 4']",0.69,False,,False
813,5676,612887,2025-02-01 21:28:28.421222,smartphone,Mobile,Homepage,True,"['iPhone 15', 'Samsung Galaxy S24', 'Google Pixel 8']",2.72,True,iPhone 15,False
814,1732,719389,2025-01-25 12:42:50.421222,coffee mug,Desktop,Product Page,True,"['Ceramic Mug', 'Travel Mug', 'Insulated Mug']",3.38,False,,False
815,3335,650371,2025-01-20 00:01:44.421222,shoes,Tablet,Homepage,False,[],1.78,False,,False
816,8457,290630,2025-01-17 08:15:48.421222,water bottle,Mobile,Product Page,False,[],3.24,False,,False
817,4636,488209,2025-01-27 08:23:38.421222,gaming chair,Mobile,Product Page,True,"['DXRacer', 'Secretlab Titan', 'Razer Iskur']",2.74,True,Razer Iskur,True
818,5423,552402,2025-01-24 19:51:20.421222,phone case,Tablet,Product Page,True,"['OtterBox Defender', 'Spigen Tough Armor', 'Apple Silicone Case']",1.31,True,Spigen Tough Armor,False
819,2857,580225,2025-01-31 20:27:25.421222,smartphone,Tablet,Product Page,True,"['iPhone 15', 'Samsung Galaxy S24', 'Google Pixel 8']",2.63,True,Google Pixel 8,False
820,4842,504191,2025-01-24 19:42:21.421222,dresses,Tablet,Product Page,False,[],3.1,False,,False
821,4895,322207,2025-02-04 09:55:07.421222,keyboard,Mobile,Category Page,True,"['Logitech MX Keys', 'Razer BlackWidow', 'Corsair K95']",1.74,True,Corsair K95,False
822,2368,266376,2025-01-18 06:38:50.421222,phone case,Mobile,Product Page,True,"['OtterBox Defender', 'Spigen Tough Armor', 'Apple Silicone Case']",2.52,False,,False
823,1578,850048,2025-01-15 07:54:15.421222,water bottle,Mobile,Product Page,False,[],2.68,False,,False
824,2466,905079,2025-01-22 07:36:24.421222,shoes,Desktop,Category Page,False,[],2.57,False,,False
825,4247,201730,2025-01-22 13:29:54.421222,gaming chair,Tablet,Product Page,True,"['DXRacer', 'Secretlab Titan', 'Razer Iskur']",0.52,True,Razer Iskur,False
826,3579,353637,2025-01-21 10:53:45.421222,laptop,Tablet,Homepage,True,"['Dell XPS 13', 'MacBook Air', 'HP Spectre x360']",2.12,True,HP Spectre x360,False
827,9120,494760,2025-01-18 03:43:43.421222,laptop,Tablet,Homepage,True,"['Dell XPS 13', 'MacBook Air', 'HP Spectre x360']",0.48,True,MacBook Air,False
828,7287,757808,2025-01-31 06:31:32.421222,gaming chair,Desktop,Product Page,True,"['DXRacer', 'Secretlab Titan', 'Razer Iskur']",2.94,True,Razer Iskur,False
829,8366,489280,2025-01-31 12:42:28.421222,socks,Mobile,Product Page,False,[],0.75,False,,False
830,8119,723989,2025-01-30 22:27:38.421222,headphones,Mobile,Product Page,True,"['Sony WH-1000XM5', 'Bose 700', 'Sennheiser Momentum 4']",1.05,True,Sony WH-1000XM5,False
831,7304,306662,2025-01-07 09:18:21.421222,external hard drive,Desktop,Category Page,True,"['Seagate 2TB', 'WD My Passport', 'Samsung T7']",0.21,False,,False
832,4100,92613,2025-01-13 08:36:28.421222,dresses,Tablet,Homepage,False,[],0.43,False,,False
833,8503,909509,2025-01-27 20:31:38.421222,laptop,Desktop,Product Page,True,"['Dell XPS 13', 'MacBook Air', 'HP Spectre x360']",1.71,True,Dell XPS 13,False
834,2933,393312,2025-01-30 17:43:25.421222,water bottle,Mobile,Product Page,False,[],3.06,False,,False
835,7233,716538,2025-01-07 07:14:58.421222,dresses,Mobile,Homepage,False,[],2.42,False,,False
836,4273,288115,2025-01-19 19:22:57.421222,smartphone,Desktop,Product Page,True,"['iPhone 15', 'Samsung Galaxy S24', 'Google Pixel 8']",2.3,True,iPhone 15,False
837,6419,510145,2025-01-31 04:44:45.421222,water bottle,Desktop,Category Page,False,[],0.92,False,,False
838,1442,401372,2025-01-30 13:44:04.421222,shoes,Tablet,Product Page,False,[],1.51,False,,False
839,1218,369611,2025-02-03 23:21:55.421222,gaming chair,Mobile,Homepage,True,"['DXRacer', 'Secretlab Titan', 'Razer Iskur']",2.06,True,Secretlab Titan,False
840,8254,745988,2025-01-26 13:51:12.421222,mouse,Desktop,Product Page,True,"['Logitech MX Master 3', 'Razer DeathAdder', 'SteelSeries Rival 5']",1.28,False,,False
841,6063,62538,2025-01-11 11:43:12.421222,headphones,Desktop,Product Page,True,"['Sony WH-1000XM5', 'Bose 700', 'Sennheiser Momentum 4']",3.25,True,Sony WH-1000XM5,True
842,8562,514158,2025-01-28 18:59:42.421222,headphones,Mobile,Product Page,True,"['Sony WH-1000XM5', 'Bose 700', 'Sennheiser Momentum 4']",1.79,True,Bose 700,True
843,4509,607469,2025-01-14 03:29:38.421222,keyboard,Tablet,Homepage,True,"['Logitech MX Keys', 'Razer BlackWidow', 'Corsair K95']",0.6,False,,False
844,5512,872984,2025-01-31 21:58:20.421222,coffee mug,Desktop,Homepage,True,"['Ceramic Mug', 'Travel Mug', 'Insulated Mug']",1.36,False,,False
845,3924,694285,2025-01-29 20:39:46.421222,external hard drive,Desktop,Product Page,True,"['Seagate 2TB', 'WD My Passport', 'Samsung T7']",0.93,False,,False
846,9905,445949,2025-01-07 14:05:09.421222,smartphone,Tablet,Product Page,True,"['iPhone 15', 'Samsung Galaxy S24', 'Google Pixel 8']",2.41,False,,False
847,9099,260525,2025-01-29 01:03:11.421222,gaming chair,Tablet,Category Page,True,"['DXRacer', 'Secretlab Titan', 'Razer Iskur']",2.05,True,DXRacer,True
848,7131,79701,2025-02-03 17:02:55.421222,wireless earbuds,Mobile,Category Page,True,"['AirPods Pro', 'Sony WF-1000XM4', 'Bose QuietComfort Earbuds']",1.23,False,,False
849,1704,699085,2025-01-12 23:31:54.421222,mouse,Tablet,Product Page,True,"['Logitech MX Master 3', 'Razer DeathAdder', 'SteelSeries Rival 5']",1.47,True,SteelSeries Rival 5,False
850,4737,924477,2025-01-09 02:22:53.421222,laptop,Tablet,Product Page,True,"['Dell XPS 13', 'MacBook Air', 'HP Spectre x360']",1.68,True,Dell XPS 13,False
851,2312,795123,2025-01-10 10:20:57.421222,headphones,Desktop,Homepage,True,"['Sony WH-1000XM5', 'Bose 700', 'Sennheiser Momentum 4']",1.3,True,Sony WH-1000XM5,True
852,1418,522069,2025-01-11 08:55:19.421222,water bottle,Tablet,Homepage,False,[],2.99,False,,False
853,3442,407166,2025-01-06 13:53:55.421222,phone case,Desktop,Category Page,True,"['OtterBox Defender', 'Spigen Tough Armor', 'Apple Silicone Case']",1.04,True,Spigen Tough Armor,False
854,8328,146673,2025-02-02 17:59:56.421222,keyboard,Mobile,Category Page,True,"['Logitech MX Keys', 'Razer BlackWidow', 'Corsair K95']",0.46,True,Logitech MX Keys,False
855,5002,399424,2025-01-10 22:07:50.421222,socks,Desktop,Product Page,False,[],1.74,False,,False
856,7630,847028,2025-02-02 13:33:32.421222,wireless earbuds,Desktop,Category Page,True,"['AirPods Pro', 'Sony WF-1000XM4', 'Bose QuietComfort Earbuds']",3.15,True,Sony WF-1000XM4,False
857,1367,94118,2025-01-15 12:14:22.421222,wireless earbuds,Mobile,Product Page,True,"['AirPods Pro', 'Sony WF-1000XM4', 'Bose QuietComfort Earbuds']",2.26,True,Sony WF-1000XM4,False
858,9172,788470,2025-01-12 00:23:24.421222,water bottle,Tablet,Category Page,False,[],3.22,False,,False
859,8822,247776,2025-02-01 14:38:26.421222,headphones,Tablet,Homepage,True,"['Sony WH-1000XM5', 'Bose 700', 'Sennheiser Momentum 4']",3.23,False,,False
860,1877,53000,2025-01-08 04:26:31.421222,coffee mug,Tablet,Product Page,True,"['Ceramic Mug', 'Travel Mug', 'Insulated Mug']",2.77,True,Travel Mug,False
861,1074,710383,2025-01-16 10:59:09.421222,socks,Desktop,Homepage,False,[],0.85,False,,False
862,3312,472666,2025-01-05 15:50:17.421222,headphones,Tablet,Category Page,True,"['Sony WH-1000XM5', 'Bose 700', 'Sennheiser Momentum 4']",0.8,False,,False
863,1920,938525,2025-01-26 23:26:21.421222,wireless earbuds,Tablet,Category Page,True,"['AirPods Pro', 'Sony WF-1000XM4', 'Bose QuietComfort Earbuds']",1.12,False,,False
864,8645,64548,2025-01-26 19:02:52.421222,headphones,Tablet,Product Page,True,"['Sony WH-1000XM5', 'Bose 700', 'Sennheiser Momentum 4']",1.45,True,Bose 700,False
865,3491,84589,2025-01-24 05:33:21.421222,wireless earbuds,Mobile,Category Page,True,"['AirPods Pro', 'Sony WF-1000XM4', 'Bose QuietComfort Earbuds']",1.18,False,,False
866,1856,946163,2025-01-18 03:54:44.421222,smartphone,Mobile,Product Page,True,"['iPhone 15', 'Samsung Galaxy S24', 'Google Pixel 8']",0.39,True,Google Pixel 8,True
867,7577,169592,2025-01-11 04:40:47.421222,gaming chair,Desktop,Category Page,True,"['DXRacer', 'Secretlab Titan', 'Razer Iskur']",1.99,True,Razer Iskur,False
868,1291,621976,2025-02-01 20:27:44.421222,water bottle,Desktop,Homepage,False,[],2.17,False,,False
869,5281,918818,2025-01-29 11:38:21.421222,headphones,Mobile,Category Page,True,"['Sony WH-1000XM5', 'Bose 700', 'Sennheiser Momentum 4']",3.18,True,Sony WH-1000XM5,False
870,9527,478288,2025-01-12 04:03:48.421222,socks,Tablet,Category Page,False,[],2.64,False,,False
871,6895,466854,2025-01-31 15:16:44.421222,gaming chair,Tablet,Category Page,True,"['DXRacer', 'Secretlab Titan', 'Razer Iskur']",2.39,True,DXRacer,False
872,1496,400221,2025-01-25 05:01:08.421222,shoes,Tablet,Category Page,False,[],2.99,False,,False
873,7246,87479,2025-01-25 16:24:57.421222,laptop,Desktop,Homepage,True,"['Dell XPS 13', 'MacBook Air', 'HP Spectre x360']",2.68,True,Dell XPS 13,False
874,5845,835601,2025-01-08 11:35:27.421222,shoes,Tablet,Homepage,False,[],2.23,False,,False
875,3485,737543,2025-01-05 13:26:57.421222,coffee mug,Desktop,Product Page,True,"['Ceramic Mug', 'Travel Mug', 'Insulated Mug']",2.99,False,,False
876,1463,109332,2025-02-01 18:31:05.421222,smartphone,Tablet,Category Page,True,"['iPhone 15', 'Samsung Galaxy S24', 'Google Pixel 8']",1.55,True,Google Pixel 8,False
877,4314,118964,2025-01-25 20:16:58.421222,socks,Desktop,Homepage,False,[],2.93,False,,False
878,9209,596564,2025-01-19 12:43:43.421222,dresses,Desktop,Category Page,False,[],0.35,False,,False
879,5232,165607,2025-01-31 02:18:23.421222,coffee mug,Tablet,Homepage,True,"['Ceramic Mug', 'Travel Mug', 'Insulated Mug']",0.63,True,Travel Mug,False
880,6648,760855,2025-01-27 10:12:14.421222,shoes,Tablet,Homepage,False,[],1.52,False,,False
881,6282,955921,2025-01-28 18:39:53.421222,mouse,Mobile,Category Page,True,"['Logitech MX Master 3', 'Razer DeathAdder', 'SteelSeries Rival 5']",2.24,True,Logitech MX Master 3,False
882,8050,544469,2025-01-05 15:24:09.421222,coffee mug,Desktop,Category Page,True,"['Ceramic Mug', 'Travel Mug', 'Insulated Mug']",0.66,True,Travel Mug,False
883,5058,499137,2025-01-31 02:32:35.421222,laptop,Mobile,Category Page,True,"['Dell XPS 13', 'MacBook Air', 'HP Spectre x360']",1.47,False,,False
884,9873,764576,2025-01-13 10:08:30.421222,wireless earbuds,Tablet,Category Page,True,"['AirPods Pro', 'Sony WF-1000XM4', 'Bose QuietComfort Earbuds']",1.75,True,AirPods Pro,False
885,5502,139124,2025-02-01 10:42:48.421222,mouse,Desktop,Homepage,True,"['Logitech MX Master 3', 'Razer DeathAdder', 'SteelSeries Rival 5']",1.55,True,Logitech MX Master 3,False
886,3021,132851,2025-01-13 23:24:27.421222,phone case,Mobile,Category Page,True,"['OtterBox Defender', 'Spigen Tough Armor', 'Apple Silicone Case']",1.55,True,Spigen Tough Armor,False
887,6028,531726,2025-01-27 01:26:31.421222,phone case,Tablet,Product Page,True,"['OtterBox Defender', 'Spigen Tough Armor', 'Apple Silicone Case']",1.61,False,,False
888,5876,532321,2025-01-09 13:39:19.421222,external hard drive,Tablet,Product Page,True,"['Seagate 2TB', 'WD My Passport', 'Samsung T7']",0.45,True,Seagate 2TB,False
889,7570,650790,2025-01-21 10:26:06.421222,dresses,Mobile,Homepage,False,[],0.6,False,,False
890,6830,994419,2025-01-23 17:47:31.421222,socks,Desktop,Product Page,False,[],2.29,False,,False
891,7475,234460,2025-01-06 06:51:09.421222,wireless earbuds,Mobile,Homepage,True,"['AirPods Pro', 'Sony WF-1000XM4', 'Bose QuietComfort Earbuds']",1.47,True,Sony WF-1000XM4,False
892,5440,915908,2025-01-22 03:55:13.421222,water bottle,Tablet,Homepage,False,[],2.29,False,,False
893,3419,323401,2025-01-10 11:35:46.421222,water bottle,Desktop,Product Page,False,[],2.82,False,,False
894,6144,130011,2025-01-23 14:46:12.421222,external hard drive,Tablet,Category Page,True,"['Seagate 2TB', 'WD My Passport', 'Samsung T7']",0.33,True,Seagate 2TB,True
895,2156,380627,2025-01-20 00:58:02.421222,headphones,Desktop,Category Page,True,"['Sony WH-1000XM5', 'Bose 700', 'Sennheiser Momentum 4']",1.34,True,Bose 700,True
896,8104,894818,2025-01-18 03:34:45.421222,external hard drive,Desktop,Category Page,True,"['Seagate 2TB', 'WD My Passport', 'Samsung T7']",3.5,True,Samsung T7,False
897,8645,751667,2025-01-06 21:33:14.421222,laptop,Tablet,Product Page,True,"['Dell XPS 13', 'MacBook Air', 'HP Spectre x360']",2.5,False,,False
898,6458,695620,2025-01-10 00:30:09.421222,headphones,Mobile,Homepage,True,"['Sony WH-1000XM5', 'Bose 700', 'Sennheiser Momentum 4']",1.85,False,,False
899,1785,904311,2025-02-02 04:08:59.421222,headphones,Tablet,Category Page,True,"['Sony WH-1000XM5', 'Bose 700', 'Sennheiser Momentum 4']",3.13,True,Bose 700,False
900,7474,201754,2025-01-05 20:45:16.421222,wireless earbuds,Mobile,Homepage,True,"['AirPods Pro', 'Sony WF-1000XM4', 'Bose QuietComfort Earbuds']",2.94,True,Sony WF-1000XM4,True
901,7573,103652,2025-01-26 22:21:37.421222,socks,Mobile,Homepage,False,[],1.76,False,,False
902,1645,966301,2025-02-02 02:22:15.421222,phone case,Desktop,Product Page,True,"['OtterBox Defender', 'Spigen Tough Armor', 'Apple Silicone Case']",2.96,True,Apple Silicone Case,False
903,1142,303350,2025-02-03 00:37:48.421222,dresses,Tablet,Homepage,False,[],1.59,False,,False
904,1096,90156,2025-01-15 19:06:48.421222,laptop,Desktop,Product Page,True,"['Dell XPS 13', 'MacBook Air', 'HP Spectre x360']",2.6,False,,False
905,5138,797839,2025-01-31 01:32:46.421222,socks,Tablet,Category Page,False,[],2.79,False,,False
906,3864,646875,2025-01-30 18:10:11.421222,mouse,Mobile,Product Page,True,"['Logitech MX Master 3', 'Razer DeathAdder', 'SteelSeries Rival 5']",0.96,True,Logitech MX Master 3,False
907,9055,815394,2025-01-05 11:48:17.421222,laptop,Mobile,Product Page,True,"['Dell XPS 13', 'MacBook Air', 'HP Spectre x360']",1.8,True,MacBook Air,False
908,1432,874313,2025-01-10 17:04:16.421222,gaming chair,Desktop,Homepage,True,"['DXRacer', 'Secretlab Titan', 'Razer Iskur']",2.86,True,Secretlab Titan,False
909,8920,348399,2025-01-22 04:16:10.421222,external hard drive,Tablet,Category Page,True,"['Seagate 2TB', 'WD My Passport', 'Samsung T7']",0.75,True,Seagate 2TB,False
910,9704,781922,2025-01-19 15:18:29.421222,gaming chair,Desktop,Product Page,True,"['DXRacer', 'Secretlab Titan', 'Razer Iskur']",2.53,True,Secretlab Titan,True
911,5661,909292,2025-01-10 23:53:46.421222,phone case,Mobile,Category Page,True,"['OtterBox Defender', 'Spigen Tough Armor', 'Apple Silicone Case']",0.73,True,Apple Silicone Case,False
912,5127,634088,2025-01-08 20:32:22.421222,keyboard,Mobile,Product Page,True,"['Logitech MX Keys', 'Razer BlackWidow', 'Corsair K95']",3.28,True,Razer BlackWidow,False
913,1539,480728,2025-02-04 00:14:01.421222,mouse,Mobile,Homepage,True,"['Logitech MX Master 3', 'Razer DeathAdder', 'SteelSeries Rival 5']",2.32,True,Razer DeathAdder,False
914,6666,235037,2025-01-19 01:15:51.421222,phone case,Tablet,Homepage,True,"['OtterBox Defender', 'Spigen Tough Armor', 'Apple Silicone Case']",2.36,True,Apple Silicone Case,True
915,3031,101757,2025-01-23 04:55:54.421222,water bottle,Desktop,Category Page,False,[],1.12,False,,False
916,9940,643713,2025-01-15 08:54:45.421222,shoes,Desktop,Product Page,False,[],0.44,False,,False
917,8066,89644,2025-01-18 17:06:16.421222,external hard drive,Tablet,Product Page,True,"['Seagate 2TB', 'WD My Passport', 'Samsung T7']",0.96,True,Seagate 2TB,False
918,3837,674589,2025-02-03 16:32:35.421222,phone case,Mobile,Homepage,True,"['OtterBox Defender', 'Spigen Tough Armor', 'Apple Silicone Case']",3.36,True,Spigen Tough Armor,False
919,3521,983258,2025-01-20 09:47:45.421222,headphones,Desktop,Category Page,True,"['Sony WH-1000XM5', 'Bose 700', 'Sennheiser Momentum 4']",2.01,True,Bose 700,True
920,1613,179796,2025-01-22 04:06:18.421222,water bottle,Desktop,Homepage,False,[],0.83,False,,False
921,7640,971617,2025-01-10 17:22:55.421222,headphones,Desktop,Category Page,True,"['Sony WH-1000XM5', 'Bose 700', 'Sennheiser Momentum 4']",2.37,True,Bose 700,False
922,8828,301617,2025-01-17 02:32:55.421222,socks,Desktop,Category Page,False,[],2.16,False,,False
923,9087,125287,2025-01-06 16:30:58.421222,water bottle,Mobile,Product Page,False,[],2.85,False,,False
924,5468,456737,2025-01-14 06:40:01.421222,coffee mug,Desktop,Product Page,True,"['Ceramic Mug', 'Travel Mug', 'Insulated Mug']",0.97,True,Travel Mug,False
925,9791,943566,2025-01-23 12:55:34.421222,external hard drive,Tablet,Category Page,True,"['Seagate 2TB', 'WD My Passport', 'Samsung T7']",2.5,True,WD My Passport,False
926,4323,962549,2025-01-06 02:07:06.421222,shoes,Tablet,Category Page,False,[],3.42,False,,False
927,8633,359033,2025-01-30 14:51:37.421222,mouse,Mobile,Homepage,True,"['Logitech MX Master 3', 'Razer DeathAdder', 'SteelSeries Rival 5']",1.76,False,,False
928,7979,325580,2025-01-16 09:15:54.421222,phone case,Desktop,Homepage,True,"['OtterBox Defender', 'Spigen Tough Armor', 'Apple Silicone Case']",3.0,True,Spigen Tough Armor,False
929,8909,338818,2025-02-03 10:14:22.421222,smartphone,Tablet,Homepage,True,"['iPhone 15', 'Samsung Galaxy S24', 'Google Pixel 8']",1.73,False,,False
930,6498,444179,2025-01-11 19:57:58.421222,phone case,Desktop,Product Page,True,"['OtterBox Defender', 'Spigen Tough Armor', 'Apple Silicone Case']",0.81,True,Apple Silicone Case,False
931,9798,401808,2025-01-30 23:03:27.421222,coffee mug,Desktop,Product Page,True,"['Ceramic Mug', 'Travel Mug', 'Insulated Mug']",1.18,False,,False
932,8383,209861,2025-01-31 19:58:11.421222,dresses,Desktop,Homepage,False,[],3.26,False,,False
933,4428,830313,2025-01-25 16:49:50.421222,keyboard,Mobile,Product Page,True,"['Logitech MX Keys', 'Razer BlackWidow', 'Corsair K95']",1.46,True,Corsair K95,False
934,7162,776577,2025-01-06 05:47:34.421222,headphones,Desktop,Homepage,True,"['Sony WH-1000XM5', 'Bose 700', 'Sennheiser Momentum 4']",2.15,True,Bose 700,False
935,9595,900396,2025-01-24 14:26:44.421222,gaming chair,Tablet,Category Page,True,"['DXRacer', 'Secretlab Titan', 'Razer Iskur']",2.39,False,,False
936,1504,793907,2025-02-01 14:09:49.421222,smartphone,Mobile,Category Page,True,"['iPhone 15', 'Samsung Galaxy S24', 'Google Pixel 8']",2.11,True,Samsung Galaxy S24,False
937,9020,567032,2025-01-20 10:51:18.421222,wireless earbuds,Mobile,Homepage,True,"['AirPods Pro', 'Sony WF-1000XM4', 'Bose QuietComfort Earbuds']",1.69,True,AirPods Pro,False
938,4164,472791,2025-01-27 06:04:53.421222,gaming chair,Desktop,Homepage,True,"['DXRacer', 'Secretlab Titan', 'Razer Iskur']",3.11,True,DXRacer,False
939,1112,63949,2025-01-09 23:42:08.421222,dresses,Tablet,Product Page,False,[],1.41,False,,False
940,8290,425133,2025-01-08 17:14:43.421222,dresses,Desktop,Product Page,False,[],0.44,False,,False
941,2728,404937,2025-01-30 04:59:18.421222,water bottle,Mobile,Homepage,False,[],1.64,False,,False
942,6811,588482,2025-01-16 17:46:09.421222,keyboard,Mobile,Product Page,True,"['Logitech MX Keys', 'Razer BlackWidow', 'Corsair K95']",2.78,True,Razer BlackWidow,False
943,5613,305456,2025-01-10 09:48:40.421222,phone case,Desktop,Category Page,True,"['OtterBox Defender', 'Spigen Tough Armor', 'Apple Silicone Case']",2.04,False,,False
944,1519,766300,2025-02-01 19:26:40.421222,coffee mug,Mobile,Category Page,True,"['Ceramic Mug', 'Travel Mug', 'Insulated Mug']",2.49,True,Ceramic Mug,False
945,3831,624524,2025-01-25 06:41:38.421222,phone case,Desktop,Category Page,True,"['OtterBox Defender', 'Spigen Tough Armor', 'Apple Silicone Case']",0.46,True,OtterBox Defender,False
946,4675,419018,2025-01-31 15:50:03.421222,shoes,Tablet,Product Page,False,[],1.81,False,,False
947,8823,653404,2025-01-19 04:49:33.421222,shoes,Desktop,Homepage,False,[],3.01,False,,False
948,5038,887257,2025-02-01 03:55:03.421222,socks,Tablet,Product Page,False,[],0.23,False,,False
949,2212,217367,2025-01-11 12:30:29.421222,dresses,Desktop,Category Page,False,[],2.63,False,,False
950,8824,313901,2025-01-31 09:49:34.421222,headphones,Desktop,Homepage,True,"['Sony WH-1000XM5', 'Bose 700', 'Sennheiser Momentum 4']",2.89,True,Sony WH-1000XM5,False
951,1508,421243,2025-01-16 10:02:24.421222,socks,Tablet,Homepage,False,[],1.24,False,,False
952,7449,990687,2025-01-20 05:09:07.421222,keyboard,Tablet,Homepage,True,"['Logitech MX Keys', 'Razer BlackWidow', 'Corsair K95']",3.16,False,,False
953,2082,189380,2025-01-13 01:49:36.421222,external hard drive,Tablet,Product Page,True,"['Seagate 2TB', 'WD My Passport', 'Samsung T7']",3.2,False,,False
954,7060,412012,2025-01-07 12:37:31.421222,headphones,Tablet,Product Page,True,"['Sony WH-1000XM5', 'Bose 700', 'Sennheiser Momentum 4']",1.71,True,Sennheiser Momentum 4,False
955,7812,701614,2025-01-23 05:25:37.421222,keyboard,Desktop,Homepage,True,"['Logitech MX Keys', 'Razer BlackWidow', 'Corsair K95']",3.06,False,,False
956,7249,669926,2025-02-03 18:10:57.421222,external hard drive,Tablet,Homepage,True,"['Seagate 2TB', 'WD My Passport', 'Samsung T7']",3.25,False,,False
957,6689,691529,2025-01-20 06:57:12.421222,wireless earbuds,Tablet,Product Page,True,"['AirPods Pro', 'Sony WF-1000XM4', 'Bose QuietComfort Earbuds']",2.11,True,AirPods Pro,False
958,3336,467522,2025-01-08 10:09:52.421222,socks,Mobile,Category Page,False,[],1.76,False,,False
959,6769,689322,2025-01-20 21:19:56.421222,water bottle,Tablet,Product Page,False,[],2.53,False,,False
960,6672,322719,2025-01-17 23:53:36.421222,coffee mug,Desktop,Homepage,True,"['Ceramic Mug', 'Travel Mug', 'Insulated Mug']",2.59,False,,False
961,8021,121437,2025-01-10 03:38:31.421222,gaming chair,Mobile,Homepage,True,"['DXRacer', 'Secretlab Titan', 'Razer Iskur']",3.17,False,,False
962,4281,906341,2025-01-30 20:16:10.421222,water bottle,Mobile,Homepage,False,[],0.21,False,,False
963,2074,790493,2025-01-11 09:55:04.421222,wireless earbuds,Desktop,Product Page,True,"['AirPods Pro', 'Sony WF-1000XM4', 'Bose QuietComfort Earbuds']",1.32,True,AirPods Pro,False
964,1904,307880,2025-01-07 18:38:07.421222,dresses,Tablet,Product Page,False,[],1.58,False,,False
965,2331,894078,2025-01-17 17:19:59.421222,headphones,Desktop,Category Page,True,"['Sony WH-1000XM5', 'Bose 700', 'Sennheiser Momentum 4']",3.05,False,,False
966,8724,686453,2025-01-27 23:28:21.421222,shoes,Mobile,Homepage,False,[],3.15,False,,False
967,8846,94354,2025-01-13 02:41:35.421222,shoes,Tablet,Category Page,False,[],2.26,False,,False
968,5192,524429,2025-01-08 17:26:40.421222,phone case,Mobile,Category Page,True,"['OtterBox Defender', 'Spigen Tough Armor', 'Apple Silicone Case']",3.05,True,OtterBox Defender,False
969,8211,771251,2025-02-01 06:55:14.421222,coffee mug,Desktop,Homepage,True,"['Ceramic Mug', 'Travel Mug', 'Insulated Mug']",3.14,False,,False
970,7406,196366,2025-01-24 15:41:55.421222,mouse,Mobile,Product Page,True,"['Logitech MX Master 3', 'Razer DeathAdder', 'SteelSeries Rival 5']",3.25,True,Razer DeathAdder,False
971,5088,169085,2025-01-10 11:03:57.421222,water bottle,Mobile,Product Page,False,[],0.49,False,,False
972,1805,610246,2025-01-06 06:06:59.421222,phone case,Desktop,Homepage,True,"['OtterBox Defender', 'Spigen Tough Armor', 'Apple Silicone Case']",2.08,True,OtterBox Defender,False
973,9595,146419,2025-01-11 00:52:06.421222,headphones,Desktop,Homepage,True,"['Sony WH-1000XM5', 'Bose 700', 'Sennheiser Momentum 4']",2.65,True,Sony WH-1000XM5,False
974,3354,609124,2025-02-01 22:54:49.421222,mouse,Desktop,Homepage,True,"['Logitech MX Master 3', 'Razer DeathAdder', 'SteelSeries Rival 5']",1.79,False,,False
975,7921,286629,2025-01-07 02:38:44.421222,phone case,Mobile,Homepage,True,"['OtterBox Defender', 'Spigen Tough Armor', 'Apple Silicone Case']",3.17,False,,False
976,6314,727308,2025-01-10 18:55:07.421222,headphones,Desktop,Homepage,True,"['Sony WH-1000XM5', 'Bose 700', 'Sennheiser Momentum 4']",1.97,False,,False
977,5321,826093,2025-01-13 01:11:04.421222,mouse,Mobile,Homepage,True,"['Logitech MX Master 3', 'Razer DeathAdder', 'SteelSeries Rival 5']",3.03,True,SteelSeries Rival 5,False
978,5025,887213,2025-01-06 04:51:48.421222,water bottle,Mobile,Product Page,False,[],3.05,False,,False
979,1168,277782,2025-01-26 01:44:12.421222,water bottle,Mobile,Homepage,False,[],2.24,False,,False
980,5670,505624,2025-01-23 16:45:01.421222,mouse,Desktop,Category Page,True,"['Logitech MX Master 3', 'Razer DeathAdder', 'SteelSeries Rival 5']",2.06,True,Logitech MX Master 3,False
981,4066,140645,2025-01-08 08:15:05.421222,mouse,Mobile,Category Page,True,"['Logitech MX Master 3', 'Razer DeathAdder', 'SteelSeries Rival 5']",1.3,False,,False
982,7994,559931,2025-01-27 22:57:56.421222,wireless earbuds,Tablet,Product Page,True,"['AirPods Pro', 'Sony WF-1000XM4', 'Bose QuietComfort Earbuds']",2.47,True,Bose QuietComfort Earbuds,False
983,3080,861685,2025-01-30 07:03:14.421222,mouse,Mobile,Category Page,True,"['Logitech MX Master 3', 'Razer DeathAdder', 'SteelSeries Rival 5']",0.29,False,,False
984,6698,597405,2025-01-07 06:59:59.421222,shoes,Tablet,Product Page,False,[],1.22,False,,False
985,9808,579815,2025-01-25 15:34:31.421222,wireless earbuds,Mobile,Product Page,True,"['AirPods Pro', 'Sony WF-1000XM4', 'Bose QuietComfort Earbuds']",2.35,True,AirPods Pro,False
986,9352,198236,2025-01-08 09:03:50.421222,wireless earbuds,Mobile,Category Page,True,"['AirPods Pro', 'Sony WF-1000XM4', 'Bose QuietComfort Earbuds']",3.25,True,AirPods Pro,False
987,2180,377326,2025-01-15 16:21:59.421222,gaming chair,Mobile,Product Page,True,"['DXRacer', 'Secretlab Titan', 'Razer Iskur']",2.05,True,Razer Iskur,False
988,5631,775467,2025-01-18 06:58:22.421222,coffee mug,Desktop,Category Page,True,"['Ceramic Mug', 'Travel Mug', 'Insulated Mug']",0.63,True,Travel Mug,False
989,6065,599482,2025-01-12 06:57:57.421222,water bottle,Mobile,Product Page,False,[],2.86,False,,False
990,4047,913071,2025-01-19 00:49:27.421222,laptop,Mobile,Category Page,True,"['Dell XPS 13', 'MacBook Air', 'HP Spectre x360']",1.67,True,MacBook Air,False
991,6767,337828,2025-01-19 03:10:11.421222,smartphone,Mobile,Product Page,True,"['iPhone 15', 'Samsung Galaxy S24', 'Google Pixel 8']",1.83,True,Samsung Galaxy S24,False
992,8902,364723,2025-01-10 01:25:15.421222,shoes,Tablet,Category Page,False,[],2.9,False,,False
993,3884,847931,2025-01-08 09:07:34.421222,socks,Tablet,Homepage,False,[],1.51,False,,False
994,7159,641715,2025-01-22 17:18:21.421222,dresses,Tablet,Product Page,False,[],3.11,False,,False
995,8752,893346,2025-01-18 04:15:41.421222,dresses,Tablet,Product Page,False,[],2.95,False,,False
996,7357,304198,2025-01-06 15:17:19.421222,dresses,Desktop,Product Page,False,[],0.83,False,,False
997,5820,590935,2025-01-30 16:58:30.421222,phone case,Mobile,Product Page,True,"['OtterBox Defender', 'Spigen Tough Armor', 'Apple Silicone Case']",3.08,True,Apple Silicone Case,False
998,3566,857940,2025-01-19 01:51:22.421222,keyboard,Desktop,Product Page,True,"['Logitech MX Keys', 'Razer BlackWidow', 'Corsair K95']",2.88,True,Razer BlackWidow,False
999,6139,510166,2025-01-13 06:36:50.421222,socks,Mobile,Category Page,False,[],2.16,False,,False
1000,6846,97667,2025-01-08 11:44:28.421222,laptop,Mobile,Homepage,True,"['Dell XPS 13', 'MacBook Air', 'HP Spectre x360']",2.21,False,,False
1001,2707,923521,2025-01-18 22:11:30.421222,dresses,Tablet,Product Page,False,[],2.49,False,,False
1002,8618,558420,2025-01-27 23:06:44.421222,water bottle,Desktop,Homepage,False,[],2.28,False,,False
1003,5437,981467,2025-01-25 19:08:38.421222,dresses,Desktop,Homepage,False,[],0.78,False,,False
1004,9030,339237,2025-01-29 10:44:43.421222,shoes,Desktop,Homepage,False,[],1.47,False,,False
1005,7525,891376,2025-01-31 09:10:45.421222,smartphone,Tablet,Category Page,True,"['iPhone 15', 'Samsung Galaxy S24', 'Google Pixel 8']",3.01,True,Samsung Galaxy S24,True
1006,8741,286839,2025-02-02 06:14:05.421222,keyboard,Desktop,Homepage,True,"['Logitech MX Keys', 'Razer BlackWidow', 'Corsair K95']",1.05,False,,False
1007,9317,399180,2025-01-11 08:03:57.421222,gaming chair,Mobile,Product Page,True,"['DXRacer', 'Secretlab Titan', 'Razer Iskur']",3.32,False,,False
1008,8267,889133,2025-01-21 13:39:06.421222,shoes,Mobile,Product Page,False,[],2.67,False,,False
1009,5163,710116,2025-01-25 21:36:16.421222,phone case,Desktop,Product Page,True,"['OtterBox Defender', 'Spigen Tough Armor', 'Apple Silicone Case']",2.19,False,,False
1010,2944,258649,2025-01-06 06:22:14.421222,phone case,Desktop,Category Page,True,"['OtterBox Defender', 'Spigen Tough Armor', 'Apple Silicone Case']",1.39,False,,False
1011,8437,326445,2025-01-15 04:26:06.421222,keyboard,Desktop,Product Page,True,"['Logitech MX Keys', 'Razer BlackWidow', 'Corsair K95']",2.51,False,,False
1012,4055,850931,2025-01-29 21:09:34.421222,mouse,Desktop,Homepage,True,"['Logitech MX Master 3', 'Razer DeathAdder', 'SteelSeries Rival 5']",1.04,True,Logitech MX Master 3,False
1013,5319,796253,2025-01-20 17:52:26.421222,headphones,Desktop,Homepage,True,"['Sony WH-1000XM5', 'Bose 700', 'Sennheiser Momentum 4']",1.95,True,Bose 700,False
1014,1750,477593,2025-02-02 20:47:17.421222,mouse,Desktop,Product Page,True,"['Logitech MX Master 3', 'Razer DeathAdder', 'SteelSeries Rival 5']",2.14,False,,False
1015,5626,369012,2025-01-25 06:12:28.421222,gaming chair,Tablet,Product Page,True,"['DXRacer', 'Secretlab Titan', 'Razer Iskur']",2.53,False,,False
1016,4465,328470,2025-01-21 18:06:10.421222,wireless earbuds,Desktop,Product Page,True,"['AirPods Pro', 'Sony WF-1000XM4', 'Bose QuietComfort Earbuds']",2.55,False,,False
1017,3410,313853,2025-01-24 01:21:41.421222,external hard drive,Mobile,Product Page,True,"['Seagate 2TB', 'WD My Passport', 'Samsung T7']",2.0,False,,False
1018,1193,994625,2025-01-15 21:27:20.421222,laptop,Tablet,Product Page,True,"['Dell XPS 13', 'MacBook Air', 'HP Spectre x360']",1.44,False,,False
1019,4960,732833,2025-01-12 22:33:25.421222,gaming chair,Tablet,Product Page,True,"['DXRacer', 'Secretlab Titan', 'Razer Iskur']",2.53,True,DXRacer,False
1020,5263,127484,2025-01-16 03:21:59.421222,phone case,Mobile,Homepage,True,"['OtterBox Defender', 'Spigen Tough Armor', 'Apple Silicone Case']",1.24,True,Apple Silicone Case,True
1021,6572,936195,2025-01-10 11:13:32.421222,socks,Mobile,Product Page,False,[],1.97,False,,False
1022,3321,154745,2025-01-17 18:18:07.421222,laptop,Tablet,Category Page,True,"['Dell XPS 13', 'MacBook Air', 'HP Spectre x360']",1.46,True,HP Spectre x360,False
1023,5656,354552,2025-01-29 05:54:24.421222,socks,Tablet,Category Page,False,[],0.3,False,,False
1024,4053,822473,2025-01-09 14:07:19.421222,headphones,Desktop,Category Page,True,"['Sony WH-1000XM5', 'Bose 700', 'Sennheiser Momentum 4']",0.51,True,Bose 700,False
1025,5488,710975,2025-01-06 01:02:12.421222,dresses,Tablet,Product Page,False,[],2.02,False,,False
1026,8983,653823,2025-01-24 04:40:48.421222,dresses,Mobile,Homepage,False,[],1.4,False,,False
1027,9831,836637,2025-01-11 01:52:53.421222,headphones,Desktop,Homepage,True,"['Sony WH-1000XM5', 'Bose 700', 'Sennheiser Momentum 4']",1.88,True,Sony WH-1000XM5,False
1028,5412,983008,2025-01-11 16:27:40.421222,dresses,Desktop,Product Page,False,[],1.21,False,,False
1029,8187,806015,2025-01-07 12:51:44.421222,external hard drive,Desktop,Product Page,True,"['Seagate 2TB', 'WD My Passport', 'Samsung T7']",1.72,True,Seagate 2TB,False
1030,5436,491654,2025-01-06 01:02:45.421222,mouse,Tablet,Product Page,True,"['Logitech MX Master 3', 'Razer DeathAdder', 'SteelSeries Rival 5']",2.83,False,,False
1031,3784,202127,2025-01-13 13:26:18.421222,gaming chair,Tablet,Product Page,True,"['DXRacer', 'Secretlab Titan', 'Razer Iskur']",0.65,True,Secretlab Titan,False
1032,5156,630597,2025-01-05 19:01:53.421222,socks,Mobile,Product Page,False,[],1.05,False,,False
1033,7697,470269,2025-01-10 01:17:51.421222,mouse,Desktop,Homepage,True,"['Logitech MX Master 3', 'Razer DeathAdder', 'SteelSeries Rival 5']",0.49,True,Razer DeathAdder,False
1034,9999,174143,2025-01-11 20:26:23.421222,water bottle,Mobile,Homepage,False,[],0.83,False,,False
1035,7263,772326,2025-01-08 16:30:22.421222,socks,Tablet,Homepage,False,[],3.36,False,,False
1036,4681,476733,2025-01-27 20:40:48.421222,laptop,Desktop,Category Page,True,"['Dell XPS 13', 'MacBook Air', 'HP Spectre x360']",3.1,True,HP Spectre x360,False
1037,4186,462805,2025-01-09 06:31:20.421222,coffee mug,Tablet,Product Page,True,"['Ceramic Mug', 'Travel Mug', 'Insulated Mug']",1.47,False,,False
1038,8424,280903,2025-02-04 00:30:02.421222,smartphone,Mobile,Homepage,True,"['iPhone 15', 'Samsung Galaxy S24', 'Google Pixel 8']",0.29,True,Samsung Galaxy S24,False
1039,3394,184972,2025-01-30 03:20:11.421222,external hard drive,Mobile,Category Page,True,"['Seagate 2TB', 'WD My Passport', 'Samsung T7']",1.67,True,WD My Passport,False
1040,9194,872873,2025-01-26 04:28:17.421222,phone case,Desktop,Category Page,True,"['OtterBox Defender', 'Spigen Tough Armor', 'Apple Silicone Case']",2.37,True,OtterBox Defender,False
1041,2711,431451,2025-01-22 17:28:09.421222,smartphone,Desktop,Product Page,True,"['iPhone 15', 'Samsung Galaxy S24', 'Google Pixel 8']",1.14,False,,False
1042,5817,951458,2025-01-11 05:22:14.421222,water bottle,Desktop,Product Page,False,[],1.72,False,,False
1043,2097,319832,2025-01-15 11:29:52.421222,mouse,Tablet,Homepage,True,"['Logitech MX Master 3', 'Razer DeathAdder', 'SteelSeries Rival 5']",0.85,False,,False
1044,3088,426599,2025-02-01 11:30:12.421222,phone case,Tablet,Category Page,True,"['OtterBox Defender', 'Spigen Tough Armor', 'Apple Silicone Case']",2.16,False,,False
1045,4643,742091,2025-01-08 23:41:29.421222,dresses,Mobile,Product Page,False,[],2.19,False,,False
1046,1520,956647,2025-01-09 14:41:44.421222,shoes,Mobile,Homepage,False,[],0.79,False,,False
1047,8494,810342,2025-01-25 14:46:37.421222,coffee mug,Tablet,Category Page,True,"['Ceramic Mug', 'Travel Mug', 'Insulated Mug']",1.9,False,,False
1048,6110,754547,2025-01-13 18:22:56.421222,mouse,Mobile,Product Page,True,"['Logitech MX Master 3', 'Razer DeathAdder', 'SteelSeries Rival 5']",0.94,True,Razer DeathAdder,True
1049,1087,400717,2025-01-30 16:10:58.421222,wireless earbuds,Tablet,Category Page,True,"['AirPods Pro', 'Sony WF-1000XM4', 'Bose QuietComfort Earbuds']",1.31,True,Bose QuietComfort Earbuds,False
1050,4318,364112,2025-01-19 07:44:08.421222,mouse,Tablet,Product Page,True,"['Logitech MX Master 3', 'Razer DeathAdder', 'SteelSeries Rival 5']",2.08,True,SteelSeries Rival 5,False
1051,6235,664788,2025-01-07 23:01:00.421222,wireless earbuds,Tablet,Homepage,True,"['AirPods Pro', 'Sony WF-1000XM4', 'Bose QuietComfort Earbuds']",2.13,True,Bose QuietComfort Earbuds,False
1052,7928,861991,2025-01-19 13:35:57.421222,headphones,Desktop,Product Page,True,"['Sony WH-1000XM5', 'Bose 700', 'Sennheiser Momentum 4']",2.07,True,Sony WH-1000XM5,True
1053,2004,641693,2025-01-20 10:20:14.421222,shoes,Mobile,Product Page,False,[],2.66,False,,False
1054,9503,677715,2025-01-14 18:33:13.421222,dresses,Tablet,Category Page,False,[],2.57,False,,False
1055,1399,157168,2025-02-01 04:20:39.421222,coffee mug,Desktop,Product Page,True,"['Ceramic Mug', 'Travel Mug', 'Insulated Mug']",3.49,True,Insulated Mug,True
1056,9662,258326,2025-01-17 21:37:37.421222,wireless earbuds,Tablet,Product Page,True,"['AirPods Pro', 'Sony WF-1000XM4', 'Bose QuietComfort Earbuds']",3.24,False,,False
1057,4735,817042,2025-01-08 15:45:08.421222,socks,Mobile,Homepage,False,[],0.32,False,,False
1058,4840,542145,2025-01-21 10:53:05.421222,laptop,Tablet,Homepage,True,"['Dell XPS 13', 'MacBook Air', 'HP Spectre x360']",2.08,True,HP Spectre x360,False
1059,8812,403186,2025-01-27 14:56:04.421222,external hard drive,Tablet,Category Page,True,"['Seagate 2TB', 'WD My Passport', 'Samsung T7']",0.29,True,Samsung T7,False
1060,5218,742740,2025-02-03 14:55:44.421222,laptop,Mobile,Homepage,True,"['Dell XPS 13', 'MacBook Air', 'HP Spectre x360']",0.91,False,,False
1061,6726,152947,2025-02-02 01:26:28.421222,wireless earbuds,Desktop,Homepage,True,"['AirPods Pro', 'Sony WF-1000XM4', 'Bose QuietComfort Earbuds']",0.85,False,,False
1062,1758,108749,2025-01-18 11:59:34.421222,water bottle,Tablet,Homepage,False,[],1.4,False,,False
1063,2340,206876,2025-01-27 02:30:56.421222,keyboard,Desktop,Product Page,True,"['Logitech MX Keys', 'Razer BlackWidow', 'Corsair K95']",1.25,False,,False
1064,2321,448926,2025-01-26 16:22:43.421222,mouse,Desktop,Homepage,True,"['Logitech MX Master 3', 'Razer DeathAdder', 'SteelSeries Rival 5']",2.79,False,,False
1065,6852,325322,2025-01-26 07:03:38.421222,smartphone,Desktop,Homepage,True,"['iPhone 15', 'Samsung Galaxy S24', 'Google Pixel 8']",1.32,True,Google Pixel 8,False
1066,6466,90822,2025-02-01 00:43:53.421222,mouse,Tablet,Product Page,True,"['Logitech MX Master 3', 'Razer DeathAdder', 'SteelSeries Rival 5']",0.77,True,Logitech MX Master 3,False
1067,8258,311779,2025-01-27 12:37:41.421222,gaming chair,Mobile,Category Page,True,"['DXRacer', 'Secretlab Titan', 'Razer Iskur']",0.47,True,DXRacer,True
1068,2178,847974,2025-01-18 10:14:09.421222,water bottle,Desktop,Category Page,False,[],2.21,False,,False
1069,4209,977104,2025-01-29 22:38:50.421222,external hard drive,Mobile,Homepage,True,"['Seagate 2TB', 'WD My Passport', 'Samsung T7']",2.8,True,Samsung T7,False
1070,9574,612556,2025-02-03 16:08:33.421222,phone case,Desktop,Homepage,True,"['OtterBox Defender', 'Spigen Tough Armor', 'Apple Silicone Case']",1.14,True,Spigen Tough Armor,False
1071,5420,247557,2025-01-27 16:24:28.421222,coffee mug,Tablet,Homepage,True,"['Ceramic Mug', 'Travel Mug', 'Insulated Mug']",1.11,True,Travel Mug,True
1072,2932,142680,2025-01-05 15:55:40.421222,smartphone,Desktop,Product Page,True,"['iPhone 15', 'Samsung Galaxy S24', 'Google Pixel 8']",3.12,True,Google Pixel 8,False
1073,1379,473531,2025-01-15 11:34:31.421222,laptop,Desktop,Homepage,True,"['Dell XPS 13', 'MacBook Air', 'HP Spectre x360']",1.18,False,,False
1074,9641,235325,2025-01-12 16:39:14.421222,dresses,Desktop,Category Page,False,[],3.05,False,,False
1075,8512,506185,2025-01-07 05:15:47.421222,smartphone,Mobile,Category Page,True,"['iPhone 15', 'Samsung Galaxy S24', 'Google Pixel 8']",1.22,False,,False
1076,9039,619110,2025-01-06 18:30:22.421222,phone case,Desktop,Category Page,True,"['OtterBox Defender', 'Spigen Tough Armor', 'Apple Silicone Case']",0.46,False,,False
1077,5147,899853,2025-01-11 22:14:04.421222,phone case,Desktop,Product Page,True,"['OtterBox Defender', 'Spigen Tough Armor', 'Apple Silicone Case']",3.49,True,Spigen Tough Armor,False
1078,1696,919977,2025-01-13 20:38:53.421222,smartphone,Tablet,Product Page,True,"['iPhone 15', 'Samsung Galaxy S24', 'Google Pixel 8']",2.42,False,,False
1079,5085,167696,2025-01-29 21:18:50.421222,smartphone,Tablet,Category Page,True,"['iPhone 15', 'Samsung Galaxy S24', 'Google Pixel 8']",3.29,True,iPhone 15,False
1080,9088,559241,2025-02-02 20:05:28.421222,keyboard,Mobile,Homepage,True,"['Logitech MX Keys', 'Razer BlackWidow', 'Corsair K95']",3.07,True,Corsair K95,True
1081,4919,949848,2025-02-02 08:36:27.421222,headphones,Tablet,Product Page,True,"['Sony WH-1000XM5', 'Bose 700', 'Sennheiser Momentum 4']",3.16,False,,False
1082,5304,58900,2025-01-15 19:38:38.421222,wireless earbuds,Desktop,Homepage,True,"['AirPods Pro', 'Sony WF-1000XM4', 'Bose QuietComfort Earbuds']",2.02,False,,False
1083,4188,50480,2025-01-29 07:17:35.421222,keyboard,Desktop,Homepage,True,"['Logitech MX Keys', 'Razer BlackWidow', 'Corsair K95']",2.42,True,Corsair K95,False
1084,4317,485102,2025-02-01 10:07:07.421222,keyboard,Mobile,Product Page,True,"['Logitech MX Keys', 'Razer BlackWidow', 'Corsair K95']",1.41,True,Corsair K95,False
1085,5003,492533,2025-01-19 14:17:13.421222,water bottle,Desktop,Homepage,False,[],1.85,False,,False
1086,6346,579863,2025-01-27 01:48:53.421222,smartphone,Desktop,Product Page,True,"['iPhone 15', 'Samsung Galaxy S24', 'Google Pixel 8']",2.57,False,,False
1087,4908,356149,2025-01-06 01:43:30.421222,gaming chair,Mobile,Product Page,True,"['DXRacer', 'Secretlab Titan', 'Razer Iskur']",3.42,False,,False
1088,5721,978072,2025-01-20 04:40:31.421222,phone case,Desktop,Product Page,True,"['OtterBox Defender', 'Spigen Tough Armor', 'Apple Silicone Case']",0.33,True,OtterBox Defender,False
1089,5372,818882,2025-01-09 23:55:24.421222,dresses,Tablet,Category Page,False,[],2.21,False,,False
1090,7495,461409,2025-01-22 11:45:24.421222,laptop,Desktop,Product Page,True,"['Dell XPS 13', 'MacBook Air', 'HP Spectre x360']",0.7,False,,False
1091,5794,319904,2025-01-06 16:46:14.421222,socks,Desktop,Category Page,False,[],2.21,False,,False
1092,1315,934392,2025-01-31 14:14:03.421222,gaming chair,Tablet,Homepage,True,"['DXRacer', 'Secretlab Titan', 'Razer Iskur']",2.58,True,Razer Iskur,False
1093,8764,358836,2025-01-17 13:23:11.421222,gaming chair,Mobile,Homepage,True,"['DXRacer', 'Secretlab Titan', 'Razer Iskur']",1.36,True,Secretlab Titan,False
1094,7279,101892,2025-01-14 01:44:13.421222,shoes,Desktop,Category Page,False,[],1.59,False,,False
1095,4191,912473,2025-01-26 05:42:00.421222,headphones,Tablet,Product Page,True,"['Sony WH-1000XM5', 'Bose 700', 'Sennheiser Momentum 4']",0.23,False,,False
1096,8081,933371,2025-01-24 08:17:36.421222,wireless earbuds,Tablet,Product Page,True,"['AirPods Pro', 'Sony WF-1000XM4', 'Bose QuietComfort Earbuds']",2.52,True,Sony WF-1000XM4,False
1097,4513,280992,2025-01-31 03:26:52.421222,laptop,Mobile,Category Page,True,"['Dell XPS 13', 'MacBook Air', 'HP Spectre x360']",0.56,False,,False
1098,8447,113505,2025-01-16 10:00:38.421222,mouse,Desktop,Category Page,True,"['Logitech MX Master 3', 'Razer DeathAdder', 'SteelSeries Rival 5']",1.32,True,Razer DeathAdder,True
1099,3776,325818,2025-01-05 20:08:39.421222,keyboard,Mobile,Category Page,True,"['Logitech MX Keys', 'Razer BlackWidow', 'Corsair K95']",0.94,False,,False
1100,9965,68772,2025-01-25 18:11:54.421222,coffee mug,Desktop,Product Page,True,"['Ceramic Mug', 'Travel Mug', 'Insulated Mug']",0.25,False,,False
1101,8064,386422,2025-01-17 18:22:07.421222,smartphone,Tablet,Product Page,True,"['iPhone 15', 'Samsung Galaxy S24', 'Google Pixel 8']",2.48,False,,False
1102,5308,196668,2025-01-20 00:34:06.421222,phone case,Tablet,Category Page,True,"['OtterBox Defender', 'Spigen Tough Armor', 'Apple Silicone Case']",1.58,True,OtterBox Defender,False
1103,2570,204514,2025-01-06 09:44:50.421222,shoes,Mobile,Category Page,False,[],0.23,False,,False
1104,8691,350143,2025-01-10 05:48:20.421222,laptop,Tablet,Product Page,True,"['Dell XPS 13', 'MacBook Air', 'HP Spectre x360']",0.36,True,HP Spectre x360,False
1105,1876,140623,2025-02-04 10:03:11.421222,wireless earbuds,Mobile,Product Page,True,"['AirPods Pro', 'Sony WF-1000XM4', 'Bose QuietComfort Earbuds']",1.39,False,,False
1106,1557,747180,2025-02-01 23:09:19.421222,headphones,Desktop,Category Page,True,"['Sony WH-1000XM5', 'Bose 700', 'Sennheiser Momentum 4']",2.02,True,Bose 700,False
1107,7606,219097,2025-01-15 06:38:44.421222,mouse,Desktop,Product Page,True,"['Logitech MX Master 3', 'Razer DeathAdder', 'SteelSeries Rival 5']",3.5,True,Razer DeathAdder,False
1108,8338,879964,2025-01-21 03:51:30.421222,keyboard,Tablet,Homepage,True,"['Logitech MX Keys', 'Razer BlackWidow', 'Corsair K95']",1.21,True,Razer BlackWidow,True
1109,1185,409214,2025-01-17 12:37:24.421222,water bottle,Desktop,Category Page,False,[],1.03,False,,False
1110,4367,736017,2025-01-28 09:22:54.421222,coffee mug,Tablet,Category Page,True,"['Ceramic Mug', 'Travel Mug', 'Insulated Mug']",1.12,True,Travel Mug,False
1111,9875,72421,2025-01-29 09:35:43.421222,external hard drive,Tablet,Homepage,True,"['Seagate 2TB', 'WD My Passport', 'Samsung T7']",1.25,True,Samsung T7,False
1112,8269,963457,2025-01-28 13:04:07.421222,headphones,Mobile,Homepage,True,"['Sony WH-1000XM5', 'Bose 700', 'Sennheiser Momentum 4']",1.51,True,Sony WH-1000XM5,False
1113,3385,170322,2025-01-26 08:57:34.421222,laptop,Mobile,Category Page,True,"['Dell XPS 13', 'MacBook Air', 'HP Spectre x360']",1.87,True,MacBook Air,False
1114,2887,717350,2025-01-14 01:36:44.421222,coffee mug,Mobile,Product Page,True,"['Ceramic Mug', 'Travel Mug', 'Insulated Mug']",2.17,True,Insulated Mug,False
1115,2188,537273,2025-01-07 10:48:13.421222,mouse,Tablet,Homepage,True,"['Logitech MX Master 3', 'Razer DeathAdder', 'SteelSeries Rival 5']",0.23,True,Razer DeathAdder,False
1116,1193,547312,2025-01-16 09:26:09.421222,keyboard,Mobile,Product Page,True,"['Logitech MX Keys', 'Razer BlackWidow', 'Corsair K95']",2.78,False,,False
1117,6123,594550,2025-01-27 01:05:04.421222,external hard drive,Mobile,Homepage,True,"['Seagate 2TB', 'WD My Passport', 'Samsung T7']",0.27,True,Seagate 2TB,False
1118,6797,712144,2025-01-26 10:33:20.421222,coffee mug,Desktop,Homepage,True,"['Ceramic Mug', 'Travel Mug', 'Insulated Mug']",1.47,True,Insulated Mug,False
1119,5081,989623,2025-01-29 07:00:37.421222,laptop,Desktop,Homepage,True,"['Dell XPS 13', 'MacBook Air', 'HP Spectre x360']",2.13,True,Dell XPS 13,False
1120,1071,438037,2025-01-29 18:17:17.421222,smartphone,Mobile,Product Page,True,"['iPhone 15', 'Samsung Galaxy S24', 'Google Pixel 8']",1.63,False,,False
1121,1219,843705,2025-02-02 11:38:25.421222,keyboard,Desktop,Category Page,True,"['Logitech MX Keys', 'Razer BlackWidow', 'Corsair K95']",2.44,False,,False
1122,5735,738288,2025-01-24 06:42:14.421222,water bottle,Mobile,Category Page,False,[],1.94,False,,False
1123,5947,234113,2025-01-28 12:41:09.421222,phone case,Tablet,Product Page,True,"['OtterBox Defender', 'Spigen Tough Armor', 'Apple Silicone Case']",1.02,True,Apple Silicone Case,False
1124,1829,543390,2025-02-02 03:27:03.421222,wireless earbuds,Desktop,Product Page,True,"['AirPods Pro', 'Sony WF-1000XM4', 'Bose QuietComfort Earbuds']",0.41,True,AirPods Pro,False
1125,6248,962782,2025-01-30 18:26:34.421222,phone case,Mobile,Category Page,True,"['OtterBox Defender', 'Spigen Tough Armor', 'Apple Silicone Case']",0.91,False,,False
1126,5343,768482,2025-01-06 10:49:57.421222,gaming chair,Tablet,Product Page,True,"['DXRacer', 'Secretlab Titan', 'Razer Iskur']",2.44,False,,False
1127,2472,155782,2025-02-03 19:37:08.421222,external hard drive,Desktop,Category Page,True,"['Seagate 2TB', 'WD My Passport', 'Samsung T7']",1.42,True,Seagate 2TB,False
1128,3785,854816,2025-01-28 15:45:11.421222,socks,Desktop,Product Page,False,[],2.89,False,,False
1129,9784,814923,2025-01-15 18:05:47.421222,shoes,Desktop,Homepage,False,[],3.31,False,,False
1130,8043,356556,2025-01-24 12:17:07.421222,socks,Desktop,Product Page,False,[],0.75,False,,False
1131,8170,288060,2025-02-02 13:21:39.421222,phone case,Desktop,Product Page,True,"['OtterBox Defender', 'Spigen Tough Armor', 'Apple Silicone Case']",0.32,True,OtterBox Defender,False
1132,7778,291734,2025-01-17 13:31:56.421222,socks,Mobile,Homepage,False,[],3.1,False,,False
1133,6685,956992,2025-02-04 07:41:36.421222,phone case,Desktop,Product Page,True,"['OtterBox Defender', 'Spigen Tough Armor', 'Apple Silicone Case']",3.16,False,,False
1134,5105,587619,2025-01-13 14:22:44.421222,headphones,Tablet,Category Page,True,"['Sony WH-1000XM5', 'Bose 700', 'Sennheiser Momentum 4']",1.83,True,Bose 700,False
1135,5551,752888,2025-01-29 18:04:23.421222,gaming chair,Tablet,Homepage,True,"['DXRacer', 'Secretlab Titan', 'Razer Iskur']",3.39,False,,False
1136,7336,328925,2025-01-08 23:50:20.421222,laptop,Mobile,Homepage,True,"['Dell XPS 13', 'MacBook Air', 'HP Spectre x360']",2.85,True,MacBook Air,False
1137,3803,331749,2025-01-12 03:07:24.421222,coffee mug,Mobile,Homepage,True,"['Ceramic Mug', 'Travel Mug', 'Insulated Mug']",3.31,True,Ceramic Mug,False
1138,8513,468630,2025-01-13 18:22:29.421222,gaming chair,Desktop,Homepage,True,"['DXRacer', 'Secretlab Titan', 'Razer Iskur']",1.73,True,DXRacer,False
1139,1461,790859,2025-01-11 06:02:05.421222,coffee mug,Mobile,Category Page,True,"['Ceramic Mug', 'Travel Mug', 'Insulated Mug']",2.91,True,Travel Mug,False
1140,4835,221583,2025-01-12 07:17:38.421222,wireless earbuds,Desktop,Homepage,True,"['AirPods Pro', 'Sony WF-1000XM4', 'Bose QuietComfort Earbuds']",0.32,True,AirPods Pro,True
1141,4164,805994,2025-01-28 18:29:42.421222,external hard drive,Desktop,Homepage,True,"['Seagate 2TB', 'WD My Passport', 'Samsung T7']",2.65,True,Samsung T7,False
1142,1092,60068,2025-01-12 17:56:24.421222,keyboard,Desktop,Homepage,True,"['Logitech MX Keys', 'Razer BlackWidow', 'Corsair K95']",0.41,True,Corsair K95,False
1143,9670,397958,2025-01-30 13:30:39.421222,keyboard,Mobile,Category Page,True,"['Logitech MX Keys', 'Razer BlackWidow', 'Corsair K95']",1.22,True,Razer BlackWidow,True
1144,2652,754579,2025-01-13 16:24:41.421222,smartphone,Tablet,Category Page,True,"['iPhone 15', 'Samsung Galaxy S24', 'Google Pixel 8']",0.86,True,Samsung Galaxy S24,True
1145,1932,466401,2025-01-08 11:54:00.421222,shoes,Mobile,Homepage,False,[],0.79,False,,False
1146,7076,293709,2025-01-07 19:12:13.421222,external hard drive,Desktop,Product Page,True,"['Seagate 2TB', 'WD My Passport', 'Samsung T7']",2.88,True,WD My Passport,False
1147,7976,259712,2025-01-07 06:46:35.421222,water bottle,Mobile,Homepage,False,[],2.42,False,,False
1148,1049,282007,2025-01-31 06:13:42.421222,dresses,Mobile,Category Page,False,[],2.31,False,,False
1149,7963,410623,2025-01-17 21:38:08.421222,headphones,Mobile,Homepage,True,"['Sony WH-1000XM5', 'Bose 700', 'Sennheiser Momentum 4']",0.81,False,,False
1150,1870,300111,2025-01-28 15:58:43.421222,external hard drive,Tablet,Category Page,True,"['Seagate 2TB', 'WD My Passport', 'Samsung T7']",1.06,True,Seagate 2TB,False
1151,7976,303817,2025-01-22 03:37:18.421222,coffee mug,Desktop,Category Page,True,"['Ceramic Mug', 'Travel Mug', 'Insulated Mug']",0.92,True,Insulated Mug,False
1152,9889,211262,2025-01-24 14:48:35.421222,shoes,Mobile,Homepage,False,[],2.43,False,,False
1153,9397,985059,2025-01-16 01:32:04.421222,water bottle,Mobile,Category Page,False,[],1.43,False,,False
1154,2531,152348,2025-01-12 17:25:28.421222,dresses,Desktop,Product Page,False,[],1.49,False,,False
1155,7413,809783,2025-02-01 05:22:53.421222,gaming chair,Desktop,Category Page,True,"['DXRacer', 'Secretlab Titan', 'Razer Iskur']",1.87,True,Secretlab Titan,False
1156,2777,874511,2025-01-09 01:24:59.421222,water bottle,Mobile,Homepage,False,[],2.38,False,,False
1157,3593,762620,2025-01-20 11:11:54.421222,socks,Tablet,Homepage,False,[],1.27,False,,False
1158,4110,595082,2025-02-01 09:35:53.421222,mouse,Mobile,Category Page,True,"['Logitech MX Master 3', 'Razer DeathAdder', 'SteelSeries Rival 5']",1.64,True,Logitech MX Master 3,False
1159,2289,687152,2025-01-20 03:26:13.421222,headphones,Desktop,Homepage,True,"['Sony WH-1000XM5', 'Bose 700', 'Sennheiser Momentum 4']",3.38,True,Sennheiser Momentum 4,False
1160,1796,846661,2025-01-20 13:04:36.421222,phone case,Mobile,Homepage,True,"['OtterBox Defender', 'Spigen Tough Armor', 'Apple Silicone Case']",0.97,False,,False
1161,6435,281524,2025-01-09 18:14:46.421222,mouse,Tablet,Product Page,True,"['Logitech MX Master 3', 'Razer DeathAdder', 'SteelSeries Rival 5']",2.7,True,SteelSeries Rival 5,False
1162,5310,672822,2025-01-15 03:53:15.421222,smartphone,Desktop,Category Page,True,"['iPhone 15', 'Samsung Galaxy S24', 'Google Pixel 8']",1.88,True,iPhone 15,False
1163,3480,170673,2025-01-22 12:23:16.421222,smartphone,Desktop,Product Page,True,"['iPhone 15', 'Samsung Galaxy S24', 'Google Pixel 8']",0.89,True,Samsung Galaxy S24,False
1164,3891,421519,2025-01-20 13:57:11.421222,laptop,Desktop,Product Page,True,"['Dell XPS 13', 'MacBook Air', 'HP Spectre x360']",1.86,True,HP Spectre x360,False
1165,9504,73578,2025-01-12 13:34:07.421222,dresses,Mobile,Product Page,False,[],0.31,False,,False
1166,4116,112632,2025-01-29 08:37:44.421222,wireless earbuds,Tablet,Product Page,True,"['AirPods Pro', 'Sony WF-1000XM4', 'Bose QuietComfort Earbuds']",2.58,True,AirPods Pro,False
1167,5976,78526,2025-01-13 16:05:59.421222,water bottle,Mobile,Category Page,False,[],3.06,False,,False
1168,6793,125037,2025-01-23 14:24:11.421222,smartphone,Tablet,Product Page,True,"['iPhone 15', 'Samsung Galaxy S24', 'Google Pixel 8']",1.9,False,,False
1169,8354,126616,2025-01-22 09:49:03.421222,headphones,Tablet,Category Page,True,"['Sony WH-1000XM5', 'Bose 700', 'Sennheiser Momentum 4']",1.13,True,Sony WH-1000XM5,False
1170,8506,294262,2025-01-14 02:51:53.421222,dresses,Mobile,Category Page,False,[],2.31,False,,False
1171,1482,747498,2025-01-29 11:55:20.421222,phone case,Desktop,Category Page,True,"['OtterBox Defender', 'Spigen Tough Armor', 'Apple Silicone Case']",2.75,False,,False
1172,9872,172960,2025-01-05 19:00:34.421222,shoes,Tablet,Product Page,False,[],3.24,False,,False
1173,4653,216062,2025-01-27 21:47:45.421222,smartphone,Mobile,Homepage,True,"['iPhone 15', 'Samsung Galaxy S24', 'Google Pixel 8']",0.55,False,,False
1174,3589,838544,2025-02-02 12:46:24.421222,laptop,Mobile,Category Page,True,"['Dell XPS 13', 'MacBook Air', 'HP Spectre x360']",1.79,True,HP Spectre x360,False
1175,2121,583480,2025-01-26 00:25:56.421222,shoes,Mobile,Product Page,False,[],0.53,False,,False
1176,6662,983108,2025-01-14 20:43:57.421222,dresses,Mobile,Homepage,False,[],1.6,False,,False
1177,3456,312897,2025-01-22 06:56:57.421222,headphones,Desktop,Homepage,True,"['Sony WH-1000XM5', 'Bose 700', 'Sennheiser Momentum 4']",1.29,True,Bose 700,False
1178,7544,856285,2025-01-06 02:42:26.421222,external hard drive,Desktop,Product Page,True,"['Seagate 2TB', 'WD My Passport', 'Samsung T7']",2.43,True,Samsung T7,False
1179,8285,986488,2025-01-10 15:10:31.421222,smartphone,Mobile,Product Page,True,"['iPhone 15', 'Samsung Galaxy S24', 'Google Pixel 8']",3.04,True,iPhone 15,True
1180,4853,254652,2025-01-28 13:41:07.421222,dresses,Mobile,Product Page,False,[],2.58,False,,False
1181,3712,572205,2025-01-25 11:31:44.421222,wireless earbuds,Desktop,Homepage,True,"['AirPods Pro', 'Sony WF-1000XM4', 'Bose QuietComfort Earbuds']",1.23,True,Bose QuietComfort Earbuds,True
1182,9800,926344,2025-01-19 03:58:06.421222,shoes,Tablet,Product Page,False,[],2.7,False,,False
1183,6059,776460,2025-02-02 05:08:49.421222,dresses,Desktop,Category Page,False,[],2.01,False,,False
1184,6959,160947,2025-01-21 02:41:20.421222,shoes,Desktop,Category Page,False,[],1.19,False,,False
1185,4046,819473,2025-01-13 19:10:48.421222,external hard drive,Tablet,Product Page,True,"['Seagate 2TB', 'WD My Passport', 'Samsung T7']",2.96,True,Samsung T7,False
1186,2238,431579,2025-01-12 22:49:31.421222,dresses,Mobile,Product Page,False,[],1.88,False,,False
1187,7385,302475,2025-01-10 17:18:06.421222,coffee mug,Tablet,Category Page,True,"['Ceramic Mug', 'Travel Mug', 'Insulated Mug']",1.18,False,,False
1188,8322,774832,2025-01-22 15:52:48.421222,dresses,Desktop,Product Page,False,[],0.6,False,,False
1189,7162,216482,2025-01-24 01:13:51.421222,wireless earbuds,Tablet,Homepage,True,"['AirPods Pro', 'Sony WF-1000XM4', 'Bose QuietComfort Earbuds']",0.3,True,Bose QuietComfort Earbuds,False
1190,6847,135413,2025-01-05 14:50:25.421222,gaming chair,Mobile,Category Page,True,"['DXRacer', 'Secretlab Titan', 'Razer Iskur']",2.58,False,,False
1191,1086,681540,2025-01-24 22:59:11.421222,gaming chair,Mobile,Category Page,True,"['DXRacer', 'Secretlab Titan', 'Razer Iskur']",1.03,True,Razer Iskur,False
1192,4635,478782,2025-01-26 11:10:38.421222,external hard drive,Tablet,Product Page,True,"['Seagate 2TB', 'WD My Passport', 'Samsung T7']",1.23,True,Samsung T7,False
1193,1715,257515,2025-01-22 21:08:42.421222,coffee mug,Desktop,Category Page,True,"['Ceramic Mug', 'Travel Mug', 'Insulated Mug']",0.75,False,,False
1194,9672,977103,2025-01-25 14:28:14.421222,water bottle,Mobile,Homepage,False,[],1.2,False,,False
1195,6860,173476,2025-01-30 23:38:39.421222,external hard drive,Tablet,Category Page,True,"['Seagate 2TB', 'WD My Passport', 'Samsung T7']",1.06,True,Seagate 2TB,False
1196,4231,799299,2025-01-20 21:32:23.421222,headphones,Desktop,Product Page,True,"['Sony WH-1000XM5', 'Bose 700', 'Sennheiser Momentum 4']",1.5,True,Sennheiser Momentum 4,False
1197,1571,873005,2025-02-02 20:27:46.421222,keyboard,Desktop,Category Page,True,"['Logitech MX Keys', 'Razer BlackWidow', 'Corsair K95']",2.06,True,Corsair K95,False
1198,7255,164189,2025-01-07 06:39:35.421222,coffee mug,Tablet,Homepage,True,"['Ceramic Mug', 'Travel Mug', 'Insulated Mug']",3.05,True,Ceramic Mug,True
1199,8500,602900,2025-01-28 13:00:12.421222,socks,Mobile,Category Page,False,[],2.8,False,,False
1200,7320,837989,2025-01-16 13:04:20.421222,smartphone,Mobile,Category Page,True,"['iPhone 15', 'Samsung Galaxy S24', 'Google Pixel 8']",3.15,True,iPhone 15,True
1201,5950,111835,2025-01-18 19:42:57.421222,coffee mug,Desktop,Category Page,True,"['Ceramic Mug', 'Travel Mug', 'Insulated Mug']",0.89,True,Ceramic Mug,True
1202,2374,753498,2025-01-19 15:54:51.421222,gaming chair,Desktop,Product Page,True,"['DXRacer', 'Secretlab Titan', 'Razer Iskur']",0.83,False,,False
1203,3180,783729,2025-02-01 01:04:00.421222,shoes,Desktop,Homepage,False,[],2.66,False,,False
1204,7361,594376,2025-01-14 04:42:45.421222,wireless earbuds,Desktop,Category Page,True,"['AirPods Pro', 'Sony WF-1000XM4', 'Bose QuietComfort Earbuds']",3.1,True,Sony WF-1000XM4,False
1205,1990,989821,2025-01-07 08:32:12.421222,dresses,Mobile,Category Page,False,[],2.08,False,,False
1206,7351,559678,2025-01-08 22:48:53.421222,gaming chair,Tablet,Product Page,True,"['DXRacer', 'Secretlab Titan', 'Razer Iskur']",3.5,True,DXRacer,False
1207,6461,277674,2025-02-03 20:04:29.421222,gaming chair,Tablet,Category Page,True,"['DXRacer', 'Secretlab Titan', 'Razer Iskur']",1.71,True,Razer Iskur,False
1208,4341,821112,2025-01-28 20:51:26.421222,gaming chair,Tablet,Homepage,True,"['DXRacer', 'Secretlab Titan', 'Razer Iskur']",0.64,False,,False
1209,5029,70274,2025-02-02 01:14:02.421222,smartphone,Mobile,Product Page,True,"['iPhone 15', 'Samsung Galaxy S24', 'Google Pixel 8']",1.25,True,Samsung Galaxy S24,True
1210,9228,87017,2025-01-09 23:55:58.421222,wireless earbuds,Desktop,Category Page,True,"['AirPods Pro', 'Sony WF-1000XM4', 'Bose QuietComfort Earbuds']",2.64,True,AirPods Pro,False
1211,7654,696751,2025-01-24 16:36:16.421222,smartphone,Mobile,Category Page,True,"['iPhone 15', 'Samsung Galaxy S24', 'Google Pixel 8']",1.85,False,,False
1212,5503,359737,2025-01-31 00:58:14.421222,shoes,Tablet,Product Page,False,[],0.77,False,,False
1213,1441,285417,2025-01-17 01:11:10.421222,water bottle,Desktop,Homepage,False,[],3.2,False,,False
1214,3335,179171,2025-01-31 10:31:41.421222,dresses,Tablet,Homepage,False,[],2.51,False,,False
1215,7367,481484,2025-01-17 10:08:36.421222,shoes,Mobile,Category Page,False,[],3.17,False,,False
1216,3225,438918,2025-01-24 21:16:36.421222,coffee mug,Tablet,Homepage,True,"['Ceramic Mug', 'Travel Mug', 'Insulated Mug']",2.36,True,Travel Mug,False
1217,6274,941450,2025-01-28 18:26:21.421222,phone case,Mobile,Homepage,True,"['OtterBox Defender', 'Spigen Tough Armor', 'Apple Silicone Case']",0.25,True,OtterBox Defender,False
1218,1862,839906,2025-01-30 13:12:22.421222,smartphone,Tablet,Product Page,True,"['iPhone 15', 'Samsung Galaxy S24', 'Google Pixel 8']",0.59,True,Samsung Galaxy S24,False
1219,4810,576551,2025-01-26 20:20:12.421222,gaming chair,Desktop,Product Page,True,"['DXRacer', 'Secretlab Titan', 'Razer Iskur']",2.55,False,,False
1220,9521,54485,2025-01-06 03:03:13.421222,phone case,Mobile,Category Page,True,"['OtterBox Defender', 'Spigen Tough Armor', 'Apple Silicone Case']",1.31,True,Apple Silicone Case,False
1221,2295,123124,2025-01-13 03:29:31.421222,shoes,Tablet,Category Page,False,[],1.89,False,,False
1222,9001,723145,2025-01-19 21:43:48.421222,water bottle,Mobile,Product Page,False,[],0.35,False,,False
1223,7287,837257,2025-01-13 10:40:38.421222,water bottle,Tablet,Product Page,False,[],0.25,False,,False
1224,1925,390152,2025-01-27 13:34:42.421222,external hard drive,Desktop,Category Page,True,"['Seagate 2TB', 'WD My Passport', 'Samsung T7']",1.0,True,WD My Passport,False
1225,8749,479881,2025-01-27 18:11:29.421222,external hard drive,Mobile,Homepage,True,"['Seagate 2TB', 'WD My Passport', 'Samsung T7']",0.33,True,WD My Passport,False
1226,4382,722896,2025-01-16 06:48:28.421222,laptop,Mobile,Product Page,True,"['Dell XPS 13', 'MacBook Air', 'HP Spectre x360']",1.44,False,,False
1227,6275,430723,2025-01-14 17:00:11.421222,smartphone,Desktop,Category Page,True,"['iPhone 15', 'Samsung Galaxy S24', 'Google Pixel 8']",2.66,True,Google Pixel 8,False
1228,8396,450456,2025-01-26 11:37:54.421222,socks,Desktop,Product Page,False,[],2.31,False,,False
1229,7437,610625,2025-01-29 08:04:23.421222,dresses,Desktop,Category Page,False,[],1.57,False,,False
1230,6729,896973,2025-01-30 11:21:01.421222,phone case,Tablet,Homepage,True,"['OtterBox Defender', 'Spigen Tough Armor', 'Apple Silicone Case']",0.77,True,OtterBox Defender,True
1231,2002,734470,2025-01-14 03:23:50.421222,mouse,Mobile,Homepage,True,"['Logitech MX Master 3', 'Razer DeathAdder', 'SteelSeries Rival 5']",2.43,True,Razer DeathAdder,False
1232,4257,106941,2025-01-20 05:02:39.421222,mouse,Mobile,Category Page,True,"['Logitech MX Master 3', 'Razer DeathAdder', 'SteelSeries Rival 5']",2.66,True,Logitech MX Master 3,True
1233,6109,867745,2025-01-08 12:23:57.421222,smartphone,Desktop,Category Page,True,"['iPhone 15', 'Samsung Galaxy S24', 'Google Pixel 8']",0.23,True,Google Pixel 8,True
1234,3463,919050,2025-01-20 07:24:48.421222,socks,Tablet,Category Page,False,[],1.92,False,,False
1235,4305,116765,2025-01-07 00:46:18.421222,phone case,Desktop,Homepage,True,"['OtterBox Defender', 'Spigen Tough Armor', 'Apple Silicone Case']",2.18,True,Apple Silicone Case,False
1236,2864,630842,2025-01-29 12:54:08.421222,gaming chair,Tablet,Homepage,True,"['DXRacer', 'Secretlab Titan', 'Razer Iskur']",0.49,True,Razer Iskur,False
1237,5512,333601,2025-01-11 05:04:40.421222,phone case,Mobile,Homepage,True,"['OtterBox Defender', 'Spigen Tough Armor', 'Apple Silicone Case']",0.71,False,,False
1238,7254,662879,2025-01-11 20:31:11.421222,external hard drive,Tablet,Homepage,True,"['Seagate 2TB', 'WD My Passport', 'Samsung T7']",2.04,True,Seagate 2TB,False
1239,1339,781926,2025-01-06 16:06:55.421222,keyboard,Desktop,Product Page,True,"['Logitech MX Keys', 'Razer BlackWidow', 'Corsair K95']",2.39,True,Logitech MX Keys,False
1240,4506,323199,2025-01-26 09:55:36.421222,laptop,Desktop,Product Page,True,"['Dell XPS 13', 'MacBook Air', 'HP Spectre x360']",0.25,True,MacBook Air,False
1241,6716,829891,2025-01-28 09:11:37.421222,gaming chair,Tablet,Homepage,True,"['DXRacer', 'Secretlab Titan', 'Razer Iskur']",1.56,True,Razer Iskur,False
1242,8036,589527,2025-01-31 14:10:51.421222,wireless earbuds,Mobile,Homepage,True,"['AirPods Pro', 'Sony WF-1000XM4', 'Bose QuietComfort Earbuds']",0.28,False,,False
1243,4534,669283,2025-01-12 08:43:29.421222,mouse,Desktop,Homepage,True,"['Logitech MX Master 3', 'Razer DeathAdder', 'SteelSeries Rival 5']",3.26,True,Razer DeathAdder,False
1244,4683,314141,2025-02-04 10:06:21.421222,wireless earbuds,Desktop,Product Page,True,"['AirPods Pro', 'Sony WF-1000XM4', 'Bose QuietComfort Earbuds']",2.11,True,AirPods Pro,False
1245,5365,765749,2025-01-30 21:37:05.421222,coffee mug,Tablet,Homepage,True,"['Ceramic Mug', 'Travel Mug', 'Insulated Mug']",3.42,True,Ceramic Mug,False
1246,4726,597206,2025-01-05 11:12:14.421222,laptop,Mobile,Homepage,True,"['Dell XPS 13', 'MacBook Air', 'HP Spectre x360']",1.3,True,Dell XPS 13,False
1247,1929,211192,2025-01-05 12:24:01.421222,shoes,Tablet,Product Page,False,[],2.13,False,,False
1248,6636,875222,2025-01-10 21:37:03.421222,headphones,Tablet,Category Page,True,"['Sony WH-1000XM5', 'Bose 700', 'Sennheiser Momentum 4']",2.32,False,,False
1249,4029,479186,2025-01-23 22:37:44.421222,shoes,Tablet,Homepage,False,[],2.7,False,,False
1250,5852,452615,2025-01-26 13:00:16.421222,dresses,Mobile,Product Page,False,[],1.79,False,,False
1251,2956,583250,2025-01-10 23:58:44.421222,coffee mug,Desktop,Product Page,True,"['Ceramic Mug', 'Travel Mug', 'Insulated Mug']",0.76,False,,False
1252,9312,418530,2025-01-19 12:08:47.421222,external hard drive,Desktop,Homepage,True,"['Seagate 2TB', 'WD My Passport', 'Samsung T7']",0.94,True,Seagate 2TB,False
1253,5022,631313,2025-01-21 22:59:21.421222,shoes,Tablet,Homepage,False,[],3.41,False,,False
1254,6047,236524,2025-01-07 06:07:10.421222,shoes,Mobile,Product Page,False,[],2.61,False,,False
1255,4812,780271,2025-01-28 00:19:45.421222,laptop,Tablet,Homepage,True,"['Dell XPS 13', 'MacBook Air', 'HP Spectre x360']",2.53,True,Dell XPS 13,False
1256,4875,828123,2025-01-16 20:50:19.421222,wireless earbuds,Mobile,Category Page,True,"['AirPods Pro', 'Sony WF-1000XM4', 'Bose QuietComfort Earbuds']",2.18,False,,False
1257,9729,446970,2025-01-31 08:10:50.421222,gaming chair,Tablet,Product Page,True,"['DXRacer', 'Secretlab Titan', 'Razer Iskur']",2.13,True,Secretlab Titan,False
1258,5865,543392,2025-01-22 15:58:23.421222,laptop,Mobile,Homepage,True,"['Dell XPS 13', 'MacBook Air', 'HP Spectre x360']",0.87,True,Dell XPS 13,False
1259,5820,511986,2025-02-02 23:16:27.421222,external hard drive,Desktop,Product Page,True,"['Seagate 2TB', 'WD My Passport', 'Samsung T7']",2.57,True,Seagate 2TB,False
1260,3651,267042,2025-02-03 19:44:45.421222,shoes,Tablet,Product Page,False,[],0.31,False,,False
1261,3067,883197,2025-01-09 04:18:13.421222,keyboard,Mobile,Product Page,True,"['Logitech MX Keys', 'Razer BlackWidow', 'Corsair K95']",1.05,True,Corsair K95,False
1262,8011,269616,2025-02-02 22:33:11.421222,phone case,Tablet,Product Page,True,"['OtterBox Defender', 'Spigen Tough Armor', 'Apple Silicone Case']",2.44,True,OtterBox Defender,False
1263,3782,817388,2025-01-19 19:48:43.421222,shoes,Tablet,Homepage,False,[],3.04,False,,False
1264,9656,868407,2025-01-11 09:19:08.421222,wireless earbuds,Mobile,Homepage,True,"['AirPods Pro', 'Sony WF-1000XM4', 'Bose QuietComfort Earbuds']",2.67,True,AirPods Pro,False
1265,9447,310446,2025-01-25 18:41:00.421222,headphones,Tablet,Category Page,True,"['Sony WH-1000XM5', 'Bose 700', 'Sennheiser Momentum 4']",2.55,True,Sony WH-1000XM5,False
1266,2885,782849,2025-02-03 06:35:18.421222,external hard drive,Desktop,Category Page,True,"['Seagate 2TB', 'WD My Passport', 'Samsung T7']",0.27,True,WD My Passport,False
1267,4774,265230,2025-01-17 08:43:04.421222,wireless earbuds,Mobile,Homepage,True,"['AirPods Pro', 'Sony WF-1000XM4', 'Bose QuietComfort Earbuds']",1.0,True,Sony WF-1000XM4,False
1268,9454,445726,2025-01-31 01:32:42.421222,mouse,Tablet,Category Page,True,"['Logitech MX Master 3', 'Razer DeathAdder', 'SteelSeries Rival 5']",0.48,True,Logitech MX Master 3,True
1269,8481,668275,2025-01-17 20:46:36.421222,dresses,Mobile,Product Page,False,[],2.09,False,,False
1270,8881,50914,2025-02-01 18:42:03.421222,dresses,Tablet,Category Page,False,[],1.11,False,,False
1271,2934,781875,2025-01-22 11:35:46.421222,smartphone,Mobile,Product Page,True,"['iPhone 15', 'Samsung Galaxy S24', 'Google Pixel 8']",3.44,True,Samsung Galaxy S24,True
1272,3365,252463,2025-02-02 21:26:10.421222,keyboard,Mobile,Product Page,True,"['Logitech MX Keys', 'Razer BlackWidow', 'Corsair K95']",2.07,False,,False
1273,9939,402170,2025-01-20 01:50:53.421222,headphones,Tablet,Category Page,True,"['Sony WH-1000XM5', 'Bose 700', 'Sennheiser Momentum 4']",2.68,True,Bose 700,False
1274,9250,777820,2025-01-14 16:25:46.421222,gaming chair,Mobile,Homepage,True,"['DXRacer', 'Secretlab Titan', 'Razer Iskur']",1.54,False,,False
1275,9579,659198,2025-01-07 12:03:02.421222,socks,Mobile,Category Page,False,[],1.93,False,,False
1276,1869,343538,2025-01-31 03:49:38.421222,gaming chair,Mobile,Homepage,True,"['DXRacer', 'Secretlab Titan', 'Razer Iskur']",1.77,True,Secretlab Titan,True
1277,2014,849996,2025-02-01 15:56:22.421222,shoes,Desktop,Product Page,False,[],0.89,False,,False
1278,3845,778035,2025-01-15 07:08:28.421222,mouse,Mobile,Product Page,True,"['Logitech MX Master 3', 'Razer DeathAdder', 'SteelSeries Rival 5']",3.31,False,,False
1279,3132,825474,2025-01-17 04:30:30.421222,headphones,Desktop,Category Page,True,"['Sony WH-1000XM5', 'Bose 700', 'Sennheiser Momentum 4']",2.37,True,Sennheiser Momentum 4,False
1280,1925,595106,2025-01-31 11:52:19.421222,mouse,Tablet,Product Page,True,"['Logitech MX Master 3', 'Razer DeathAdder', 'SteelSeries Rival 5']",1.55,False,,False
1281,8385,560233,2025-01-20 04:06:35.421222,mouse,Mobile,Homepage,True,"['Logitech MX Master 3', 'Razer DeathAdder', 'SteelSeries Rival 5']",3.4,False,,False
1282,1580,63873,2025-01-14 03:00:09.421222,keyboard,Desktop,Category Page,True,"['Logitech MX Keys', 'Razer BlackWidow', 'Corsair K95']",0.58,False,,False
1283,9390,814771,2025-01-11 09:14:57.421222,keyboard,Mobile,Product Page,True,"['Logitech MX Keys', 'Razer BlackWidow', 'Corsair K95']",1.58,False,,False
1284,1019,507439,2025-01-31 12:38:19.421222,laptop,Desktop,Category Page,True,"['Dell XPS 13', 'MacBook Air', 'HP Spectre x360']",3.08,False,,False
1285,1578,142284,2025-02-03 10:11:21.421222,keyboard,Desktop,Homepage,True,"['Logitech MX Keys', 'Razer BlackWidow', 'Corsair K95']",1.41,False,,False
1286,9322,408408,2025-01-12 15:00:09.421222,phone case,Tablet,Product Page,True,"['OtterBox Defender', 'Spigen Tough Armor', 'Apple Silicone Case']",1.52,True,Spigen Tough Armor,False
1287,7280,321866,2025-01-12 14:24:22.421222,socks,Tablet,Product Page,False,[],0.79,False,,False
1288,5219,261749,2025-01-13 11:39:35.421222,phone case,Desktop,Category Page,True,"['OtterBox Defender', 'Spigen Tough Armor', 'Apple Silicone Case']",0.83,True,Spigen Tough Armor,False
1289,3652,409669,2025-01-10 01:08:34.421222,shoes,Tablet,Product Page,False,[],2.95,False,,False
1290,7310,712097,2025-01-27 01:07:28.421222,phone case,Tablet,Category Page,True,"['OtterBox Defender', 'Spigen Tough Armor', 'Apple Silicone Case']",1.92,True,Spigen Tough Armor,False
1291,7562,642898,2025-02-01 05:59:46.421222,coffee mug,Mobile,Product Page,True,"['Ceramic Mug', 'Travel Mug', 'Insulated Mug']",0.71,True,Insulated Mug,False
1292,6877,112266,2025-01-26 07:21:45.421222,keyboard,Tablet,Category Page,True,"['Logitech MX Keys', 'Razer BlackWidow', 'Corsair K95']",1.74,True,Razer BlackWidow,False
1293,9501,56800,2025-01-09 13:30:45.421222,gaming chair,Tablet,Category Page,True,"['DXRacer', 'Secretlab Titan', 'Razer Iskur']",2.5,True,Razer Iskur,False
1294,2638,422761,2025-01-24 14:04:33.421222,smartphone,Tablet,Homepage,True,"['iPhone 15', 'Samsung Galaxy S24', 'Google Pixel 8']",2.88,False,,False
1295,1700,266377,2025-02-02 07:18:13.421222,gaming chair,Mobile,Homepage,True,"['DXRacer', 'Secretlab Titan', 'Razer Iskur']",2.2,True,Secretlab Titan,True
1296,7956,338737,2025-01-24 18:09:28.421222,gaming chair,Desktop,Homepage,True,"['DXRacer', 'Secretlab Titan', 'Razer Iskur']",0.71,True,DXRacer,True
1297,1558,860153,2025-01-05 13:13:01.421222,shoes,Mobile,Category Page,False,[],1.0,False,,False
1298,4521,233976,2025-02-01 18:25:19.421222,headphones,Mobile,Category Page,True,"['Sony WH-1000XM5', 'Bose 700', 'Sennheiser Momentum 4']",1.25,True,Sony WH-1000XM5,True
1299,6769,672129,2025-01-23 19:16:24.421222,water bottle,Tablet,Product Page,False,[],2.82,False,,False
1300,9868,884243,2025-01-17 07:25:13.421222,laptop,Mobile,Product Page,True,"['Dell XPS 13', 'MacBook Air', 'HP Spectre x360']",1.61,True,HP Spectre x360,False
1301,7549,236695,2025-01-22 03:31:24.421222,water bottle,Tablet,Homepage,False,[],1.88,False,,False
1302,3540,575622,2025-01-18 14:31:09.421222,coffee mug,Mobile,Homepage,True,"['Ceramic Mug', 'Travel Mug', 'Insulated Mug']",2.61,False,,False
1303,1185,354950,2025-01-30 23:02:17.421222,coffee mug,Mobile,Product Page,True,"['Ceramic Mug', 'Travel Mug', 'Insulated Mug']",2.84,True,Ceramic Mug,True
1304,1242,547590,2025-01-31 02:24:32.421222,wireless earbuds,Desktop,Category Page,True,"['AirPods Pro', 'Sony WF-1000XM4', 'Bose QuietComfort Earbuds']",0.52,True,Bose QuietComfort Earbuds,True
1305,4230,770158,2025-01-20 11:56:11.421222,gaming chair,Mobile,Category Page,True,"['DXRacer', 'Secretlab Titan', 'Razer Iskur']",2.0,False,,False
1306,1988,485574,2025-01-07 04:01:44.421222,mouse,Mobile,Product Page,True,"['Logitech MX Master 3', 'Razer DeathAdder', 'SteelSeries Rival 5']",2.75,True,Razer DeathAdder,False
1307,6358,416406,2025-01-16 14:08:05.421222,coffee mug,Desktop,Product Page,True,"['Ceramic Mug', 'Travel Mug', 'Insulated Mug']",0.72,True,Travel Mug,False
1308,6917,770531,2025-01-30 09:06:52.421222,mouse,Desktop,Homepage,True,"['Logitech MX Master 3', 'Razer DeathAdder', 'SteelSeries Rival 5']",0.66,False,,False
1309,9268,926812,2025-01-09 00:00:19.421222,mouse,Tablet,Homepage,True,"['Logitech MX Master 3', 'Razer DeathAdder', 'SteelSeries Rival 5']",3.21,False,,False
1310,4846,303458,2025-01-28 21:39:18.421222,phone case,Tablet,Category Page,True,"['OtterBox Defender', 'Spigen Tough Armor', 'Apple Silicone Case']",1.41,True,Spigen Tough Armor,False
1311,6753,541968,2025-01-16 11:35:33.421222,external hard drive,Desktop,Homepage,True,"['Seagate 2TB', 'WD My Passport', 'Samsung T7']",2.34,True,WD My Passport,True
1312,5633,254014,2025-01-28 19:50:38.421222,water bottle,Desktop,Category Page,False,[],1.31,False,,False
1313,4846,765313,2025-01-26 13:59:32.421222,headphones,Tablet,Homepage,True,"['Sony WH-1000XM5', 'Bose 700', 'Sennheiser Momentum 4']",1.43,True,Bose 700,False
1314,8291,236068,2025-01-05 19:21:37.421222,water bottle,Desktop,Homepage,False,[],0.32,False,,False
1315,9953,738027,2025-01-31 17:38:41.421222,keyboard,Tablet,Product Page,True,"['Logitech MX Keys', 'Razer BlackWidow', 'Corsair K95']",0.29,True,Razer BlackWidow,False
1316,4363,575260,2025-01-24 00:57:19.421222,headphones,Desktop,Homepage,True,"['Sony WH-1000XM5', 'Bose 700', 'Sennheiser Momentum 4']",2.27,False,,False
1317,1196,419985,2025-01-09 06:02:10.421222,shoes,Desktop,Product Page,False,[],1.05,False,,False
1318,8219,731224,2025-01-08 17:47:10.421222,wireless earbuds,Tablet,Product Page,True,"['AirPods Pro', 'Sony WF-1000XM4', 'Bose QuietComfort Earbuds']",0.81,True,Sony WF-1000XM4,False
1319,3085,180100,2025-01-26 03:13:15.421222,gaming chair,Tablet,Category Page,True,"['DXRacer', 'Secretlab Titan', 'Razer Iskur']",3.34,True,Secretlab Titan,False
1320,3785,79499,2025-01-07 20:42:36.421222,smartphone,Desktop,Homepage,True,"['iPhone 15', 'Samsung Galaxy S24', 'Google Pixel 8']",1.28,False,,False
1321,2696,271741,2025-02-03 16:28:28.421222,dresses,Mobile,Product Page,False,[],0.97,False,,False
1322,7210,613588,2025-02-01 20:41:13.421222,wireless earbuds,Mobile,Category Page,True,"['AirPods Pro', 'Sony WF-1000XM4', 'Bose QuietComfort Earbuds']",1.08,True,Bose QuietComfort Earbuds,False
1323,7259,502315,2025-01-09 11:13:50.421222,shoes,Tablet,Category Page,False,[],2.27,False,,False
1324,6181,176262,2025-01-09 07:32:21.421222,socks,Tablet,Homepage,False,[],1.7,False,,False
1325,6091,75709,2025-01-16 01:49:39.421222,keyboard,Mobile,Homepage,True,"['Logitech MX Keys', 'Razer BlackWidow', 'Corsair K95']",2.96,True,Corsair K95,False
1326,2375,239075,2025-02-04 00:34:50.421222,water bottle,Mobile,Product Page,False,[],1.2,False,,False
1327,4124,102434,2025-01-13 21:34:57.421222,dresses,Desktop,Category Page,False,[],1.17,False,,False
1328,9508,842192,2025-01-27 13:50:38.421222,headphones,Tablet,Category Page,True,"['Sony WH-1000XM5', 'Bose 700', 'Sennheiser Momentum 4']",2.15,True,Bose 700,False
1329,7289,56570,2025-01-22 05:55:01.421222,external hard drive,Desktop,Homepage,True,"['Seagate 2TB', 'WD My Passport', 'Samsung T7']",3.39,True,WD My Passport,False
1330,8232,906524,2025-01-16 15:15:52.421222,mouse,Mobile,Category Page,True,"['Logitech MX Master 3', 'Razer DeathAdder', 'SteelSeries Rival 5']",3.43,True,SteelSeries Rival 5,False
1331,6206,381163,2025-01-10 22:03:30.421222,wireless earbuds,Desktop,Homepage,True,"['AirPods Pro', 'Sony WF-1000XM4', 'Bose QuietComfort Earbuds']",2.48,True,Bose QuietComfort Earbuds,False
1332,2929,792937,2025-01-24 21:06:01.421222,headphones,Mobile,Homepage,True,"['Sony WH-1000XM5', 'Bose 700', 'Sennheiser Momentum 4']",2.17,True,Sennheiser Momentum 4,True
1333,2625,627894,2025-01-18 02:06:41.421222,coffee mug,Tablet,Category Page,True,"['Ceramic Mug', 'Travel Mug', 'Insulated Mug']",3.3,True,Travel Mug,False
1334,2396,954346,2025-01-10 04:04:07.421222,external hard drive,Tablet,Product Page,True,"['Seagate 2TB', 'WD My Passport', 'Samsung T7']",2.98,True,Samsung T7,False
1335,4193,288268,2025-01-16 19:47:11.421222,phone case,Desktop,Product Page,True,"['OtterBox Defender', 'Spigen Tough Armor', 'Apple Silicone Case']",1.56,False,,False
1336,3515,511206,2025-01-27 22:18:54.421222,mouse,Mobile,Category Page,True,"['Logitech MX Master 3', 'Razer DeathAdder', 'SteelSeries Rival 5']",3.31,True,Logitech MX Master 3,False
1337,5719,649752,2025-01-08 08:21:29.421222,socks,Tablet,Homepage,False,[],3.49,False,,False
1338,8320,803083,2025-01-13 17:16:29.421222,dresses,Desktop,Homepage,False,[],2.89,False,,False
1339,4839,517094,2025-01-12 00:00:27.421222,socks,Desktop,Homepage,False,[],1.56,False,,False
1340,8989,109387,2025-01-24 12:47:25.421222,wireless earbuds,Mobile,Category Page,True,"['AirPods Pro', 'Sony WF-1000XM4', 'Bose QuietComfort Earbuds']",3.08,False,,False
1341,2306,694087,2025-01-28 19:14:15.421222,laptop,Tablet,Product Page,True,"['Dell XPS 13', 'MacBook Air', 'HP Spectre x360']",1.16,False,,False
1342,8543,216692,2025-01-27 22:38:27.421222,phone case,Tablet,Category Page,True,"['OtterBox Defender', 'Spigen Tough Armor', 'Apple Silicone Case']",2.18,False,,False
1343,9068,779766,2025-02-04 00:11:16.421222,dresses,Tablet,Category Page,False,[],1.5,False,,False
1344,2706,629005,2025-01-26 08:04:27.421222,gaming chair,Mobile,Homepage,True,"['DXRacer', 'Secretlab Titan', 'Razer Iskur']",2.22,True,DXRacer,True
1345,6323,189000,2025-01-25 11:28:10.421222,socks,Desktop,Homepage,False,[],0.86,False,,False
1346,7514,960348,2025-01-30 18:19:42.421222,water bottle,Tablet,Homepage,False,[],1.2,False,,False
1347,4057,442604,2025-01-30 13:25:02.421222,keyboard,Tablet,Category Page,True,"['Logitech MX Keys', 'Razer BlackWidow', 'Corsair K95']",2.33,False,,False
1348,3779,287586,2025-01-07 12:40:29.421222,external hard drive,Mobile,Product Page,True,"['Seagate 2TB', 'WD My Passport', 'Samsung T7']",0.71,True,WD My Passport,False
1349,8296,672385,2025-01-14 05:16:07.421222,mouse,Desktop,Homepage,True,"['Logitech MX Master 3', 'Razer DeathAdder', 'SteelSeries Rival 5']",2.26,True,Logitech MX Master 3,False
1350,1731,288077,2025-01-19 04:40:46.421222,external hard drive,Tablet,Category Page,True,"['Seagate 2TB', 'WD My Passport', 'Samsung T7']",2.73,False,,False
1351,9473,916812,2025-01-18 18:59:24.421222,wireless earbuds,Tablet,Product Page,True,"['AirPods Pro', 'Sony WF-1000XM4', 'Bose QuietComfort Earbuds']",2.64,True,AirPods Pro,True
1352,8470,318047,2025-01-18 16:39:24.421222,dresses,Tablet,Category Page,False,[],1.04,False,,False
1353,3369,431491,2025-01-15 00:58:20.421222,headphones,Desktop,Category Page,True,"['Sony WH-1000XM5', 'Bose 700', 'Sennheiser Momentum 4']",0.28,True,Sennheiser Momentum 4,True
1354,3718,106441,2025-01-13 04:05:18.421222,socks,Tablet,Homepage,False,[],0.39,False,,False
1355,5321,833696,2025-01-14 02:57:31.421222,gaming chair,Desktop,Homepage,True,"['DXRacer', 'Secretlab Titan', 'Razer Iskur']",2.96,True,Razer Iskur,True
1356,7994,801761,2025-01-15 14:50:14.421222,headphones,Tablet,Product Page,True,"['Sony WH-1000XM5', 'Bose 700', 'Sennheiser Momentum 4']",0.64,False,,False
1357,7332,239432,2025-01-29 19:24:46.421222,coffee mug,Mobile,Product Page,True,"['Ceramic Mug', 'Travel Mug', 'Insulated Mug']",2.83,True,Ceramic Mug,False
1358,4641,918281,2025-01-10 10:31:42.421222,laptop,Mobile,Homepage,True,"['Dell XPS 13', 'MacBook Air', 'HP Spectre x360']",3.02,False,,False
1359,9939,347099,2025-01-15 14:32:22.421222,laptop,Desktop,Homepage,True,"['Dell XPS 13', 'MacBook Air', 'HP Spectre x360']",1.23,True,HP Spectre x360,False
1360,1408,325202,2025-01-14 09:24:59.421222,water bottle,Mobile,Product Page,False,[],1.04,False,,False
1361,5252,119481,2025-01-29 06:05:25.421222,headphones,Mobile,Category Page,True,"['Sony WH-1000XM5', 'Bose 700', 'Sennheiser Momentum 4']",1.29,True,Bose 700,False
1362,9651,69614,2025-01-22 13:35:33.421222,wireless earbuds,Mobile,Homepage,True,"['AirPods Pro', 'Sony WF-1000XM4', 'Bose QuietComfort Earbuds']",1.29,True,Sony WF-1000XM4,True
1363,7742,575732,2025-01-11 02:35:19.421222,water bottle,Mobile,Product Page,False,[],2.74,False,,False
1364,6870,988873,2025-02-02 00:50:20.421222,phone case,Tablet,Homepage,True,"['OtterBox Defender', 'Spigen Tough Armor', 'Apple Silicone Case']",0.31,True,OtterBox Defender,False
1365,8002,371684,2025-01-12 14:27:53.421222,shoes,Desktop,Category Page,False,[],1.65,False,,False
1366,3954,257726,2025-01-27 06:34:03.421222,laptop,Mobile,Product Page,True,"['Dell XPS 13', 'MacBook Air', 'HP Spectre x360']",2.61,False,,False
1367,9512,530941,2025-01-06 16:48:10.421222,gaming chair,Tablet,Homepage,True,"['DXRacer', 'Secretlab Titan', 'Razer Iskur']",1.12,True,Secretlab Titan,False
1368,1238,175909,2025-01-07 10:26:46.421222,keyboard,Mobile,Homepage,True,"['Logitech MX Keys', 'Razer BlackWidow', 'Corsair K95']",1.61,False,,False
1369,3870,970468,2025-01-16 08:37:59.421222,headphones,Mobile,Homepage,True,"['Sony WH-1000XM5', 'Bose 700', 'Sennheiser Momentum 4']",1.88,True,Sony WH-1000XM5,False
1370,5371,862192,2025-01-13 20:16:09.421222,coffee mug,Mobile,Category Page,True,"['Ceramic Mug', 'Travel Mug', 'Insulated Mug']",1.98,False,,False
1371,4691,952463,2025-02-03 07:13:34.421222,mouse,Tablet,Product Page,True,"['Logitech MX Master 3', 'Razer DeathAdder', 'SteelSeries Rival 5']",0.49,True,Logitech MX Master 3,True
1372,9357,433397,2025-01-28 10:22:01.421222,headphones,Mobile,Homepage,True,"['Sony WH-1000XM5', 'Bose 700', 'Sennheiser Momentum 4']",1.74,True,Bose 700,False
1373,6083,976211,2025-01-19 00:04:58.421222,water bottle,Desktop,Product Page,False,[],2.78,False,,False
1374,8767,962565,2025-01-07 22:10:43.421222,water bottle,Mobile,Product Page,False,[],1.8,False,,False
1375,7657,675849,2025-01-08 15:51:03.421222,keyboard,Tablet,Product Page,True,"['Logitech MX Keys', 'Razer BlackWidow', 'Corsair K95']",2.69,True,Razer BlackWidow,True
1376,2925,946611,2025-01-14 05:57:53.421222,coffee mug,Mobile,Category Page,True,"['Ceramic Mug', 'Travel Mug', 'Insulated Mug']",2.83,True,Ceramic Mug,False
1377,4550,269620,2025-01-10 05:01:05.421222,laptop,Mobile,Category Page,True,"['Dell XPS 13', 'MacBook Air', 'HP Spectre x360']",2.48,False,,False
1378,7608,971456,2025-01-08 10:13:22.421222,external hard drive,Mobile,Product Page,True,"['Seagate 2TB', 'WD My Passport', 'Samsung T7']",2.82,True,WD My Passport,False
1379,7370,794654,2025-01-25 02:17:37.421222,external hard drive,Tablet,Homepage,True,"['Seagate 2TB', 'WD My Passport', 'Samsung T7']",1.21,True,Seagate 2TB,True
1380,6427,640890,2025-01-19 15:54:25.421222,water bottle,Tablet,Homepage,False,[],1.31,False,,False
1381,4349,386135,2025-01-06 20:53:19.421222,coffee mug,Mobile,Homepage,True,"['Ceramic Mug', 'Travel Mug', 'Insulated Mug']",1.37,True,Insulated Mug,False
1382,3848,703115,2025-01-10 12:06:31.421222,dresses,Tablet,Category Page,False,[],0.22,False,,False
1383,4251,428782,2025-01-10 09:00:01.421222,keyboard,Tablet,Homepage,True,"['Logitech MX Keys', 'Razer BlackWidow', 'Corsair K95']",0.47,True,Corsair K95,False
1384,6777,149416,2025-02-01 06:37:52.421222,headphones,Desktop,Category Page,True,"['Sony WH-1000XM5', 'Bose 700', 'Sennheiser Momentum 4']",1.66,True,Sony WH-1000XM5,True
1385,1186,313568,2025-01-07 05:04:01.421222,external hard drive,Mobile,Product Page,True,"['Seagate 2TB', 'WD My Passport', 'Samsung T7']",0.78,True,Seagate 2TB,False
1386,4380,775509,2025-01-11 19:41:23.421222,gaming chair,Mobile,Homepage,True,"['DXRacer', 'Secretlab Titan', 'Razer Iskur']",3.26,False,,False
1387,8231,777265,2025-01-31 14:47:41.421222,smartphone,Tablet,Product Page,True,"['iPhone 15', 'Samsung Galaxy S24', 'Google Pixel 8']",2.14,False,,False
1388,4626,487942,2025-01-19 21:19:04.421222,water bottle,Mobile,Homepage,False,[],1.31,False,,False
1389,1368,52628,2025-01-28 16:57:32.421222,keyboard,Desktop,Category Page,True,"['Logitech MX Keys', 'Razer BlackWidow', 'Corsair K95']",3.3,False,,False
1390,5886,456893,2025-01-11 03:58:33.421222,coffee mug,Mobile,Product Page,True,"['Ceramic Mug', 'Travel Mug', 'Insulated Mug']",2.53,True,Travel Mug,False
1391,8911,709187,2025-01-14 23:48:49.421222,wireless earbuds,Mobile,Homepage,True,"['AirPods Pro', 'Sony WF-1000XM4', 'Bose QuietComfort Earbuds']",1.63,True,Sony WF-1000XM4,False
1392,4368,986619,2025-01-21 17:57:00.421222,mouse,Desktop,Homepage,True,"['Logitech MX Master 3', 'Razer DeathAdder', 'SteelSeries Rival 5']",1.19,True,Razer DeathAdder,False
1393,5372,233303,2025-01-29 08:30:29.421222,coffee mug,Tablet,Product Page,True,"['Ceramic Mug', 'Travel Mug', 'Insulated Mug']",3.34,False,,False
1394,3648,556091,2025-01-14 07:03:19.421222,coffee mug,Tablet,Homepage,True,"['Ceramic Mug', 'Travel Mug', 'Insulated Mug']",3.12,True,Ceramic Mug,False
1395,9617,441246,2025-01-23 16:23:07.421222,smartphone,Mobile,Category Page,True,"['iPhone 15', 'Samsung Galaxy S24', 'Google Pixel 8']",0.54,True,iPhone 15,True
1396,1432,859490,2025-01-08 04:08:30.421222,keyboard,Tablet,Product Page,True,"['Logitech MX Keys', 'Razer BlackWidow', 'Corsair K95']",2.38,False,,False
1397,8127,363181,2025-01-25 02:49:07.421222,phone case,Desktop,Category Page,True,"['OtterBox Defender', 'Spigen Tough Armor', 'Apple Silicone Case']",1.86,True,Spigen Tough Armor,False
1398,9974,541289,2025-01-12 14:10:35.421222,water bottle,Desktop,Category Page,False,[],2.4,False,,False
1399,4767,479533,2025-01-07 13:28:09.421222,mouse,Desktop,Product Page,True,"['Logitech MX Master 3', 'Razer DeathAdder', 'SteelSeries Rival 5']",1.31,True,Logitech MX Master 3,False
1400,9743,792090,2025-01-25 02:35:48.421222,keyboard,Tablet,Category Page,True,"['Logitech MX Keys', 'Razer BlackWidow', 'Corsair K95']",2.08,True,Corsair K95,False
1401,1283,992492,2025-01-25 18:22:39.421222,phone case,Desktop,Homepage,True,"['OtterBox Defender', 'Spigen Tough Armor', 'Apple Silicone Case']",1.85,True,OtterBox Defender,True
1402,6313,819739,2025-01-15 07:04:50.421222,laptop,Desktop,Category Page,True,"['Dell XPS 13', 'MacBook Air', 'HP Spectre x360']",1.76,True,MacBook Air,False
1403,4782,758321,2025-01-27 12:42:25.421222,socks,Desktop,Category Page,False,[],3.34,False,,False
1404,7039,205035,2025-01-24 09:21:20.421222,socks,Desktop,Product Page,False,[],1.13,False,,False
1405,9234,782198,2025-01-08 10:38:46.421222,keyboard,Desktop,Category Page,True,"['Logitech MX Keys', 'Razer BlackWidow', 'Corsair K95']",3.16,True,Logitech MX Keys,False
1406,1768,180264,2025-01-10 13:03:31.421222,laptop,Mobile,Homepage,True,"['Dell XPS 13', 'MacBook Air', 'HP Spectre x360']",2.95,True,HP Spectre x360,False
1407,7457,152586,2025-01-22 11:42:48.421222,shoes,Desktop,Product Page,False,[],3.34,False,,False
1408,8227,159624,2025-02-03 11:19:48.421222,coffee mug,Desktop,Homepage,True,"['Ceramic Mug', 'Travel Mug', 'Insulated Mug']",2.47,True,Ceramic Mug,False
1409,7622,835575,2025-01-13 13:07:06.421222,shoes,Tablet,Product Page,False,[],2.92,False,,False
1410,9750,384214,2025-01-05 18:06:07.421222,coffee mug,Desktop,Homepage,True,"['Ceramic Mug', 'Travel Mug', 'Insulated Mug']",0.27,True,Travel Mug,False
1411,6731,468726,2025-01-07 20:54:52.421222,dresses,Desktop,Product Page,False,[],2.76,False,,False
1412,3170,172475,2025-01-09 12:52:34.421222,socks,Desktop,Category Page,False,[],2.72,False,,False
1413,8730,937964,2025-01-14 18:08:04.421222,coffee mug,Mobile,Homepage,True,"['Ceramic Mug', 'Travel Mug', 'Insulated Mug']",1.15,True,Travel Mug,False
1414,1968,250218,2025-01-18 09:04:37.421222,phone case,Mobile,Category Page,True,"['OtterBox Defender', 'Spigen Tough Armor', 'Apple Silicone Case']",1.06,False,,False
1415,9374,622582,2025-01-06 14:43:09.421222,external hard drive,Desktop,Category Page,True,"['Seagate 2TB', 'WD My Passport', 'Samsung T7']",0.65,True,Seagate 2TB,False
1416,2189,652220,2025-01-15 18:52:57.421222,phone case,Mobile,Homepage,True,"['OtterBox Defender', 'Spigen Tough Armor', 'Apple Silicone Case']",2.88,False,,False
1417,7593,333409,2025-01-07 20:23:19.421222,smartphone,Tablet,Product Page,True,"['iPhone 15', 'Samsung Galaxy S24', 'Google Pixel 8']",2.25,True,iPhone 15,False
1418,3947,902298,2025-01-16 12:11:25.421222,smartphone,Desktop,Product Page,True,"['iPhone 15', 'Samsung Galaxy S24', 'Google Pixel 8']",2.38,True,iPhone 15,False
1419,5560,684421,2025-01-15 07:33:49.421222,keyboard,Mobile,Category Page,True,"['Logitech MX Keys', 'Razer BlackWidow', 'Corsair K95']",1.18,False,,False
1420,7653,75860,2025-01-07 06:11:46.421222,dresses,Desktop,Homepage,False,[],3.35,False,,False
1421,4587,514923,2025-01-27 20:11:23.421222,wireless earbuds,Tablet,Category Page,True,"['AirPods Pro', 'Sony WF-1000XM4', 'Bose QuietComfort Earbuds']",2.45,False,,False
1422,8353,812065,2025-02-01 03:55:20.421222,keyboard,Desktop,Category Page,True,"['Logitech MX Keys', 'Razer BlackWidow', 'Corsair K95']",2.04,False,,False
1423,3055,885372,2025-01-26 21:15:58.421222,mouse,Tablet,Product Page,True,"['Logitech MX Master 3', 'Razer DeathAdder', 'SteelSeries Rival 5']",1.42,True,SteelSeries Rival 5,False
1424,3780,400233,2025-01-15 13:27:11.421222,water bottle,Desktop,Homepage,False,[],3.06,False,,False
1425,4426,217278,2025-01-16 20:20:53.421222,laptop,Mobile,Homepage,True,"['Dell XPS 13', 'MacBook Air', 'HP Spectre x360']",0.75,False,,False
1426,4041,940880,2025-01-08 08:48:51.421222,dresses,Desktop,Category Page,False,[],0.75,False,,False
1427,4770,534335,2025-01-31 21:09:07.421222,external hard drive,Tablet,Homepage,True,"['Seagate 2TB', 'WD My Passport', 'Samsung T7']",1.86,False,,False
1428,1001,991227,2025-01-30 21:58:40.421222,keyboard,Mobile,Product Page,True,"['Logitech MX Keys', 'Razer BlackWidow', 'Corsair K95']",3.42,False,,False
1429,4804,671029,2025-01-12 18:42:19.421222,wireless earbuds,Mobile,Product Page,True,"['AirPods Pro', 'Sony WF-1000XM4', 'Bose QuietComfort Earbuds']",0.57,False,,False
1430,1863,566911,2025-01-17 02:23:07.421222,phone case,Mobile,Product Page,True,"['OtterBox Defender', 'Spigen Tough Armor', 'Apple Silicone Case']",2.65,True,Spigen Tough Armor,False
1431,5443,715415,2025-01-27 23:37:40.421222,mouse,Desktop,Product Page,True,"['Logitech MX Master 3', 'Razer DeathAdder', 'SteelSeries Rival 5']",2.82,True,Logitech MX Master 3,False
1432,9252,74553,2025-01-17 13:38:30.421222,laptop,Mobile,Category Page,True,"['Dell XPS 13', 'MacBook Air', 'HP Spectre x360']",2.17,True,HP Spectre x360,False
1433,4466,761316,2025-01-25 04:08:50.421222,socks,Desktop,Product Page,False,[],0.6,False,,False
1434,7706,432021,2025-01-05 21:37:26.421222,external hard drive,Mobile,Homepage,True,"['Seagate 2TB', 'WD My Passport', 'Samsung T7']",2.35,False,,False
1435,3888,245439,2025-02-02 18:38:53.421222,gaming chair,Mobile,Category Page,True,"['DXRacer', 'Secretlab Titan', 'Razer Iskur']",2.25,False,,False
1436,8091,265591,2025-01-16 10:19:30.421222,external hard drive,Desktop,Category Page,True,"['Seagate 2TB', 'WD My Passport', 'Samsung T7']",3.05,False,,False
1437,8091,639816,2025-02-02 14:10:18.421222,water bottle,Tablet,Category Page,False,[],3.37,False,,False
1438,7714,994117,2025-01-16 16:22:10.421222,shoes,Mobile,Homepage,False,[],1.3,False,,False
1439,9579,147516,2025-01-26 12:43:12.421222,gaming chair,Tablet,Product Page,True,"['DXRacer', 'Secretlab Titan', 'Razer Iskur']",0.76,True,DXRacer,False
1440,2820,961840,2025-02-01 02:54:27.421222,external hard drive,Desktop,Product Page,True,"['Seagate 2TB', 'WD My Passport', 'Samsung T7']",1.26,False,,False
1441,3951,569532,2025-01-19 17:28:31.421222,smartphone,Desktop,Category Page,True,"['iPhone 15', 'Samsung Galaxy S24', 'Google Pixel 8']",2.38,True,iPhone 15,False
1442,6863,278682,2025-01-17 09:43:52.421222,external hard drive,Desktop,Category Page,True,"['Seagate 2TB', 'WD My Passport', 'Samsung T7']",0.46,True,Seagate 2TB,False
1443,9071,92256,2025-01-29 17:52:23.421222,headphones,Mobile,Category Page,True,"['Sony WH-1000XM5', 'Bose 700', 'Sennheiser Momentum 4']",0.62,False,,False
1444,2213,263316,2025-02-04 05:48:42.421222,phone case,Tablet,Homepage,True,"['OtterBox Defender', 'Spigen Tough Armor', 'Apple Silicone Case']",0.33,True,Spigen Tough Armor,False
1445,7788,807258,2025-01-26 00:56:37.421222,dresses,Mobile,Product Page,False,[],1.85,False,,False
1446,3018,522716,2025-01-06 07:39:44.421222,socks,Desktop,Product Page,False,[],3.09,False,,False
1447,7889,159729,2025-01-09 06:37:39.421222,smartphone,Tablet,Homepage,True,"['iPhone 15', 'Samsung Galaxy S24', 'Google Pixel 8']",3.3,False,,False
1448,2759,76858,2025-01-19 01:06:29.421222,smartphone,Mobile,Homepage,True,"['iPhone 15', 'Samsung Galaxy S24', 'Google Pixel 8']",0.45,True,iPhone 15,False
1449,7880,788483,2025-01-14 22:15:06.421222,wireless earbuds,Desktop,Product Page,True,"['AirPods Pro', 'Sony WF-1000XM4', 'Bose QuietComfort Earbuds']",2.37,False,,False
1450,4031,499849,2025-01-30 16:37:36.421222,laptop,Mobile,Homepage,True,"['Dell XPS 13', 'MacBook Air', 'HP Spectre x360']",2.01,False,,False
1451,3717,550048,2025-01-17 11:51:07.421222,laptop,Desktop,Category Page,True,"['Dell XPS 13', 'MacBook Air', 'HP Spectre x360']",1.79,True,MacBook Air,False
1452,6349,694033,2025-01-11 05:06:06.421222,wireless earbuds,Desktop,Product Page,True,"['AirPods Pro', 'Sony WF-1000XM4', 'Bose QuietComfort Earbuds']",1.17,True,Sony WF-1000XM4,False
1453,9983,913477,2025-01-17 15:42:36.421222,socks,Mobile,Product Page,False,[],1.97,False,,False
1454,5036,651403,2025-01-10 16:45:48.421222,phone case,Tablet,Category Page,True,"['OtterBox Defender', 'Spigen Tough Armor', 'Apple Silicone Case']",2.79,False,,False
1455,4014,973858,2025-01-09 09:20:24.421222,coffee mug,Tablet,Product Page,True,"['Ceramic Mug', 'Travel Mug', 'Insulated Mug']",2.78,True,Insulated Mug,False
1456,2943,85831,2025-01-20 15:16:45.421222,smartphone,Tablet,Product Page,True,"['iPhone 15', 'Samsung Galaxy S24', 'Google Pixel 8']",1.12,False,,False
1457,1403,960841,2025-01-18 20:42:21.421222,headphones,Desktop,Product Page,True,"['Sony WH-1000XM5', 'Bose 700', 'Sennheiser Momentum 4']",0.98,True,Sony WH-1000XM5,False
1458,5639,423152,2025-01-16 21:51:41.421222,gaming chair,Desktop,Product Page,True,"['DXRacer', 'Secretlab Titan', 'Razer Iskur']",0.89,False,,False
1459,9749,513762,2025-01-11 20:23:03.421222,gaming chair,Mobile,Category Page,True,"['DXRacer', 'Secretlab Titan', 'Razer Iskur']",0.57,False,,False
1460,4417,125588,2025-01-20 21:20:34.421222,smartphone,Tablet,Product Page,True,"['iPhone 15', 'Samsung Galaxy S24', 'Google Pixel 8']",0.34,True,Samsung Galaxy S24,False
1461,4083,498518,2025-01-28 21:07:42.421222,laptop,Desktop,Category Page,True,"['Dell XPS 13', 'MacBook Air', 'HP Spectre x360']",0.88,True,MacBook Air,False
1462,3442,368842,2025-01-26 18:46:45.421222,water bottle,Desktop,Product Page,False,[],1.88,False,,False
1463,8565,838045,2025-02-01 19:13:06.421222,keyboard,Mobile,Category Page,True,"['Logitech MX Keys', 'Razer BlackWidow', 'Corsair K95']",1.81,False,,False
1464,8347,705955,2025-01-12 21:59:01.421222,mouse,Desktop,Product Page,True,"['Logitech MX Master 3', 'Razer DeathAdder', 'SteelSeries Rival 5']",1.86,True,Razer DeathAdder,False
1465,9578,364098,2025-01-21 15:08:11.421222,dresses,Mobile,Homepage,False,[],2.68,False,,False
1466,9519,122476,2025-01-07 23:01:18.421222,water bottle,Desktop,Product Page,False,[],1.36,False,,False
1467,2345,403085,2025-01-14 13:37:34.421222,water bottle,Desktop,Product Page,False,[],2.27,False,,False
1468,2099,152271,2025-01-15 06:28:20.421222,phone case,Desktop,Homepage,True,"['OtterBox Defender', 'Spigen Tough Armor', 'Apple Silicone Case']",2.33,True,Spigen Tough Armor,False
1469,2051,604629,2025-01-25 13:01:42.421222,mouse,Mobile,Category Page,True,"['Logitech MX Master 3', 'Razer DeathAdder', 'SteelSeries Rival 5']",2.66,True,Logitech MX Master 3,False
1470,7580,702823,2025-01-25 13:24:43.421222,laptop,Tablet,Homepage,True,"['Dell XPS 13', 'MacBook Air', 'HP Spectre x360']",2.94,True,MacBook Air,False
1471,6163,843939,2025-01-26 19:05:10.421222,headphones,Desktop,Product Page,True,"['Sony WH-1000XM5', 'Bose 700', 'Sennheiser Momentum 4']",0.83,True,Bose 700,False
1472,4915,820001,2025-01-14 16:36:35.421222,wireless earbuds,Desktop,Product Page,True,"['AirPods Pro', 'Sony WF-1000XM4', 'Bose QuietComfort Earbuds']",2.64,True,AirPods Pro,False
1473,7097,698827,2025-01-30 23:25:49.421222,smartphone,Mobile,Homepage,True,"['iPhone 15', 'Samsung Galaxy S24', 'Google Pixel 8']",2.63,True,Samsung Galaxy S24,False
1474,1998,661695,2025-01-28 06:47:06.421222,smartphone,Mobile,Homepage,True,"['iPhone 15', 'Samsung Galaxy S24', 'Google Pixel 8']",0.52,False,,False
1475,8848,160924,2025-01-17 11:06:59.421222,external hard drive,Mobile,Category Page,True,"['Seagate 2TB', 'WD My Passport', 'Samsung T7']",2.54,True,Seagate 2TB,False
1476,3015,220360,2025-01-18 03:22:12.421222,smartphone,Desktop,Product Page,True,"['iPhone 15', 'Samsung Galaxy S24', 'Google Pixel 8']",3.35,True,Google Pixel 8,False
1477,7650,535893,2025-01-29 07:16:37.421222,socks,Desktop,Product Page,False,[],3.09,False,,False
1478,1735,111300,2025-01-20 13:08:47.421222,external hard drive,Tablet,Homepage,True,"['Seagate 2TB', 'WD My Passport', 'Samsung T7']",0.54,True,Seagate 2TB,False
1479,7423,776011,2025-01-28 03:55:20.421222,gaming chair,Tablet,Product Page,True,"['DXRacer', 'Secretlab Titan', 'Razer Iskur']",1.74,True,DXRacer,False
1480,7967,863392,2025-01-22 10:24:38.421222,keyboard,Mobile,Product Page,True,"['Logitech MX Keys', 'Razer BlackWidow', 'Corsair K95']",0.6,False,,False
1481,2640,209015,2025-01-09 11:41:09.421222,socks,Desktop,Category Page,False,[],1.85,False,,False
1482,1163,260622,2025-01-07 07:14:25.421222,water bottle,Tablet,Category Page,False,[],2.68,False,,False
1483,9942,254097,2025-01-17 18:57:16.421222,keyboard,Tablet,Product Page,True,"['Logitech MX Keys', 'Razer BlackWidow', 'Corsair K95']",1.67,False,,False
1484,7732,200779,2025-01-17 21:15:06.421222,socks,Mobile,Homepage,False,[],2.01,False,,False
1485,7565,394126,2025-01-09 21:00:55.421222,mouse,Desktop,Homepage,True,"['Logitech MX Master 3', 'Razer DeathAdder', 'SteelSeries Rival 5']",1.88,True,SteelSeries Rival 5,False
1486,3559,474983,2025-01-19 10:50:28.421222,mouse,Tablet,Product Page,True,"['Logitech MX Master 3', 'Razer DeathAdder', 'SteelSeries Rival 5']",0.82,False,,False
1487,9966,171924,2025-01-25 12:15:28.421222,mouse,Desktop,Product Page,True,"['Logitech MX Master 3', 'Razer DeathAdder', 'SteelSeries Rival 5']",1.61,True,Razer DeathAdder,False
1488,7989,195434,2025-01-30 03:08:15.421222,keyboard,Tablet,Homepage,True,"['Logitech MX Keys', 'Razer BlackWidow', 'Corsair K95']",2.78,True,Razer BlackWidow,False
1489,1022,111903,2025-01-31 04:56:10.421222,water bottle,Mobile,Category Page,False,[],0.21,False,,False
1490,2453,66170,2025-01-20 01:46:36.421222,external hard drive,Tablet,Category Page,True,"['Seagate 2TB', 'WD My Passport', 'Samsung T7']",0.3,True,Seagate 2TB,False
1491,6525,928382,2025-01-16 13:56:12.421222,smartphone,Mobile,Homepage,True,"['iPhone 15', 'Samsung Galaxy S24', 'Google Pixel 8']",3.49,True,iPhone 15,True
1492,5020,456204,2025-01-26 17:12:40.421222,headphones,Tablet,Category Page,True,"['Sony WH-1000XM5', 'Bose 700', 'Sennheiser Momentum 4']",2.08,True,Bose 700,False
1493,7543,876287,2025-02-02 04:28:25.421222,phone case,Mobile,Homepage,True,"['OtterBox Defender', 'Spigen Tough Armor', 'Apple Silicone Case']",2.24,False,,False
1494,6804,870476,2025-01-16 04:55:18.421222,shoes,Desktop,Category Page,False,[],2.22,False,,False
1495,5264,868756,2025-01-17 04:28:27.421222,smartphone,Desktop,Homepage,True,"['iPhone 15', 'Samsung Galaxy S24', 'Google Pixel 8']",2.44,False,,False
1496,2724,887005,2025-01-15 01:48:36.421222,wireless earbuds,Mobile,Homepage,True,"['AirPods Pro', 'Sony WF-1000XM4', 'Bose QuietComfort Earbuds']",1.41,True,Sony WF-1000XM4,False
1497,5117,424628,2025-01-27 07:09:45.421222,dresses,Mobile,Category Page,False,[],0.51,False,,False
1498,9836,351815,2025-01-12 15:11:41.421222,water bottle,Desktop,Category Page,False,[],2.74,False,,False
1499,1535,250474,2025-01-16 09:50:42.421222,dresses,Tablet,Product Page,False,[],1.93,False,,False
1500,8647,57144,2025-01-14 10:39:57.421222,shoes,Mobile,Homepage,False,[],1.52,False,,False
1501,5329,184039,2025-01-24 00:47:25.421222,wireless earbuds,Desktop,Product Page,True,"['AirPods Pro', 'Sony WF-1000XM4', 'Bose QuietComfort Earbuds']",2.85,True,Bose QuietComfort Earbuds,False
1502,4811,589737,2025-01-31 13:43:51.421222,water bottle,Mobile,Homepage,False,[],1.22,False,,False
1503,7399,549298,2025-01-29 18:15:51.421222,external hard drive,Desktop,Category Page,True,"['Seagate 2TB', 'WD My Passport', 'Samsung T7']",2.51,True,Samsung T7,False
1504,8130,448678,2025-01-22 01:12:13.421222,water bottle,Tablet,Homepage,False,[],0.6,False,,False
1505,3688,235659,2025-01-28 09:59:27.421222,mouse,Mobile,Category Page,True,"['Logitech MX Master 3', 'Razer DeathAdder', 'SteelSeries Rival 5']",2.04,True,Logitech MX Master 3,False
1506,2146,714440,2025-01-23 21:00:56.421222,water bottle,Mobile,Product Page,False,[],1.53,False,,False
1507,4580,151863,2025-01-22 17:14:58.421222,headphones,Mobile,Homepage,True,"['Sony WH-1000XM5', 'Bose 700', 'Sennheiser Momentum 4']",0.46,True,Sony WH-1000XM5,False
1508,8807,596194,2025-01-28 01:10:37.421222,socks,Mobile,Category Page,False,[],2.6,False,,False
1509,4792,660205,2025-01-09 22:51:13.421222,shoes,Desktop,Homepage,False,[],2.53,False,,False
1510,5957,111804,2025-01-19 10:04:47.421222,external hard drive,Desktop,Product Page,True,"['Seagate 2TB', 'WD My Passport', 'Samsung T7']",0.62,True,WD My Passport,False
1511,3223,155107,2025-02-02 04:11:57.421222,headphones,Desktop,Homepage,True,"['Sony WH-1000XM5', 'Bose 700', 'Sennheiser Momentum 4']",0.49,True,Sennheiser Momentum 4,False
1512,5396,188511,2025-01-12 14:32:14.421222,dresses,Mobile,Homepage,False,[],1.14,False,,False
1513,1258,570254,2025-01-28 18:35:46.421222,socks,Mobile,Homepage,False,[],1.75,False,,False
1514,5497,167806,2025-01-07 02:11:24.421222,coffee mug,Mobile,Product Page,True,"['Ceramic Mug', 'Travel Mug', 'Insulated Mug']",2.34,True,Ceramic Mug,False
1515,7470,785496,2025-02-04 09:33:29.421222,water bottle,Mobile,Homepage,False,[],2.31,False,,False
1516,6996,860385,2025-01-06 05:35:06.421222,phone case,Mobile,Homepage,True,"['OtterBox Defender', 'Spigen Tough Armor', 'Apple Silicone Case']",0.69,True,Apple Silicone Case,False
1517,6539,514910,2025-02-03 03:09:40.421222,external hard drive,Desktop,Category Page,True,"['Seagate 2TB', 'WD My Passport', 'Samsung T7']",1.15,True,Seagate 2TB,False
1518,2556,91912,2025-01-14 04:48:51.421222,laptop,Desktop,Homepage,True,"['Dell XPS 13', 'MacBook Air', 'HP Spectre x360']",1.97,False,,False
1519,4611,93253,2025-01-08 20:36:19.421222,shoes,Mobile,Homepage,False,[],0.58,False,,False
1520,1483,911876,2025-01-26 14:19:26.421222,mouse,Desktop,Category Page,True,"['Logitech MX Master 3', 'Razer DeathAdder', 'SteelSeries Rival 5']",2.75,True,SteelSeries Rival 5,False
1521,1402,708289,2025-02-01 05:59:22.421222,mouse,Tablet,Category Page,True,"['Logitech MX Master 3', 'Razer DeathAdder', 'SteelSeries Rival 5']",2.0,False,,False
1522,1126,631711,2025-01-31 05:21:41.421222,phone case,Mobile,Homepage,True,"['OtterBox Defender', 'Spigen Tough Armor', 'Apple Silicone Case']",3.03,True,OtterBox Defender,False
1523,1222,811192,2025-02-02 16:18:18.421222,laptop,Desktop,Product Page,True,"['Dell XPS 13', 'MacBook Air', 'HP Spectre x360']",1.9,True,MacBook Air,False
1524,7300,63574,2025-02-01 02:02:52.421222,wireless earbuds,Tablet,Category Page,True,"['AirPods Pro', 'Sony WF-1000XM4', 'Bose QuietComfort Earbuds']",2.4,True,Sony WF-1000XM4,True
1525,1241,676580,2025-01-27 13:42:26.421222,smartphone,Tablet,Homepage,True,"['iPhone 15', 'Samsung Galaxy S24', 'Google Pixel 8']",1.33,True,iPhone 15,False
1526,8648,797830,2025-01-06 07:24:55.421222,socks,Mobile,Homepage,False,[],1.68,False,,False
1527,1133,598403,2025-01-08 12:26:16.421222,laptop,Desktop,Category Page,True,"['Dell XPS 13', 'MacBook Air', 'HP Spectre x360']",1.06,True,MacBook Air,True
1528,2936,261999,2025-01-11 13:39:09.421222,coffee mug,Tablet,Homepage,True,"['Ceramic Mug', 'Travel Mug', 'Insulated Mug']",1.94,False,,False
1529,6894,902828,2025-01-29 19:16:19.421222,water bottle,Mobile,Category Page,False,[],1.6,False,,False
1530,9793,992223,2025-01-30 15:32:09.421222,coffee mug,Tablet,Homepage,True,"['Ceramic Mug', 'Travel Mug', 'Insulated Mug']",2.65,True,Travel Mug,False
1531,1510,167556,2025-01-29 05:59:39.421222,external hard drive,Desktop,Homepage,True,"['Seagate 2TB', 'WD My Passport', 'Samsung T7']",0.77,True,Seagate 2TB,False
1532,9433,233777,2025-01-27 11:49:51.421222,external hard drive,Mobile,Category Page,True,"['Seagate 2TB', 'WD My Passport', 'Samsung T7']",0.45,True,WD My Passport,True
1533,3139,727087,2025-01-23 13:35:17.421222,socks,Desktop,Product Page,False,[],2.95,False,,False
1534,9798,207116,2025-01-06 15:59:45.421222,phone case,Tablet,Homepage,True,"['OtterBox Defender', 'Spigen Tough Armor', 'Apple Silicone Case']",0.39,False,,False
1535,5573,819984,2025-01-13 00:14:39.421222,water bottle,Mobile,Category Page,False,[],3.3,False,,False
1536,1672,97599,2025-02-03 12:12:12.421222,gaming chair,Mobile,Category Page,True,"['DXRacer', 'Secretlab Titan', 'Razer Iskur']",2.09,True,DXRacer,False
1537,4277,925621,2025-01-07 00:37:28.421222,coffee mug,Desktop,Homepage,True,"['Ceramic Mug', 'Travel Mug', 'Insulated Mug']",1.46,True,Insulated Mug,False
1538,7300,142693,2025-01-17 05:27:34.421222,headphones,Tablet,Product Page,True,"['Sony WH-1000XM5', 'Bose 700', 'Sennheiser Momentum 4']",1.9,True,Sennheiser Momentum 4,False
1539,8736,654963,2025-01-28 16:31:43.421222,socks,Desktop,Category Page,False,[],0.24,False,,False
1540,6888,299529,2025-01-19 01:49:20.421222,coffee mug,Tablet,Product Page,True,"['Ceramic Mug', 'Travel Mug', 'Insulated Mug']",0.33,True,Insulated Mug,False
1541,9393,925592,2025-01-22 06:10:28.421222,keyboard,Mobile,Category Page,True,"['Logitech MX Keys', 'Razer BlackWidow', 'Corsair K95']",2.46,False,,False
1542,4624,90144,2025-01-12 20:43:31.421222,mouse,Mobile,Homepage,True,"['Logitech MX Master 3', 'Razer DeathAdder', 'SteelSeries Rival 5']",0.26,True,Razer DeathAdder,False
1543,4109,612046,2025-01-21 02:47:29.421222,keyboard,Desktop,Product Page,True,"['Logitech MX Keys', 'Razer BlackWidow', 'Corsair K95']",2.52,True,Logitech MX Keys,True
1544,3234,123703,2025-01-22 16:41:30.421222,socks,Desktop,Product Page,False,[],2.07,False,,False
1545,3358,838636,2025-01-26 20:53:55.421222,laptop,Mobile,Category Page,True,"['Dell XPS 13', 'MacBook Air', 'HP Spectre x360']",1.45,False,,False
1546,3883,96279,2025-02-01 19:33:17.421222,phone case,Mobile,Product Page,True,"['OtterBox Defender', 'Spigen Tough Armor', 'Apple Silicone Case']",3.38,True,Spigen Tough Armor,True
1547,9830,459067,2025-01-30 19:49:09.421222,laptop,Tablet,Homepage,True,"['Dell XPS 13', 'MacBook Air', 'HP Spectre x360']",3.06,False,,False
1548,6169,377918,2025-01-14 15:26:01.421222,socks,Tablet,Category Page,False,[],2.09,False,,False
1549,5584,588731,2025-01-27 08:53:21.421222,water bottle,Desktop,Category Page,False,[],1.32,False,,False
1550,9965,784720,2025-01-05 11:15:55.421222,socks,Tablet,Category Page,False,[],3.35,False,,False
1551,6816,984773,2025-01-26 10:04:54.421222,gaming chair,Mobile,Homepage,True,"['DXRacer', 'Secretlab Titan', 'Razer Iskur']",1.36,False,,False
1552,4447,268784,2025-01-09 13:07:13.421222,headphones,Tablet,Homepage,True,"['Sony WH-1000XM5', 'Bose 700', 'Sennheiser Momentum 4']",2.66,True,Sennheiser Momentum 4,True
1553,8108,985290,2025-01-08 05:34:16.421222,gaming chair,Tablet,Category Page,True,"['DXRacer', 'Secretlab Titan', 'Razer Iskur']",2.3,True,Secretlab Titan,False
1554,1417,479526,2025-01-09 23:33:10.421222,wireless earbuds,Tablet,Category Page,True,"['AirPods Pro', 'Sony WF-1000XM4', 'Bose QuietComfort Earbuds']",2.02,False,,False
1555,6427,637827,2025-02-02 02:08:08.421222,socks,Desktop,Product Page,False,[],0.34,False,,False
1556,6111,526488,2025-01-21 09:08:09.421222,external hard drive,Desktop,Product Page,True,"['Seagate 2TB', 'WD My Passport', 'Samsung T7']",2.19,True,Seagate 2TB,False
1557,1701,660213,2025-01-23 05:21:32.421222,socks,Tablet,Category Page,False,[],2.58,False,,False
1558,8698,122797,2025-02-03 00:42:52.421222,headphones,Tablet,Product Page,True,"['Sony WH-1000XM5', 'Bose 700', 'Sennheiser Momentum 4']",0.35,False,,False
1559,7498,135944,2025-02-03 20:22:27.421222,socks,Desktop,Product Page,False,[],2.49,False,,False
1560,8268,507370,2025-01-31 17:19:24.421222,shoes,Tablet,Category Page,False,[],1.0,False,,False
1561,9897,543509,2025-01-29 05:38:01.421222,smartphone,Mobile,Homepage,True,"['iPhone 15', 'Samsung Galaxy S24', 'Google Pixel 8']",2.13,True,Samsung Galaxy S24,True
1562,9967,94059,2025-01-08 14:08:26.421222,gaming chair,Desktop,Product Page,True,"['DXRacer', 'Secretlab Titan', 'Razer Iskur']",2.06,False,,False
1563,7073,932487,2025-01-06 06:59:27.421222,mouse,Desktop,Product Page,True,"['Logitech MX Master 3', 'Razer DeathAdder', 'SteelSeries Rival 5']",3.46,False,,False
1564,5305,979241,2025-01-19 01:27:02.421222,wireless earbuds,Mobile,Product Page,True,"['AirPods Pro', 'Sony WF-1000XM4', 'Bose QuietComfort Earbuds']",3.01,True,Bose QuietComfort Earbuds,False
1565,3089,665007,2025-01-28 06:58:35.421222,phone case,Desktop,Product Page,True,"['OtterBox Defender', 'Spigen Tough Armor', 'Apple Silicone Case']",0.94,False,,False
1566,3448,976500,2025-01-21 00:15:24.421222,shoes,Mobile,Homepage,False,[],2.9,False,,False
1567,5748,440930,2025-01-30 18:06:25.421222,smartphone,Tablet,Product Page,True,"['iPhone 15', 'Samsung Galaxy S24', 'Google Pixel 8']",3.27,False,,False
1568,5034,669518,2025-02-01 08:29:44.421222,headphones,Mobile,Category Page,True,"['Sony WH-1000XM5', 'Bose 700', 'Sennheiser Momentum 4']",1.84,True,Sennheiser Momentum 4,False
1569,3841,363772,2025-01-07 14:20:12.421222,wireless earbuds,Mobile,Homepage,True,"['AirPods Pro', 'Sony WF-1000XM4', 'Bose QuietComfort Earbuds']",2.63,True,Sony WF-1000XM4,False
1570,5715,276558,2025-01-22 14:05:29.421222,dresses,Desktop,Product Page,False,[],1.51,False,,False
1571,9565,374127,2025-01-07 08:11:49.421222,laptop,Desktop,Product Page,True,"['Dell XPS 13', 'MacBook Air', 'HP Spectre x360']",2.71,True,Dell XPS 13,False
1572,3232,543536,2025-01-24 06:55:31.421222,wireless earbuds,Desktop,Product Page,True,"['AirPods Pro', 'Sony WF-1000XM4', 'Bose QuietComfort Earbuds']",1.38,True,Sony WF-1000XM4,False
1573,7904,112286,2025-01-10 17:38:08.421222,shoes,Desktop,Category Page,False,[],2.25,False,,False
1574,5308,129624,2025-02-03 08:17:20.421222,gaming chair,Mobile,Product Page,True,"['DXRacer', 'Secretlab Titan', 'Razer Iskur']",0.95,False,,False
1575,1825,86353,2025-01-29 04:17:24.421222,water bottle,Tablet,Product Page,False,[],0.77,False,,False
1576,2137,664311,2025-01-06 18:30:59.421222,water bottle,Desktop,Homepage,False,[],2.63,False,,False
1577,7845,463568,2025-01-31 12:54:05.421222,mouse,Mobile,Category Page,True,"['Logitech MX Master 3', 'Razer DeathAdder', 'SteelSeries Rival 5']",1.96,True,SteelSeries Rival 5,False
1578,8706,122371,2025-01-19 16:09:22.421222,phone case,Tablet,Homepage,True,"['OtterBox Defender', 'Spigen Tough Armor', 'Apple Silicone Case']",2.24,True,OtterBox Defender,False
1579,5443,259164,2025-01-21 17:05:10.421222,wireless earbuds,Tablet,Category Page,True,"['AirPods Pro', 'Sony WF-1000XM4', 'Bose QuietComfort Earbuds']",2.06,True,Sony WF-1000XM4,False
1580,4955,884761,2025-01-08 13:03:12.421222,keyboard,Tablet,Homepage,True,"['Logitech MX Keys', 'Razer BlackWidow', 'Corsair K95']",2.71,True,Corsair K95,False
1581,4939,690066,2025-02-01 11:12:20.421222,socks,Desktop,Product Page,False,[],2.27,False,,False
1582,7517,185093,2025-01-29 04:55:27.421222,external hard drive,Mobile,Category Page,True,"['Seagate 2TB', 'WD My Passport', 'Samsung T7']",0.64,True,WD My Passport,False
1583,6650,230590,2025-01-24 15:20:00.421222,laptop,Desktop,Category Page,True,"['Dell XPS 13', 'MacBook Air', 'HP Spectre x360']",2.86,False,,False
1584,4593,866385,2025-01-06 11:13:31.421222,laptop,Desktop,Category Page,True,"['Dell XPS 13', 'MacBook Air', 'HP Spectre x360']",1.4,True,MacBook Air,False
1585,2563,932457,2025-01-05 19:40:22.421222,dresses,Mobile,Category Page,False,[],2.49,False,,False
1586,7767,485353,2025-01-05 23:16:24.421222,coffee mug,Mobile,Homepage,True,"['Ceramic Mug', 'Travel Mug', 'Insulated Mug']",2.48,True,Ceramic Mug,False
1587,9565,312508,2025-01-18 02:40:31.421222,mouse,Tablet,Category Page,True,"['Logitech MX Master 3', 'Razer DeathAdder', 'SteelSeries Rival 5']",2.16,True,Razer DeathAdder,True
1588,8740,199151,2025-01-14 04:04:12.421222,keyboard,Desktop,Product Page,True,"['Logitech MX Keys', 'Razer BlackWidow', 'Corsair K95']",2.02,True,Razer BlackWidow,True
1589,1055,459706,2025-01-09 01:01:35.421222,shoes,Mobile,Product Page,False,[],1.25,False,,False
1590,5168,793184,2025-01-10 00:58:44.421222,mouse,Tablet,Product Page,True,"['Logitech MX Master 3', 'Razer DeathAdder', 'SteelSeries Rival 5']",1.14,True,SteelSeries Rival 5,False
1591,3344,289500,2025-01-26 00:44:31.421222,water bottle,Mobile,Product Page,False,[],2.39,False,,False
1592,2118,221338,2025-01-27 19:37:48.421222,external hard drive,Desktop,Homepage,True,"['Seagate 2TB', 'WD My Passport', 'Samsung T7']",2.32,True,WD My Passport,True
1593,6203,945973,2025-01-08 20:12:28.421222,phone case,Mobile,Product Page,True,"['OtterBox Defender', 'Spigen Tough Armor', 'Apple Silicone Case']",2.23,True,OtterBox Defender,False
1594,4005,754302,2025-01-22 09:10:53.421222,shoes,Mobile,Homepage,False,[],0.92,False,,False
1595,7359,788595,2025-01-25 22:24:27.421222,headphones,Mobile,Product Page,True,"['Sony WH-1000XM5', 'Bose 700', 'Sennheiser Momentum 4']",2.33,True,Sony WH-1000XM5,False
1596,1033,721642,2025-01-13 02:03:38.421222,wireless earbuds,Tablet,Category Page,True,"['AirPods Pro', 'Sony WF-1000XM4', 'Bose QuietComfort Earbuds']",1.53,True,AirPods Pro,False
1597,9983,358994,2025-01-26 15:12:29.421222,keyboard,Mobile,Product Page,True,"['Logitech MX Keys', 'Razer BlackWidow', 'Corsair K95']",1.0,False,,False
1598,1281,70787,2025-01-12 08:33:31.421222,water bottle,Desktop,Category Page,False,[],2.08,False,,False
1599,8056,936292,2025-01-07 06:30:54.421222,wireless earbuds,Tablet,Homepage,True,"['AirPods Pro', 'Sony WF-1000XM4', 'Bose QuietComfort Earbuds']",1.42,True,AirPods Pro,False
1600,3916,158227,2025-01-30 18:53:44.421222,mouse,Tablet,Homepage,True,"['Logitech MX Master 3', 'Razer DeathAdder', 'SteelSeries Rival 5']",2.91,True,Razer DeathAdder,False
1601,2006,669059,2025-01-19 22:38:31.421222,smartphone,Mobile,Category Page,True,"['iPhone 15', 'Samsung Galaxy S24', 'Google Pixel 8']",1.88,True,iPhone 15,False
1602,1206,458085,2025-01-17 13:19:47.421222,phone case,Desktop,Category Page,True,"['OtterBox Defender', 'Spigen Tough Armor', 'Apple Silicone Case']",2.99,False,,False
1603,9984,671823,2025-01-30 00:25:14.421222,phone case,Desktop,Category Page,True,"['OtterBox Defender', 'Spigen Tough Armor', 'Apple Silicone Case']",3.33,True,Spigen Tough Armor,True
1604,4811,888090,2025-02-04 07:37:23.421222,phone case,Tablet,Category Page,True,"['OtterBox Defender', 'Spigen Tough Armor', 'Apple Silicone Case']",1.77,True,Apple Silicone Case,True
1605,1607,817678,2025-01-10 11:29:28.421222,dresses,Desktop,Category Page,False,[],0.32,False,,False
1606,8398,499232,2025-01-09 18:43:58.421222,water bottle,Mobile,Homepage,False,[],2.04,False,,False
1607,3512,144624,2025-01-17 12:06:27.421222,gaming chair,Mobile,Product Page,True,"['DXRacer', 'Secretlab Titan', 'Razer Iskur']",3.27,True,Razer Iskur,False
1608,2550,510042,2025-01-08 11:51:49.421222,headphones,Mobile,Category Page,True,"['Sony WH-1000XM5', 'Bose 700', 'Sennheiser Momentum 4']",2.52,True,Bose 700,False
1609,3533,288246,2025-01-13 14:01:46.421222,headphones,Desktop,Homepage,True,"['Sony WH-1000XM5', 'Bose 700', 'Sennheiser Momentum 4']",0.56,True,Sony WH-1000XM5,False
1610,1021,433322,2025-01-05 14:17:36.421222,phone case,Mobile,Product Page,True,"['OtterBox Defender', 'Spigen Tough Armor', 'Apple Silicone Case']",3.21,True,Spigen Tough Armor,False
1611,3721,502712,2025-01-20 13:42:33.421222,smartphone,Desktop,Product Page,True,"['iPhone 15', 'Samsung Galaxy S24', 'Google Pixel 8']",2.8,True,Samsung Galaxy S24,False
1612,3648,983987,2025-02-02 17:43:02.421222,wireless earbuds,Mobile,Category Page,True,"['AirPods Pro', 'Sony WF-1000XM4', 'Bose QuietComfort Earbuds']",2.4,True,AirPods Pro,False
1613,8655,486948,2025-01-23 01:00:47.421222,coffee mug,Mobile,Product Page,True,"['Ceramic Mug', 'Travel Mug', 'Insulated Mug']",2.64,True,Insulated Mug,True
1614,8098,80842,2025-01-15 23:06:35.421222,socks,Tablet,Homepage,False,[],0.42,False,,False
1615,5886,309796,2025-01-13 20:46:41.421222,water bottle,Tablet,Product Page,False,[],1.83,False,,False
1616,2320,482855,2025-01-29 20:37:13.421222,headphones,Tablet,Product Page,True,"['Sony WH-1000XM5', 'Bose 700', 'Sennheiser Momentum 4']",2.59,False,,False
1617,2344,703641,2025-01-25 02:26:40.421222,gaming chair,Tablet,Category Page,True,"['DXRacer', 'Secretlab Titan', 'Razer Iskur']",1.98,False,,False
1618,5844,136756,2025-01-07 16:34:10.421222,external hard drive,Mobile,Homepage,True,"['Seagate 2TB', 'WD My Passport', 'Samsung T7']",2.26,True,Seagate 2TB,True
1619,9320,585153,2025-01-09 10:26:57.421222,wireless earbuds,Desktop,Homepage,True,"['AirPods Pro', 'Sony WF-1000XM4', 'Bose QuietComfort Earbuds']",0.49,True,AirPods Pro,False
1620,7541,950148,2025-01-25 13:22:13.421222,water bottle,Tablet,Homepage,False,[],3.05,False,,False
1621,3699,339593,2025-01-13 15:07:41.421222,gaming chair,Mobile,Homepage,True,"['DXRacer', 'Secretlab Titan', 'Razer Iskur']",2.2,True,Razer Iskur,False
1622,5757,321568,2025-01-29 18:05:52.421222,laptop,Desktop,Homepage,True,"['Dell XPS 13', 'MacBook Air', 'HP Spectre x360']",3.04,False,,False
1623,9714,106550,2025-01-06 06:52:22.421222,socks,Mobile,Homepage,False,[],2.98,False,,False
1624,4457,861812,2025-01-28 15:37:38.421222,phone case,Desktop,Product Page,True,"['OtterBox Defender', 'Spigen Tough Armor', 'Apple Silicone Case']",3.39,True,Apple Silicone Case,False
1625,1453,54173,2025-01-05 15:12:12.421222,external hard drive,Tablet,Homepage,True,"['Seagate 2TB', 'WD My Passport', 'Samsung T7']",1.2,True,WD My Passport,False
1626,1124,760855,2025-01-11 06:26:49.421222,shoes,Mobile,Category Page,False,[],0.81,False,,False
1627,4654,456909,2025-01-30 08:50:09.421222,dresses,Mobile,Category Page,False,[],1.86,False,,False
1628,6673,814108,2025-01-12 00:03:13.421222,phone case,Mobile,Homepage,True,"['OtterBox Defender', 'Spigen Tough Armor', 'Apple Silicone Case']",1.79,True,OtterBox Defender,False
1629,9471,294483,2025-01-30 00:03:23.421222,socks,Desktop,Homepage,False,[],3.16,False,,False
1630,5044,568639,2025-01-14 15:24:48.421222,headphones,Desktop,Category Page,True,"['Sony WH-1000XM5', 'Bose 700', 'Sennheiser Momentum 4']",2.88,True,Sony WH-1000XM5,False
1631,3186,304080,2025-02-04 08:03:22.421222,phone case,Mobile,Category Page,True,"['OtterBox Defender', 'Spigen Tough Armor', 'Apple Silicone Case']",1.5,True,Apple Silicone Case,True
1632,3490,587063,2025-01-09 09:35:20.421222,phone case,Desktop,Category Page,True,"['OtterBox Defender', 'Spigen Tough Armor', 'Apple Silicone Case']",3.3,True,OtterBox Defender,False
1633,3239,560584,2025-01-12 11:22:14.421222,headphones,Desktop,Homepage,True,"['Sony WH-1000XM5', 'Bose 700', 'Sennheiser Momentum 4']",2.58,True,Sennheiser Momentum 4,False
1634,8511,909494,2025-01-12 23:51:26.421222,socks,Tablet,Product Page,False,[],1.65,False,,False
1635,3411,830461,2025-01-25 01:48:39.421222,shoes,Tablet,Category Page,False,[],2.93,False,,False
1636,9193,951028,2025-01-19 15:31:06.421222,dresses,Desktop,Homepage,False,[],3.07,False,,False
1637,6219,425964,2025-01-09 12:42:48.421222,phone case,Tablet,Product Page,True,"['OtterBox Defender', 'Spigen Tough Armor', 'Apple Silicone Case']",0.63,True,Apple Silicone Case,True
1638,1415,324199,2025-01-15 04:00:07.421222,headphones,Mobile,Product Page,True,"['Sony WH-1000XM5', 'Bose 700', 'Sennheiser Momentum 4']",0.65,False,,False
1639,4529,805137,2025-01-20 14:31:18.421222,phone case,Desktop,Product Page,True,"['OtterBox Defender', 'Spigen Tough Armor', 'Apple Silicone Case']",3.19,True,Spigen Tough Armor,False
1640,8539,282739,2025-01-14 14:21:53.421222,keyboard,Mobile,Homepage,True,"['Logitech MX Keys', 'Razer BlackWidow', 'Corsair K95']",3.34,True,Logitech MX Keys,False
1641,6981,384788,2025-02-02 08:19:20.421222,keyboard,Mobile,Category Page,True,"['Logitech MX Keys', 'Razer BlackWidow', 'Corsair K95']",2.89,True,Corsair K95,False
1642,7846,772581,2025-01-24 21:31:59.421222,headphones,Tablet,Homepage,True,"['Sony WH-1000XM5', 'Bose 700', 'Sennheiser Momentum 4']",1.98,True,Sennheiser Momentum 4,False
1643,3890,719539,2025-02-01 21:07:11.421222,headphones,Mobile,Homepage,True,"['Sony WH-1000XM5', 'Bose 700', 'Sennheiser Momentum 4']",2.44,True,Bose 700,True
1644,8270,697866,2025-01-26 08:01:23.421222,wireless earbuds,Tablet,Product Page,True,"['AirPods Pro', 'Sony WF-1000XM4', 'Bose QuietComfort Earbuds']",1.38,False,,False
1645,3375,788914,2025-01-15 17:44:48.421222,socks,Mobile,Homepage,False,[],2.74,False,,False
1646,7121,467644,2025-01-10 00:12:50.421222,mouse,Tablet,Homepage,True,"['Logitech MX Master 3', 'Razer DeathAdder', 'SteelSeries Rival 5']",3.45,False,,False
1647,9851,114471,2025-02-01 07:58:42.421222,laptop,Tablet,Homepage,True,"['Dell XPS 13', 'MacBook Air', 'HP Spectre x360']",3.32,True,Dell XPS 13,False
1648,1779,496547,2025-01-17 12:46:00.421222,coffee mug,Tablet,Category Page,True,"['Ceramic Mug', 'Travel Mug', 'Insulated Mug']",1.66,True,Ceramic Mug,False
1649,5453,214568,2025-01-06 01:35:36.421222,laptop,Mobile,Homepage,True,"['Dell XPS 13', 'MacBook Air', 'HP Spectre x360']",0.43,True,Dell XPS 13,False
1650,2259,195975,2025-01-27 13:46:44.421222,shoes,Desktop,Category Page,False,[],2.52,False,,False
1651,9336,132686,2025-01-20 06:58:42.421222,external hard drive,Desktop,Homepage,True,"['Seagate 2TB', 'WD My Passport', 'Samsung T7']",2.94,True,Seagate 2TB,True
1652,2510,264117,2025-01-14 21:20:48.421222,mouse,Desktop,Category Page,True,"['Logitech MX Master 3', 'Razer DeathAdder', 'SteelSeries Rival 5']",2.21,True,Razer DeathAdder,False
1653,6404,973092,2025-01-27 17:46:01.421222,coffee mug,Desktop,Product Page,True,"['Ceramic Mug', 'Travel Mug', 'Insulated Mug']",2.38,True,Ceramic Mug,True
1654,4666,521295,2025-02-04 05:55:29.421222,external hard drive,Desktop,Category Page,True,"['Seagate 2TB', 'WD My Passport', 'Samsung T7']",2.18,True,WD My Passport,True
1655,7940,257838,2025-01-31 00:03:01.421222,headphones,Desktop,Homepage,True,"['Sony WH-1000XM5', 'Bose 700', 'Sennheiser Momentum 4']",3.02,True,Bose 700,True
1656,8795,817037,2025-01-31 05:48:49.421222,external hard drive,Desktop,Category Page,True,"['Seagate 2TB', 'WD My Passport', 'Samsung T7']",0.48,True,WD My Passport,False
1657,4886,537203,2025-01-18 01:50:11.421222,water bottle,Mobile,Homepage,False,[],1.41,False,,False
1658,4644,60803,2025-01-17 03:40:48.421222,external hard drive,Mobile,Product Page,True,"['Seagate 2TB', 'WD My Passport', 'Samsung T7']",3.26,True,Seagate 2TB,True
1659,9272,435094,2025-01-14 03:56:00.421222,coffee mug,Tablet,Homepage,True,"['Ceramic Mug', 'Travel Mug', 'Insulated Mug']",2.26,False,,False
1660,1558,53072,2025-01-18 21:20:35.421222,laptop,Desktop,Product Page,True,"['Dell XPS 13', 'MacBook Air', 'HP Spectre x360']",2.4,True,MacBook Air,False
1661,8711,124314,2025-01-30 09:10:47.421222,shoes,Mobile,Homepage,False,[],0.87,False,,False
1662,1938,150709,2025-01-21 15:21:07.421222,external hard drive,Mobile,Category Page,True,"['Seagate 2TB', 'WD My Passport', 'Samsung T7']",0.92,True,WD My Passport,False
1663,2920,782789,2025-01-23 12:32:21.421222,socks,Tablet,Product Page,False,[],1.42,False,,False
1664,5739,256611,2025-01-10 00:54:43.421222,headphones,Mobile,Category Page,True,"['Sony WH-1000XM5', 'Bose 700', 'Sennheiser Momentum 4']",1.77,True,Sennheiser Momentum 4,True
1665,3683,730348,2025-01-26 17:16:24.421222,water bottle,Mobile,Product Page,False,[],3.41,False,,False
1666,4763,188232,2025-01-29 18:18:08.421222,headphones,Tablet,Homepage,True,"['Sony WH-1000XM5', 'Bose 700', 'Sennheiser Momentum 4']",1.47,True,Bose 700,False
1667,7343,742222,2025-01-27 06:54:51.421222,phone case,Tablet,Product Page,True,"['OtterBox Defender', 'Spigen Tough Armor', 'Apple Silicone Case']",1.27,True,Apple Silicone Case,False
1668,5345,862483,2025-01-28 01:34:08.421222,smartphone,Tablet,Product Page,True,"['iPhone 15', 'Samsung Galaxy S24', 'Google Pixel 8']",0.47,True,Samsung Galaxy S24,False
1669,4915,723608,2025-01-24 16:57:16.421222,smartphone,Mobile,Category Page,True,"['iPhone 15', 'Samsung Galaxy S24', 'Google Pixel 8']",0.62,True,Google Pixel 8,False
1670,9684,603485,2025-02-01 10:03:47.421222,socks,Tablet,Product Page,False,[],1.16,False,,False
1671,4969,485744,2025-01-27 15:27:25.421222,external hard drive,Tablet,Product Page,True,"['Seagate 2TB', 'WD My Passport', 'Samsung T7']",2.01,False,,False
1672,4399,848496,2025-01-08 01:39:08.421222,keyboard,Desktop,Category Page,True,"['Logitech MX Keys', 'Razer BlackWidow', 'Corsair K95']",2.71,True,Razer BlackWidow,False
1673,8561,484983,2025-01-19 03:43:37.421222,dresses,Desktop,Category Page,False,[],1.52,False,,False
1674,2780,426509,2025-01-11 17:33:02.421222,smartphone,Desktop,Product Page,True,"['iPhone 15', 'Samsung Galaxy S24', 'Google Pixel 8']",1.52,True,iPhone 15,False
1675,3869,185848,2025-01-07 03:10:32.421222,coffee mug,Mobile,Product Page,True,"['Ceramic Mug', 'Travel Mug', 'Insulated Mug']",1.33,False,,False
1676,7680,678415,2025-01-07 22:46:31.421222,coffee mug,Tablet,Product Page,True,"['Ceramic Mug', 'Travel Mug', 'Insulated Mug']",2.64,True,Ceramic Mug,False
1677,5372,900819,2025-01-16 07:18:19.421222,water bottle,Tablet,Product Page,False,[],2.49,False,,False
1678,7969,392982,2025-01-18 08:03:02.421222,phone case,Mobile,Product Page,True,"['OtterBox Defender', 'Spigen Tough Armor', 'Apple Silicone Case']",0.77,False,,False
1679,6658,208601,2025-01-16 14:49:54.421222,smartphone,Desktop,Homepage,True,"['iPhone 15', 'Samsung Galaxy S24', 'Google Pixel 8']",0.81,True,Google Pixel 8,True
1680,5113,93133,2025-01-30 15:09:40.421222,socks,Desktop,Product Page,False,[],2.39,False,,False
1681,3575,348995,2025-01-22 23:43:13.421222,coffee mug,Desktop,Product Page,True,"['Ceramic Mug', 'Travel Mug', 'Insulated Mug']",0.47,True,Insulated Mug,False
1682,8461,732415,2025-02-01 16:12:24.421222,headphones,Desktop,Product Page,True,"['Sony WH-1000XM5', 'Bose 700', 'Sennheiser Momentum 4']",1.58,True,Bose 700,False
1683,7144,758764,2025-01-20 23:52:46.421222,headphones,Tablet,Homepage,True,"['Sony WH-1000XM5', 'Bose 700', 'Sennheiser Momentum 4']",1.31,True,Sony WH-1000XM5,False
1684,4398,633837,2025-01-21 21:35:30.421222,shoes,Tablet,Category Page,False,[],1.71,False,,False
1685,4754,800087,2025-01-08 20:59:59.421222,keyboard,Tablet,Homepage,True,"['Logitech MX Keys', 'Razer BlackWidow', 'Corsair K95']",2.32,True,Corsair K95,True
1686,2120,487906,2025-01-11 23:34:36.421222,external hard drive,Desktop,Category Page,True,"['Seagate 2TB', 'WD My Passport', 'Samsung T7']",3.22,True,Seagate 2TB,True
1687,6840,997661,2025-01-13 16:43:45.421222,headphones,Tablet,Category Page,True,"['Sony WH-1000XM5', 'Bose 700', 'Sennheiser Momentum 4']",1.35,True,Sony WH-1000XM5,False
1688,4999,659173,2025-01-25 12:49:38.421222,water bottle,Desktop,Category Page,False,[],1.34,False,,False
1689,2607,433924,2025-01-07 13:52:19.421222,laptop,Desktop,Homepage,True,"['Dell XPS 13', 'MacBook Air', 'HP Spectre x360']",2.67,True,MacBook Air,False
1690,9378,366646,2025-01-29 19:45:17.421222,phone case,Mobile,Product Page,True,"['OtterBox Defender', 'Spigen Tough Armor', 'Apple Silicone Case']",2.13,False,,False
1691,8247,377156,2025-01-07 04:08:59.421222,dresses,Mobile,Category Page,False,[],0.61,False,,False
1692,6905,513883,2025-01-06 12:26:22.421222,gaming chair,Desktop,Product Page,True,"['DXRacer', 'Secretlab Titan', 'Razer Iskur']",3.15,False,,False
1693,9701,461632,2025-01-15 09:18:06.421222,wireless earbuds,Desktop,Product Page,True,"['AirPods Pro', 'Sony WF-1000XM4', 'Bose QuietComfort Earbuds']",3.29,False,,False
1694,1328,113288,2025-01-21 21:04:40.421222,keyboard,Mobile,Product Page,True,"['Logitech MX Keys', 'Razer BlackWidow', 'Corsair K95']",0.31,False,,False
1695,6617,768952,2025-01-13 04:39:57.421222,smartphone,Desktop,Product Page,True,"['iPhone 15', 'Samsung Galaxy S24', 'Google Pixel 8']",2.71,False,,False
1696,7230,503403,2025-01-25 02:58:09.421222,external hard drive,Tablet,Homepage,True,"['Seagate 2TB', 'WD My Passport', 'Samsung T7']",2.54,True,WD My Passport,True
1697,8942,215552,2025-01-13 09:51:20.421222,phone case,Mobile,Category Page,True,"['OtterBox Defender', 'Spigen Tough Armor', 'Apple Silicone Case']",2.04,True,Apple Silicone Case,False
1698,6368,279961,2025-01-14 13:13:33.421222,mouse,Tablet,Homepage,True,"['Logitech MX Master 3', 'Razer DeathAdder', 'SteelSeries Rival 5']",2.04,True,Logitech MX Master 3,False
1699,5316,295280,2025-01-15 20:49:34.421222,phone case,Desktop,Category Page,True,"['OtterBox Defender', 'Spigen Tough Armor', 'Apple Silicone Case']",1.4,False,,False
1700,1068,544166,2025-01-13 04:20:42.421222,phone case,Mobile,Category Page,True,"['OtterBox Defender', 'Spigen Tough Armor', 'Apple Silicone Case']",3.19,True,OtterBox Defender,False
1701,9866,852949,2025-02-04 04:50:35.421222,socks,Desktop,Category Page,False,[],1.09,False,,False
1702,2607,99311,2025-01-29 06:54:55.421222,mouse,Tablet,Product Page,True,"['Logitech MX Master 3', 'Razer DeathAdder', 'SteelSeries Rival 5']",2.03,True,Logitech MX Master 3,False
1703,6018,796251,2025-02-04 10:20:57.421222,mouse,Desktop,Category Page,True,"['Logitech MX Master 3', 'Razer DeathAdder', 'SteelSeries Rival 5']",2.71,True,Razer DeathAdder,False
1704,2680,95842,2025-01-10 22:22:53.421222,smartphone,Mobile,Homepage,True,"['iPhone 15', 'Samsung Galaxy S24', 'Google Pixel 8']",0.61,True,Samsung Galaxy S24,True
1705,8717,783740,2025-01-24 21:10:15.421222,gaming chair,Mobile,Homepage,True,"['DXRacer', 'Secretlab Titan', 'Razer Iskur']",3.15,False,,False
1706,1691,856706,2025-01-18 07:54:48.421222,shoes,Desktop,Product Page,False,[],1.72,False,,False
1707,9617,701371,2025-01-22 04:28:49.421222,coffee mug,Desktop,Category Page,True,"['Ceramic Mug', 'Travel Mug', 'Insulated Mug']",1.72,False,,False
1708,5595,71197,2025-02-03 13:04:08.421222,headphones,Desktop,Category Page,True,"['Sony WH-1000XM5', 'Bose 700', 'Sennheiser Momentum 4']",0.91,True,Sennheiser Momentum 4,False
1709,5178,446574,2025-01-09 03:59:31.421222,phone case,Desktop,Homepage,True,"['OtterBox Defender', 'Spigen Tough Armor', 'Apple Silicone Case']",3.06,True,OtterBox Defender,False
1710,2411,581355,2025-01-22 17:20:05.421222,wireless earbuds,Tablet,Product Page,True,"['AirPods Pro', 'Sony WF-1000XM4', 'Bose QuietComfort Earbuds']",2.76,True,AirPods Pro,False
1711,6724,768976,2025-01-13 13:40:11.421222,shoes,Desktop,Category Page,False,[],0.52,False,,False
1712,8907,825838,2025-01-28 10:49:08.421222,dresses,Mobile,Homepage,False,[],2.18,False,,False
1713,4152,994261,2025-01-16 08:04:28.421222,laptop,Desktop,Product Page,True,"['Dell XPS 13', 'MacBook Air', 'HP Spectre x360']",1.02,True,HP Spectre x360,True
1714,2067,276853,2025-01-24 21:59:42.421222,external hard drive,Tablet,Product Page,True,"['Seagate 2TB', 'WD My Passport', 'Samsung T7']",1.62,True,Seagate 2TB,False
1715,1609,386015,2025-01-29 22:07:13.421222,smartphone,Tablet,Category Page,True,"['iPhone 15', 'Samsung Galaxy S24', 'Google Pixel 8']",3.16,True,iPhone 15,False
1716,5026,374943,2025-01-18 20:41:21.421222,water bottle,Tablet,Homepage,False,[],1.56,False,,False
1717,3000,645211,2025-01-25 14:17:43.421222,shoes,Mobile,Homepage,False,[],2.86,False,,False
1718,4554,555544,2025-01-23 06:09:55.421222,keyboard,Tablet,Category Page,True,"['Logitech MX Keys', 'Razer BlackWidow', 'Corsair K95']",2.12,True,Razer BlackWidow,False
1719,4101,500118,2025-02-03 16:25:14.421222,wireless earbuds,Mobile,Product Page,True,"['AirPods Pro', 'Sony WF-1000XM4', 'Bose QuietComfort Earbuds']",1.06,True,AirPods Pro,False
1720,9980,868245,2025-01-27 14:53:08.421222,keyboard,Mobile,Product Page,True,"['Logitech MX Keys', 'Razer BlackWidow', 'Corsair K95']",3.08,False,,False
1721,4139,583054,2025-01-06 03:31:49.421222,mouse,Mobile,Product Page,True,"['Logitech MX Master 3', 'Razer DeathAdder', 'SteelSeries Rival 5']",1.97,False,,False
1722,6915,927283,2025-01-15 20:12:24.421222,keyboard,Mobile,Category Page,True,"['Logitech MX Keys', 'Razer BlackWidow', 'Corsair K95']",1.16,True,Razer BlackWidow,False
1723,1523,324971,2025-02-02 00:26:54.421222,coffee mug,Mobile,Product Page,True,"['Ceramic Mug', 'Travel Mug', 'Insulated Mug']",3.13,False,,False
1724,9191,685475,2025-01-21 03:31:18.421222,smartphone,Desktop,Category Page,True,"['iPhone 15', 'Samsung Galaxy S24', 'Google Pixel 8']",1.86,True,Google Pixel 8,True
1725,2932,862813,2025-02-03 09:15:42.421222,laptop,Mobile,Product Page,True,"['Dell XPS 13', 'MacBook Air', 'HP Spectre x360']",2.93,False,,False
1726,6197,438649,2025-01-23 08:11:13.421222,shoes,Mobile,Category Page,False,[],1.76,False,,False
1727,7761,864461,2025-01-12 21:08:25.421222,laptop,Tablet,Product Page,True,"['Dell XPS 13', 'MacBook Air', 'HP Spectre x360']",2.6,True,Dell XPS 13,False
1728,5237,985838,2025-02-02 16:20:10.421222,external hard drive,Desktop,Category Page,True,"['Seagate 2TB', 'WD My Passport', 'Samsung T7']",2.32,True,WD My Passport,False
1729,4089,357704,2025-01-11 16:56:11.421222,water bottle,Desktop,Homepage,False,[],0.53,False,,False
1730,2027,640995,2025-01-13 04:40:55.421222,shoes,Desktop,Product Page,False,[],2.1,False,,False
1731,5244,174317,2025-01-27 01:08:59.421222,dresses,Mobile,Homepage,False,[],2.89,False,,False
1732,7620,907769,2025-01-24 18:08:33.421222,keyboard,Mobile,Product Page,True,"['Logitech MX Keys', 'Razer BlackWidow', 'Corsair K95']",3.11,False,,False
1733,6020,454171,2025-02-03 23:01:01.421222,phone case,Mobile,Homepage,True,"['OtterBox Defender', 'Spigen Tough Armor', 'Apple Silicone Case']",2.39,True,Spigen Tough Armor,True
1734,4850,939939,2025-01-11 15:46:14.421222,phone case,Tablet,Product Page,True,"['OtterBox Defender', 'Spigen Tough Armor', 'Apple Silicone Case']",0.61,True,Spigen Tough Armor,False
1735,6148,973085,2025-01-17 01:38:05.421222,gaming chair,Tablet,Product Page,True,"['DXRacer', 'Secretlab Titan', 'Razer Iskur']",1.57,True,Secretlab Titan,False
1736,4008,155673,2025-01-28 23:26:54.421222,laptop,Desktop,Homepage,True,"['Dell XPS 13', 'MacBook Air', 'HP Spectre x360']",2.98,True,MacBook Air,True
1737,8025,713946,2025-01-27 13:01:42.421222,mouse,Mobile,Homepage,True,"['Logitech MX Master 3', 'Razer DeathAdder', 'SteelSeries Rival 5']",2.29,False,,False
1738,7243,425700,2025-01-05 18:36:38.421222,laptop,Tablet,Homepage,True,"['Dell XPS 13', 'MacBook Air', 'HP Spectre x360']",0.77,True,HP Spectre x360,False
1739,4132,291528,2025-01-10 05:42:28.421222,dresses,Tablet,Product Page,False,[],1.19,False,,False
1740,1262,522232,2025-02-02 00:27:41.421222,external hard drive,Mobile,Category Page,True,"['Seagate 2TB', 'WD My Passport', 'Samsung T7']",2.9,True,WD My Passport,False
1741,5718,989782,2025-01-22 19:04:33.421222,dresses,Desktop,Homepage,False,[],0.73,False,,False
1742,2152,660354,2025-01-16 03:57:34.421222,headphones,Mobile,Homepage,True,"['Sony WH-1000XM5', 'Bose 700', 'Sennheiser Momentum 4']",2.19,False,,False
1743,9757,577032,2025-01-21 10:17:55.421222,socks,Desktop,Product Page,False,[],0.58,False,,False
1744,7808,700804,2025-01-07 10:49:43.421222,socks,Tablet,Product Page,False,[],2.42,False,,False
1745,8660,615338,2025-01-10 15:52:23.421222,gaming chair,Desktop,Category Page,True,"['DXRacer', 'Secretlab Titan', 'Razer Iskur']",0.94,True,DXRacer,True
1746,6011,692439,2025-02-03 23:17:25.421222,headphones,Desktop,Product Page,True,"['Sony WH-1000XM5', 'Bose 700', 'Sennheiser Momentum 4']",0.48,True,Sennheiser Momentum 4,False
1747,1348,542472,2025-01-27 05:38:49.421222,shoes,Tablet,Category Page,False,[],1.13,False,,False
1748,2923,636070,2025-01-13 06:42:44.421222,laptop,Tablet,Product Page,True,"['Dell XPS 13', 'MacBook Air', 'HP Spectre x360']",2.84,True,HP Spectre x360,False
1749,3552,772728,2025-01-08 11:06:42.421222,headphones,Tablet,Category Page,True,"['Sony WH-1000XM5', 'Bose 700', 'Sennheiser Momentum 4']",2.98,True,Sennheiser Momentum 4,True
1750,5438,773049,2025-01-17 21:24:11.421222,dresses,Desktop,Category Page,False,[],3.07,False,,False
1751,4185,135469,2025-01-06 14:51:34.421222,keyboard,Mobile,Product Page,True,"['Logitech MX Keys', 'Razer BlackWidow', 'Corsair K95']",0.51,False,,False
1752,1721,461632,2025-01-09 14:33:49.421222,socks,Tablet,Product Page,False,[],0.44,False,,False
1753,9538,654912,2025-01-14 09:01:15.421222,wireless earbuds,Tablet,Product Page,True,"['AirPods Pro', 'Sony WF-1000XM4', 'Bose QuietComfort Earbuds']",2.84,True,Sony WF-1000XM4,False
1754,2406,772574,2025-01-24 10:51:49.421222,dresses,Mobile,Homepage,False,[],0.39,False,,False
1755,7417,397379,2025-01-18 07:21:31.421222,external hard drive,Tablet,Homepage,True,"['Seagate 2TB', 'WD My Passport', 'Samsung T7']",1.61,True,Seagate 2TB,False
1756,4494,586798,2025-01-26 04:38:29.421222,shoes,Tablet,Product Page,False,[],1.95,False,,False
1757,2776,277118,2025-01-10 07:57:26.421222,wireless earbuds,Desktop,Homepage,True,"['AirPods Pro', 'Sony WF-1000XM4', 'Bose QuietComfort Earbuds']",0.55,False,,False
1758,5019,891482,2025-01-20 09:15:19.421222,mouse,Tablet,Category Page,True,"['Logitech MX Master 3', 'Razer DeathAdder', 'SteelSeries Rival 5']",2.14,True,Razer DeathAdder,False
1759,3374,229956,2025-01-22 11:01:40.421222,mouse,Desktop,Homepage,True,"['Logitech MX Master 3', 'Razer DeathAdder', 'SteelSeries Rival 5']",0.84,False,,False
1760,6490,580590,2025-01-14 23:16:14.421222,smartphone,Desktop,Product Page,True,"['iPhone 15', 'Samsung Galaxy S24', 'Google Pixel 8']",0.78,True,iPhone 15,False
1761,8078,324342,2025-01-22 00:51:42.421222,headphones,Tablet,Homepage,True,"['Sony WH-1000XM5', 'Bose 700', 'Sennheiser Momentum 4']",2.42,True,Bose 700,False
1762,6190,668372,2025-02-04 02:40:58.421222,coffee mug,Desktop,Category Page,True,"['Ceramic Mug', 'Travel Mug', 'Insulated Mug']",0.31,True,Ceramic Mug,False
1763,4830,121656,2025-01-22 23:41:44.421222,shoes,Desktop,Product Page,False,[],1.3,False,,False
1764,2530,673123,2025-01-07 03:44:36.421222,phone case,Tablet,Product Page,True,"['OtterBox Defender', 'Spigen Tough Armor', 'Apple Silicone Case']",1.39,True,Spigen Tough Armor,False
1765,6383,686456,2025-01-20 05:25:20.421222,external hard drive,Tablet,Category Page,True,"['Seagate 2TB', 'WD My Passport', 'Samsung T7']",2.24,False,,False
1766,7440,910002,2025-01-30 20:11:00.421222,gaming chair,Mobile,Product Page,True,"['DXRacer', 'Secretlab Titan', 'Razer Iskur']",2.41,False,,False
1767,2713,655741,2025-01-27 03:05:33.421222,dresses,Mobile,Homepage,False,[],1.48,False,,False
1768,9931,569235,2025-01-24 00:49:43.421222,keyboard,Desktop,Category Page,True,"['Logitech MX Keys', 'Razer BlackWidow', 'Corsair K95']",1.34,True,Razer BlackWidow,False
1769,8299,860845,2025-01-08 20:52:50.421222,wireless earbuds,Desktop,Category Page,True,"['AirPods Pro', 'Sony WF-1000XM4', 'Bose QuietComfort Earbuds']",2.16,True,Bose QuietComfort Earbuds,False
1770,3664,273943,2025-01-30 20:38:40.421222,keyboard,Desktop,Category Page,True,"['Logitech MX Keys', 'Razer BlackWidow', 'Corsair K95']",2.0,True,Logitech MX Keys,True
1771,9536,589704,2025-01-06 11:26:55.421222,headphones,Desktop,Category Page,True,"['Sony WH-1000XM5', 'Bose 700', 'Sennheiser Momentum 4']",2.84,True,Sony WH-1000XM5,False
1772,3115,626650,2025-01-15 06:32:40.421222,mouse,Desktop,Homepage,True,"['Logitech MX Master 3', 'Razer DeathAdder', 'SteelSeries Rival 5']",3.05,True,SteelSeries Rival 5,False
1773,1544,378549,2025-01-08 09:59:40.421222,shoes,Tablet,Homepage,False,[],3.25,False,,False
1774,6725,449117,2025-02-04 04:23:51.421222,water bottle,Tablet,Product Page,False,[],2.74,False,,False
1775,7925,218760,2025-01-13 11:40:42.421222,shoes,Mobile,Category Page,False,[],2.39,False,,False
1776,6046,826749,2025-01-05 21:46:46.421222,laptop,Desktop,Category Page,True,"['Dell XPS 13', 'MacBook Air', 'HP Spectre x360']",3.37,True,MacBook Air,False
1777,8524,215237,2025-01-24 09:17:24.421222,gaming chair,Tablet,Category Page,True,"['DXRacer', 'Secretlab Titan', 'Razer Iskur']",2.7,True,DXRacer,False
1778,1049,875366,2025-01-19 20:13:35.421222,smartphone,Desktop,Category Page,True,"['iPhone 15', 'Samsung Galaxy S24', 'Google Pixel 8']",2.06,False,,False
1779,3620,402029,2025-01-05 11:43:58.421222,socks,Desktop,Homepage,False,[],1.99,False,,False
1780,7259,346036,2025-01-08 22:52:13.421222,external hard drive,Mobile,Product Page,True,"['Seagate 2TB', 'WD My Passport', 'Samsung T7']",0.93,True,Seagate 2TB,False
1781,5759,598864,2025-01-14 09:09:30.421222,external hard drive,Mobile,Product Page,True,"['Seagate 2TB', 'WD My Passport', 'Samsung T7']",2.16,True,Seagate 2TB,True
1782,6962,636434,2025-01-15 12:33:03.421222,laptop,Desktop,Product Page,True,"['Dell XPS 13', 'MacBook Air', 'HP Spectre x360']",1.44,True,Dell XPS 13,False
1783,9072,873431,2025-01-25 22:07:41.421222,dresses,Mobile,Product Page,False,[],2.85,False,,False
1784,5153,250794,2025-01-06 11:32:21.421222,phone case,Mobile,Category Page,True,"['OtterBox Defender', 'Spigen Tough Armor', 'Apple Silicone Case']",3.21,True,OtterBox Defender,False
1785,9141,292255,2025-01-18 22:05:11.421222,external hard drive,Desktop,Homepage,True,"['Seagate 2TB', 'WD My Passport', 'Samsung T7']",1.82,False,,False
1786,3666,375412,2025-01-08 15:31:05.421222,keyboard,Desktop,Category Page,True,"['Logitech MX Keys', 'Razer BlackWidow', 'Corsair K95']",1.15,True,Logitech MX Keys,False
1787,6242,226076,2025-01-28 14:08:20.421222,wireless earbuds,Desktop,Category Page,True,"['AirPods Pro', 'Sony WF-1000XM4', 'Bose QuietComfort Earbuds']",2.77,True,Bose QuietComfort Earbuds,False
1788,6059,381658,2025-02-03 09:55:48.421222,dresses,Tablet,Category Page,False,[],2.3,False,,False
1789,9750,667189,2025-01-30 08:22:25.421222,water bottle,Tablet,Category Page,False,[],2.93,False,,False
1790,3507,787411,2025-01-22 22:37:33.421222,laptop,Tablet,Homepage,True,"['Dell XPS 13', 'MacBook Air', 'HP Spectre x360']",1.08,True,MacBook Air,False
1791,4712,634980,2025-01-19 16:40:53.421222,mouse,Tablet,Homepage,True,"['Logitech MX Master 3', 'Razer DeathAdder', 'SteelSeries Rival 5']",0.35,False,,False
1792,1436,744489,2025-01-09 14:03:52.421222,mouse,Mobile,Product Page,True,"['Logitech MX Master 3', 'Razer DeathAdder', 'SteelSeries Rival 5']",0.78,True,Razer DeathAdder,False
1793,3368,584411,2025-01-20 04:02:55.421222,headphones,Desktop,Homepage,True,"['Sony WH-1000XM5', 'Bose 700', 'Sennheiser Momentum 4']",2.94,True,Sony WH-1000XM5,False
1794,5290,603818,2025-01-12 08:37:06.421222,keyboard,Tablet,Product Page,True,"['Logitech MX Keys', 'Razer BlackWidow', 'Corsair K95']",2.04,True,Logitech MX Keys,False
1795,1107,433802,2025-01-18 12:53:11.421222,external hard drive,Tablet,Product Page,True,"['Seagate 2TB', 'WD My Passport', 'Samsung T7']",1.98,False,,False
1796,4461,505117,2025-01-08 18:11:37.421222,coffee mug,Mobile,Product Page,True,"['Ceramic Mug', 'Travel Mug', 'Insulated Mug']",1.48,True,Insulated Mug,True
1797,2128,982992,2025-01-11 19:39:12.421222,dresses,Desktop,Category Page,False,[],2.76,False,,False
1798,1740,133002,2025-01-18 08:55:32.421222,smartphone,Tablet,Category Page,True,"['iPhone 15', 'Samsung Galaxy S24', 'Google Pixel 8']",3.05,True,Google Pixel 8,False
1799,7401,277683,2025-01-16 06:30:55.421222,coffee mug,Mobile,Homepage,True,"['Ceramic Mug', 'Travel Mug', 'Insulated Mug']",2.18,False,,False
1800,8185,928721,2025-01-06 05:27:00.421222,coffee mug,Tablet,Homepage,True,"['Ceramic Mug', 'Travel Mug', 'Insulated Mug']",2.39,True,Travel Mug,False
1801,3335,490459,2025-01-20 06:38:08.421222,shoes,Tablet,Product Page,False,[],1.33,False,,False
1802,1860,209657,2025-01-07 18:53:06.421222,smartphone,Mobile,Homepage,True,"['iPhone 15', 'Samsung Galaxy S24', 'Google Pixel 8']",2.08,True,Samsung Galaxy S24,True
1803,2207,755089,2025-01-25 23:02:18.421222,headphones,Tablet,Product Page,True,"['Sony WH-1000XM5', 'Bose 700', 'Sennheiser Momentum 4']",3.1,True,Sony WH-1000XM5,True
1804,5536,468049,2025-01-27 06:24:53.421222,water bottle,Tablet,Product Page,False,[],1.19,False,,False
1805,3307,532107,2025-02-03 13:36:24.421222,socks,Mobile,Homepage,False,[],0.45,False,,False
1806,2639,883218,2025-01-31 15:10:42.421222,headphones,Tablet,Homepage,True,"['Sony WH-1000XM5', 'Bose 700', 'Sennheiser Momentum 4']",0.29,True,Sennheiser Momentum 4,False
1807,9903,936316,2025-02-02 05:25:50.421222,gaming chair,Tablet,Product Page,True,"['DXRacer', 'Secretlab Titan', 'Razer Iskur']",2.68,False,,False
1808,8468,195190,2025-01-08 21:34:35.421222,coffee mug,Tablet,Homepage,True,"['Ceramic Mug', 'Travel Mug', 'Insulated Mug']",2.34,False,,False
1809,2668,440608,2025-01-31 05:53:06.421222,external hard drive,Desktop,Product Page,True,"['Seagate 2TB', 'WD My Passport', 'Samsung T7']",2.21,True,WD My Passport,False
1810,1814,604557,2025-01-15 20:27:29.421222,water bottle,Tablet,Category Page,False,[],1.89,False,,False
1811,2252,333138,2025-01-31 15:59:37.421222,headphones,Mobile,Homepage,True,"['Sony WH-1000XM5', 'Bose 700', 'Sennheiser Momentum 4']",3.41,True,Sony WH-1000XM5,False
1812,2341,693090,2025-01-06 15:30:28.421222,external hard drive,Mobile,Homepage,True,"['Seagate 2TB', 'WD My Passport', 'Samsung T7']",1.6,True,WD My Passport,False
1813,9760,194031,2025-02-01 23:58:48.421222,phone case,Mobile,Category Page,True,"['OtterBox Defender', 'Spigen Tough Armor', 'Apple Silicone Case']",0.49,False,,False
1814,9214,471438,2025-01-24 18:37:50.421222,keyboard,Tablet,Product Page,True,"['Logitech MX Keys', 'Razer BlackWidow', 'Corsair K95']",2.74,True,Corsair K95,False
1815,6200,973771,2025-01-19 22:03:15.421222,mouse,Tablet,Product Page,True,"['Logitech MX Master 3', 'Razer DeathAdder', 'SteelSeries Rival 5']",2.26,True,Razer DeathAdder,False
1816,4964,440765,2025-01-26 00:19:00.421222,gaming chair,Desktop,Homepage,True,"['DXRacer', 'Secretlab Titan', 'Razer Iskur']",1.01,False,,False
1817,6633,616743,2025-02-03 17:08:25.421222,gaming chair,Mobile,Category Page,True,"['DXRacer', 'Secretlab Titan', 'Razer Iskur']",3.27,True,Secretlab Titan,False
1818,2924,933030,2025-01-27 22:37:12.421222,keyboard,Desktop,Product Page,True,"['Logitech MX Keys', 'Razer BlackWidow', 'Corsair K95']",0.87,False,,False
1819,7094,889231,2025-01-26 17:29:27.421222,gaming chair,Desktop,Product Page,True,"['DXRacer', 'Secretlab Titan', 'Razer Iskur']",2.77,True,Secretlab Titan,True
1820,3775,645720,2025-01-25 07:38:42.421222,smartphone,Tablet,Product Page,True,"['iPhone 15', 'Samsung Galaxy S24', 'Google Pixel 8']",3.41,False,,False
1821,4254,344957,2025-01-24 08:41:37.421222,shoes,Mobile,Product Page,False,[],2.46,False,,False
1822,2166,727113,2025-01-27 01:55:37.421222,water bottle,Tablet,Category Page,False,[],2.34,False,,False
1823,4748,611714,2025-01-25 22:05:37.421222,smartphone,Tablet,Category Page,True,"['iPhone 15', 'Samsung Galaxy S24', 'Google Pixel 8']",2.91,False,,False
1824,6707,928981,2025-01-25 17:04:04.421222,headphones,Desktop,Product Page,True,"['Sony WH-1000XM5', 'Bose 700', 'Sennheiser Momentum 4']",2.04,False,,False
1825,2413,474640,2025-02-02 22:22:22.421222,external hard drive,Desktop,Homepage,True,"['Seagate 2TB', 'WD My Passport', 'Samsung T7']",1.3,True,Seagate 2TB,True
1826,5433,652815,2025-02-01 21:33:19.421222,socks,Tablet,Homepage,False,[],2.15,False,,False
1827,6062,323901,2025-01-09 17:50:18.421222,headphones,Desktop,Product Page,True,"['Sony WH-1000XM5', 'Bose 700', 'Sennheiser Momentum 4']",3.09,False,,False
1828,2051,241945,2025-01-24 06:05:30.421222,external hard drive,Tablet,Homepage,True,"['Seagate 2TB', 'WD My Passport', 'Samsung T7']",1.41,False,,False
1829,3218,347109,2025-01-14 16:44:00.421222,wireless earbuds,Tablet,Product Page,True,"['AirPods Pro', 'Sony WF-1000XM4', 'Bose QuietComfort Earbuds']",3.27,True,Sony WF-1000XM4,False
1830,4755,545278,2025-01-16 11:50:26.421222,smartphone,Desktop,Product Page,True,"['iPhone 15', 'Samsung Galaxy S24', 'Google Pixel 8']",2.26,False,,False
1831,6118,714786,2025-02-02 20:33:51.421222,phone case,Tablet,Product Page,True,"['OtterBox Defender', 'Spigen Tough Armor', 'Apple Silicone Case']",0.57,True,Apple Silicone Case,False
1832,4922,783334,2025-01-30 22:41:40.421222,keyboard,Desktop,Category Page,True,"['Logitech MX Keys', 'Razer BlackWidow', 'Corsair K95']",1.1,True,Logitech MX Keys,False
1833,5473,214012,2025-01-09 13:12:52.421222,gaming chair,Tablet,Category Page,True,"['DXRacer', 'Secretlab Titan', 'Razer Iskur']",0.67,True,Razer Iskur,False
1834,9274,388104,2025-01-17 01:30:26.421222,external hard drive,Tablet,Product Page,True,"['Seagate 2TB', 'WD My Passport', 'Samsung T7']",2.25,True,WD My Passport,True
1835,1758,915926,2025-01-06 12:07:58.421222,headphones,Desktop,Product Page,True,"['Sony WH-1000XM5', 'Bose 700', 'Sennheiser Momentum 4']",0.55,True,Bose 700,False
1836,8834,731994,2025-01-13 05:42:11.421222,headphones,Desktop,Product Page,True,"['Sony WH-1000XM5', 'Bose 700', 'Sennheiser Momentum 4']",1.31,True,Sennheiser Momentum 4,True
1837,2865,361641,2025-01-24 02:48:04.421222,socks,Tablet,Category Page,False,[],0.69,False,,False
1838,4820,227752,2025-01-18 02:12:32.421222,gaming chair,Desktop,Product Page,True,"['DXRacer', 'Secretlab Titan', 'Razer Iskur']",0.33,True,Secretlab Titan,False
1839,9341,477745,2025-01-18 05:21:51.421222,shoes,Desktop,Category Page,False,[],2.61,False,,False
1840,5760,243157,2025-01-23 01:55:00.421222,wireless earbuds,Mobile,Homepage,True,"['AirPods Pro', 'Sony WF-1000XM4', 'Bose QuietComfort Earbuds']",1.58,True,AirPods Pro,True
1841,7405,279357,2025-01-28 22:00:46.421222,water bottle,Desktop,Product Page,False,[],3.18,False,,False
1842,9089,755234,2025-02-03 10:27:51.421222,dresses,Mobile,Category Page,False,[],2.23,False,,False
1843,9700,852612,2025-01-13 13:13:57.421222,keyboard,Mobile,Category Page,True,"['Logitech MX Keys', 'Razer BlackWidow', 'Corsair K95']",1.49,True,Razer BlackWidow,True
1844,9199,256355,2025-01-20 15:47:46.421222,wireless earbuds,Mobile,Product Page,True,"['AirPods Pro', 'Sony WF-1000XM4', 'Bose QuietComfort Earbuds']",1.96,True,AirPods Pro,False
1845,4692,776665,2025-01-19 05:09:16.421222,socks,Mobile,Product Page,False,[],2.65,False,,False
1846,4724,978584,2025-01-09 08:37:03.421222,gaming chair,Desktop,Product Page,True,"['DXRacer', 'Secretlab Titan', 'Razer Iskur']",0.39,True,DXRacer,True
1847,6681,983875,2025-01-31 23:02:36.421222,gaming chair,Mobile,Category Page,True,"['DXRacer', 'Secretlab Titan', 'Razer Iskur']",2.42,True,Razer Iskur,True
1848,2086,969048,2025-01-27 08:51:52.421222,external hard drive,Mobile,Homepage,True,"['Seagate 2TB', 'WD My Passport', 'Samsung T7']",2.77,True,WD My Passport,False
1849,1883,575979,2025-01-24 17:37:37.421222,keyboard,Desktop,Product Page,True,"['Logitech MX Keys', 'Razer BlackWidow', 'Corsair K95']",3.17,True,Logitech MX Keys,False
1850,4585,661417,2025-01-16 23:13:19.421222,headphones,Mobile,Category Page,True,"['Sony WH-1000XM5', 'Bose 700', 'Sennheiser Momentum 4']",2.68,True,Bose 700,False
1851,2819,67741,2025-01-21 13:20:15.421222,wireless earbuds,Tablet,Product Page,True,"['AirPods Pro', 'Sony WF-1000XM4', 'Bose QuietComfort Earbuds']",0.69,True,Bose QuietComfort Earbuds,False
1852,9358,617591,2025-01-17 01:41:59.421222,external hard drive,Mobile,Category Page,True,"['Seagate 2TB', 'WD My Passport', 'Samsung T7']",2.77,True,Seagate 2TB,False
1853,5606,870469,2025-02-01 03:14:19.421222,dresses,Tablet,Homepage,False,[],0.88,False,,False
1854,6042,731514,2025-01-23 13:49:38.421222,gaming chair,Tablet,Homepage,True,"['DXRacer', 'Secretlab Titan', 'Razer Iskur']",1.97,True,Secretlab Titan,False
1855,6899,858947,2025-01-08 23:56:09.421222,coffee mug,Tablet,Product Page,True,"['Ceramic Mug', 'Travel Mug', 'Insulated Mug']",0.98,True,Ceramic Mug,False
1856,3979,233423,2025-02-03 04:00:59.421222,phone case,Tablet,Category Page,True,"['OtterBox Defender', 'Spigen Tough Armor', 'Apple Silicone Case']",2.88,True,Apple Silicone Case,False
1857,4158,755929,2025-01-20 15:05:31.421222,mouse,Tablet,Product Page,True,"['Logitech MX Master 3', 'Razer DeathAdder', 'SteelSeries Rival 5']",1.78,True,SteelSeries Rival 5,False
1858,2483,590412,2025-01-07 21:49:42.421222,phone case,Mobile,Homepage,True,"['OtterBox Defender', 'Spigen Tough Armor', 'Apple Silicone Case']",1.73,True,Apple Silicone Case,False
1859,2426,81329,2025-01-30 15:30:14.421222,socks,Desktop,Product Page,False,[],2.64,False,,False
1860,1160,572232,2025-01-20 15:02:59.421222,dresses,Mobile,Product Page,False,[],2.2,False,,False
1861,7769,652307,2025-02-01 05:54:54.421222,water bottle,Desktop,Category Page,False,[],2.9,False,,False
1862,5725,158294,2025-01-24 23:47:59.421222,wireless earbuds,Tablet,Product Page,True,"['AirPods Pro', 'Sony WF-1000XM4', 'Bose QuietComfort Earbuds']",2.28,True,AirPods Pro,False
1863,6643,877872,2025-01-31 04:52:15.421222,phone case,Mobile,Product Page,True,"['OtterBox Defender', 'Spigen Tough Armor', 'Apple Silicone Case']",0.51,True,Spigen Tough Armor,False
1864,1012,803608,2025-01-09 15:57:41.421222,smartphone,Mobile,Homepage,True,"['iPhone 15', 'Samsung Galaxy S24', 'Google Pixel 8']",2.58,True,Google Pixel 8,False
1865,9692,584762,2025-02-02 00:48:20.421222,external hard drive,Mobile,Category Page,True,"['Seagate 2TB', 'WD My Passport', 'Samsung T7']",2.0,False,,False
1866,4381,903521,2025-01-24 06:44:47.421222,shoes,Mobile,Category Page,False,[],1.0,False,,False
1867,5944,961680,2025-01-21 06:12:37.421222,laptop,Tablet,Category Page,True,"['Dell XPS 13', 'MacBook Air', 'HP Spectre x360']",2.06,True,Dell XPS 13,True
1868,3202,404727,2025-01-27 22:46:13.421222,shoes,Desktop,Product Page,False,[],2.84,False,,False
1869,2416,489359,2025-01-31 00:32:32.421222,shoes,Tablet,Product Page,False,[],0.46,False,,False
1870,2469,89410,2025-01-09 21:24:23.421222,laptop,Mobile,Category Page,True,"['Dell XPS 13', 'MacBook Air', 'HP Spectre x360']",1.44,False,,False
1871,7066,294799,2025-01-30 16:08:27.421222,smartphone,Mobile,Category Page,True,"['iPhone 15', 'Samsung Galaxy S24', 'Google Pixel 8']",1.06,True,iPhone 15,False
1872,4502,946502,2025-01-16 20:14:01.421222,external hard drive,Mobile,Product Page,True,"['Seagate 2TB', 'WD My Passport', 'Samsung T7']",2.1,False,,False
1873,1893,598761,2025-01-21 15:31:01.421222,wireless earbuds,Desktop,Category Page,True,"['AirPods Pro', 'Sony WF-1000XM4', 'Bose QuietComfort Earbuds']",1.11,True,Sony WF-1000XM4,False
1874,9220,974725,2025-01-10 19:15:09.421222,laptop,Mobile,Homepage,True,"['Dell XPS 13', 'MacBook Air', 'HP Spectre x360']",1.18,False,,False
1875,1697,927419,2025-01-20 16:37:39.421222,gaming chair,Tablet,Homepage,True,"['DXRacer', 'Secretlab Titan', 'Razer Iskur']",1.03,True,Secretlab Titan,False
1876,7168,517845,2025-01-12 10:06:08.421222,keyboard,Desktop,Homepage,True,"['Logitech MX Keys', 'Razer BlackWidow', 'Corsair K95']",1.67,False,,False
1877,5805,961141,2025-01-14 00:06:34.421222,socks,Desktop,Homepage,False,[],2.31,False,,False
1878,1751,92505,2025-01-24 04:09:15.421222,dresses,Mobile,Homepage,False,[],2.96,False,,False
1879,9099,945803,2025-01-20 17:53:33.421222,keyboard,Desktop,Homepage,True,"['Logitech MX Keys', 'Razer BlackWidow', 'Corsair K95']",1.34,True,Razer BlackWidow,False
1880,1544,165694,2025-01-21 21:50:02.421222,laptop,Tablet,Product Page,True,"['Dell XPS 13', 'MacBook Air', 'HP Spectre x360']",1.21,True,HP Spectre x360,True
1881,3739,78765,2025-01-18 20:06:37.421222,external hard drive,Mobile,Category Page,True,"['Seagate 2TB', 'WD My Passport', 'Samsung T7']",1.69,False,,False
1882,7364,700949,2025-01-19 03:35:32.421222,wireless earbuds,Mobile,Category Page,True,"['AirPods Pro', 'Sony WF-1000XM4', 'Bose QuietComfort Earbuds']",0.46,False,,False
1883,7609,612074,2025-01-27 11:44:57.421222,mouse,Desktop,Product Page,True,"['Logitech MX Master 3', 'Razer DeathAdder', 'SteelSeries Rival 5']",1.2,False,,False
1884,1135,710379,2025-01-07 11:48:59.421222,mouse,Tablet,Category Page,True,"['Logitech MX Master 3', 'Razer DeathAdder', 'SteelSeries Rival 5']",1.78,True,Razer DeathAdder,False
1885,5876,347681,2025-01-21 12:58:56.421222,coffee mug,Desktop,Category Page,True,"['Ceramic Mug', 'Travel Mug', 'Insulated Mug']",2.1,False,,False
1886,6024,921342,2025-01-21 22:57:28.421222,gaming chair,Tablet,Product Page,True,"['DXRacer', 'Secretlab Titan', 'Razer Iskur']",0.3,True,Secretlab Titan,False
1887,8125,895814,2025-02-02 14:33:44.421222,laptop,Tablet,Homepage,True,"['Dell XPS 13', 'MacBook Air', 'HP Spectre x360']",2.63,True,MacBook Air,False
1888,5786,488946,2025-01-05 22:08:33.421222,laptop,Tablet,Homepage,True,"['Dell XPS 13', 'MacBook Air', 'HP Spectre x360']",1.95,True,HP Spectre x360,False
1889,4614,699312,2025-01-12 14:08:48.421222,shoes,Desktop,Homepage,False,[],0.25,False,,False
1890,8323,967192,2025-01-08 01:54:14.421222,phone case,Tablet,Homepage,True,"['OtterBox Defender', 'Spigen Tough Armor', 'Apple Silicone Case']",0.2,True,OtterBox Defender,False
1891,4070,765680,2025-01-15 01:30:37.421222,laptop,Mobile,Homepage,True,"['Dell XPS 13', 'MacBook Air', 'HP Spectre x360']",3.49,True,MacBook Air,False
1892,2086,151430,2025-01-15 16:42:34.421222,smartphone,Desktop,Homepage,True,"['iPhone 15', 'Samsung Galaxy S24', 'Google Pixel 8']",0.59,True,Google Pixel 8,False
1893,6859,731807,2025-02-02 03:51:57.421222,socks,Desktop,Homepage,False,[],3.18,False,,False
1894,1920,348312,2025-01-09 18:21:55.421222,external hard drive,Mobile,Category Page,True,"['Seagate 2TB', 'WD My Passport', 'Samsung T7']",2.33,False,,False
1895,8269,66143,2025-01-08 16:35:55.421222,mouse,Mobile,Category Page,True,"['Logitech MX Master 3', 'Razer DeathAdder', 'SteelSeries Rival 5']",2.86,False,,False
1896,3396,621502,2025-01-13 00:32:49.421222,external hard drive,Mobile,Homepage,True,"['Seagate 2TB', 'WD My Passport', 'Samsung T7']",3.22,False,,False
1897,8464,82283,2025-01-06 01:07:06.421222,external hard drive,Desktop,Homepage,True,"['Seagate 2TB', 'WD My Passport', 'Samsung T7']",2.61,False,,False
1898,8835,291180,2025-02-03 20:04:31.421222,water bottle,Desktop,Product Page,False,[],3.03,False,,False
1899,5446,54460,2025-01-09 18:50:15.421222,socks,Tablet,Homepage,False,[],1.38,False,,False
1900,1386,588889,2025-01-12 21:34:02.421222,headphones,Mobile,Homepage,True,"['Sony WH-1000XM5', 'Bose 700', 'Sennheiser Momentum 4']",1.91,True,Sennheiser Momentum 4,True
1901,8067,123303,2025-01-23 10:42:00.421222,keyboard,Mobile,Category Page,True,"['Logitech MX Keys', 'Razer BlackWidow', 'Corsair K95']",0.2,False,,False
1902,8679,845277,2025-01-31 23:27:39.421222,water bottle,Mobile,Product Page,False,[],2.41,False,,False
1903,1886,549468,2025-01-31 11:44:27.421222,smartphone,Mobile,Category Page,True,"['iPhone 15', 'Samsung Galaxy S24', 'Google Pixel 8']",2.15,True,iPhone 15,False
1904,5791,586355,2025-02-03 04:41:53.421222,socks,Mobile,Product Page,False,[],2.68,False,,False
1905,7262,208669,2025-01-31 09:04:18.421222,gaming chair,Tablet,Product Page,True,"['DXRacer', 'Secretlab Titan', 'Razer Iskur']",2.64,True,Razer Iskur,False
1906,9516,432198,2025-01-11 09:03:54.421222,water bottle,Mobile,Homepage,False,[],3.25,False,,False
1907,5929,507689,2025-01-31 04:15:11.421222,laptop,Mobile,Product Page,True,"['Dell XPS 13', 'MacBook Air', 'HP Spectre x360']",2.8,True,Dell XPS 13,False
1908,7700,345948,2025-01-22 17:32:03.421222,socks,Desktop,Category Page,False,[],3.23,False,,False
1909,7098,92839,2025-01-05 11:56:31.421222,external hard drive,Mobile,Homepage,True,"['Seagate 2TB', 'WD My Passport', 'Samsung T7']",3.32,True,WD My Passport,False
1910,1785,730166,2025-01-11 00:25:27.421222,keyboard,Tablet,Product Page,True,"['Logitech MX Keys', 'Razer BlackWidow', 'Corsair K95']",3.38,False,,False
1911,1631,59655,2025-01-23 00:46:35.421222,water bottle,Mobile,Product Page,False,[],2.31,False,,False
1912,6993,977470,2025-01-23 17:44:56.421222,external hard drive,Mobile,Product Page,True,"['Seagate 2TB', 'WD My Passport', 'Samsung T7']",1.66,False,,False
1913,9990,266983,2025-01-19 05:15:44.421222,headphones,Tablet,Category Page,True,"['Sony WH-1000XM5', 'Bose 700', 'Sennheiser Momentum 4']",2.28,True,Sony WH-1000XM5,True
1914,8924,965610,2025-01-15 00:46:37.421222,keyboard,Tablet,Homepage,True,"['Logitech MX Keys', 'Razer BlackWidow', 'Corsair K95']",1.21,False,,False
1915,2037,50374,2025-01-21 09:37:03.421222,shoes,Desktop,Category Page,False,[],0.44,False,,False
1916,2454,282767,2025-01-28 09:36:06.421222,headphones,Tablet,Category Page,True,"['Sony WH-1000XM5', 'Bose 700', 'Sennheiser Momentum 4']",2.74,True,Sennheiser Momentum 4,False
1917,3932,796357,2025-01-14 22:31:24.421222,laptop,Mobile,Category Page,True,"['Dell XPS 13', 'MacBook Air', 'HP Spectre x360']",2.03,False,,False
1918,1410,884119,2025-01-21 23:51:40.421222,shoes,Mobile,Homepage,False,[],0.66,False,,False
1919,2884,285957,2025-01-08 19:20:52.421222,wireless earbuds,Tablet,Homepage,True,"['AirPods Pro', 'Sony WF-1000XM4', 'Bose QuietComfort Earbuds']",3.26,True,Bose QuietComfort Earbuds,True
1920,3250,380510,2025-01-15 19:33:02.421222,phone case,Tablet,Homepage,True,"['OtterBox Defender', 'Spigen Tough Armor', 'Apple Silicone Case']",3.26,True,Apple Silicone Case,False
1921,3697,982800,2025-02-02 15:45:26.421222,mouse,Tablet,Homepage,True,"['Logitech MX Master 3', 'Razer DeathAdder', 'SteelSeries Rival 5']",0.34,True,Logitech MX Master 3,False
1922,9885,775056,2025-01-12 19:29:39.421222,smartphone,Desktop,Product Page,True,"['iPhone 15', 'Samsung Galaxy S24', 'Google Pixel 8']",2.07,False,,False
1923,2601,222430,2025-01-09 05:59:45.421222,gaming chair,Mobile,Category Page,True,"['DXRacer', 'Secretlab Titan', 'Razer Iskur']",0.46,False,,False
1924,9929,432481,2025-01-07 23:47:49.421222,water bottle,Tablet,Product Page,False,[],3.23,False,,False
1925,4254,358084,2025-01-15 01:14:38.421222,headphones,Tablet,Product Page,True,"['Sony WH-1000XM5', 'Bose 700', 'Sennheiser Momentum 4']",2.3,True,Sony WH-1000XM5,False
1926,7942,657299,2025-01-31 08:31:51.421222,laptop,Desktop,Category Page,True,"['Dell XPS 13', 'MacBook Air', 'HP Spectre x360']",3.48,True,HP Spectre x360,False
1927,1684,635487,2025-02-01 20:15:07.421222,laptop,Tablet,Product Page,True,"['Dell XPS 13', 'MacBook Air', 'HP Spectre x360']",3.05,True,Dell XPS 13,False
1928,2294,645105,2025-01-11 08:55:37.421222,shoes,Desktop,Product Page,False,[],0.83,False,,False
1929,6845,500563,2025-02-03 04:04:01.421222,shoes,Desktop,Category Page,False,[],0.75,False,,False
1930,1775,460997,2025-01-17 22:11:38.421222,water bottle,Tablet,Category Page,False,[],3.46,False,,False
1931,5148,782377,2025-01-13 00:20:22.421222,socks,Tablet,Category Page,False,[],1.29,False,,False
1932,3190,395059,2025-01-10 03:55:53.421222,wireless earbuds,Desktop,Category Page,True,"['AirPods Pro', 'Sony WF-1000XM4', 'Bose QuietComfort Earbuds']",2.0,True,Bose QuietComfort Earbuds,False
1933,3537,156500,2025-01-06 20:45:31.421222,laptop,Desktop,Homepage,True,"['Dell XPS 13', 'MacBook Air', 'HP Spectre x360']",3.03,False,,False
1934,8580,692763,2025-01-28 11:15:11.421222,dresses,Mobile,Category Page,False,[],1.46,False,,False
1935,7204,110439,2025-01-17 17:25:39.421222,dresses,Desktop,Product Page,False,[],3.12,False,,False
1936,8512,844339,2025-01-10 22:24:17.421222,headphones,Desktop,Product Page,True,"['Sony WH-1000XM5', 'Bose 700', 'Sennheiser Momentum 4']",1.97,False,,False
1937,5315,81439,2025-01-10 17:14:12.421222,laptop,Desktop,Category Page,True,"['Dell XPS 13', 'MacBook Air', 'HP Spectre x360']",1.43,True,HP Spectre x360,False
1938,7095,377527,2025-01-21 11:14:17.421222,mouse,Desktop,Category Page,True,"['Logitech MX Master 3', 'Razer DeathAdder', 'SteelSeries Rival 5']",2.66,False,,False
1939,9454,452035,2025-02-04 02:54:31.421222,water bottle,Mobile,Category Page,False,[],1.99,False,,False
1940,8395,698884,2025-01-23 10:14:06.421222,dresses,Mobile,Homepage,False,[],0.4,False,,False
1941,6896,961246,2025-01-14 10:11:24.421222,laptop,Tablet,Category Page,True,"['Dell XPS 13', 'MacBook Air', 'HP Spectre x360']",1.53,True,MacBook Air,False
1942,7438,475975,2025-01-20 08:02:03.421222,water bottle,Tablet,Homepage,False,[],1.54,False,,False
1943,3606,81680,2025-02-03 22:05:21.421222,smartphone,Tablet,Homepage,True,"['iPhone 15', 'Samsung Galaxy S24', 'Google Pixel 8']",2.86,False,,False
1944,1856,180661,2025-01-31 00:36:29.421222,gaming chair,Mobile,Homepage,True,"['DXRacer', 'Secretlab Titan', 'Razer Iskur']",1.92,True,DXRacer,False
1945,2431,321679,2025-01-10 17:12:59.421222,coffee mug,Tablet,Product Page,True,"['Ceramic Mug', 'Travel Mug', 'Insulated Mug']",2.34,True,Travel Mug,False
1946,5143,210790,2025-01-31 14:59:36.421222,laptop,Mobile,Homepage,True,"['Dell XPS 13', 'MacBook Air', 'HP Spectre x360']",2.5,True,HP Spectre x360,False
1947,8385,703939,2025-01-13 13:03:52.421222,socks,Desktop,Category Page,False,[],3.34,False,,False
1948,7634,826816,2025-01-08 15:36:40.421222,socks,Tablet,Category Page,False,[],1.74,False,,False
1949,5795,299260,2025-01-17 20:51:37.421222,shoes,Desktop,Homepage,False,[],1.53,False,,False
1950,7357,504560,2025-01-30 05:47:32.421222,keyboard,Tablet,Product Page,True,"['Logitech MX Keys', 'Razer BlackWidow', 'Corsair K95']",0.65,False,,False
1951,7998,370313,2025-01-07 19:12:04.421222,shoes,Desktop,Category Page,False,[],3.31,False,,False
1952,8480,916409,2025-01-18 06:52:16.421222,mouse,Mobile,Product Page,True,"['Logitech MX Master 3', 'Razer DeathAdder', 'SteelSeries Rival 5']",2.66,True,Logitech MX Master 3,False
1953,7785,130242,2025-01-25 20:58:11.421222,dresses,Mobile,Homepage,False,[],1.01,False,,False
1954,1100,271205,2025-02-02 19:37:29.421222,shoes,Desktop,Product Page,False,[],2.68,False,,False
1955,9513,142830,2025-01-07 15:40:40.421222,external hard drive,Desktop,Category Page,True,"['Seagate 2TB', 'WD My Passport', 'Samsung T7']",2.24,False,,False
1956,8183,482741,2025-01-21 12:14:30.421222,headphones,Mobile,Category Page,True,"['Sony WH-1000XM5', 'Bose 700', 'Sennheiser Momentum 4']",3.03,False,,False
1957,8296,874905,2025-01-13 14:47:16.421222,external hard drive,Desktop,Product Page,True,"['Seagate 2TB', 'WD My Passport', 'Samsung T7']",3.31,True,Seagate 2TB,False
1958,8321,510807,2025-01-25 22:47:36.421222,wireless earbuds,Desktop,Product Page,True,"['AirPods Pro', 'Sony WF-1000XM4', 'Bose QuietComfort Earbuds']",2.32,False,,False
1959,4697,492898,2025-01-20 12:46:11.421222,keyboard,Mobile,Homepage,True,"['Logitech MX Keys', 'Razer BlackWidow', 'Corsair K95']",1.83,True,Logitech MX Keys,False
1960,7350,214203,2025-01-25 00:53:02.421222,gaming chair,Desktop,Category Page,True,"['DXRacer', 'Secretlab Titan', 'Razer Iskur']",1.7,True,DXRacer,False
1961,2350,179748,2025-01-06 21:18:30.421222,external hard drive,Tablet,Product Page,True,"['Seagate 2TB', 'WD My Passport', 'Samsung T7']",2.86,True,WD My Passport,False
1962,2864,660209,2025-01-25 17:20:05.421222,laptop,Desktop,Product Page,True,"['Dell XPS 13', 'MacBook Air', 'HP Spectre x360']",0.93,True,Dell XPS 13,False
1963,6123,854369,2025-01-12 22:41:33.421222,dresses,Desktop,Product Page,False,[],0.21,False,,False
1964,7572,850670,2025-01-25 00:30:39.421222,coffee mug,Mobile,Homepage,True,"['Ceramic Mug', 'Travel Mug', 'Insulated Mug']",2.53,True,Travel Mug,False
1965,2692,233364,2025-01-17 21:27:41.421222,shoes,Desktop,Homepage,False,[],0.46,False,,False
1966,1082,528710,2025-01-30 07:29:52.421222,keyboard,Desktop,Product Page,True,"['Logitech MX Keys', 'Razer BlackWidow', 'Corsair K95']",0.89,True,Razer BlackWidow,False
1967,8467,605388,2025-02-03 04:50:04.421222,water bottle,Tablet,Homepage,False,[],2.98,False,,False
1968,3406,339985,2025-01-31 18:31:57.421222,smartphone,Tablet,Category Page,True,"['iPhone 15', 'Samsung Galaxy S24', 'Google Pixel 8']",2.1,True,Google Pixel 8,False
1969,5370,379280,2025-01-11 06:10:58.421222,socks,Mobile,Product Page,False,[],3.19,False,,False
1970,8307,569968,2025-01-14 07:03:06.421222,socks,Mobile,Homepage,False,[],1.44,False,,False
1971,5660,827296,2025-01-11 20:49:49.421222,headphones,Tablet,Homepage,True,"['Sony WH-1000XM5', 'Bose 700', 'Sennheiser Momentum 4']",1.46,False,,False
1972,5153,835944,2025-01-28 17:38:15.421222,smartphone,Desktop,Category Page,True,"['iPhone 15', 'Samsung Galaxy S24', 'Google Pixel 8']",3.18,False,,False
1973,4924,81276,2025-01-06 02:02:36.421222,smartphone,Tablet,Homepage,True,"['iPhone 15', 'Samsung Galaxy S24', 'Google Pixel 8']",3.35,True,Samsung Galaxy S24,False
1974,2797,939826,2025-01-27 22:18:22.421222,external hard drive,Mobile,Homepage,True,"['Seagate 2TB', 'WD My Passport', 'Samsung T7']",2.6,False,,False
1975,8799,179396,2025-01-19 00:34:32.421222,mouse,Mobile,Category Page,True,"['Logitech MX Master 3', 'Razer DeathAdder', 'SteelSeries Rival 5']",3.02,False,,False
1976,6736,760935,2025-02-01 14:58:14.421222,external hard drive,Tablet,Product Page,True,"['Seagate 2TB', 'WD My Passport', 'Samsung T7']",1.51,False,,False
1977,1338,947112,2025-01-26 14:21:52.421222,smartphone,Tablet,Category Page,True,"['iPhone 15', 'Samsung Galaxy S24', 'Google Pixel 8']",2.83,False,,False
1978,3546,447606,2025-01-15 18:54:09.421222,external hard drive,Tablet,Homepage,True,"['Seagate 2TB', 'WD My Passport', 'Samsung T7']",3.41,False,,False
1979,1244,221722,2025-01-22 15:19:31.421222,coffee mug,Desktop,Product Page,True,"['Ceramic Mug', 'Travel Mug', 'Insulated Mug']",1.66,True,Insulated Mug,False
1980,6773,340259,2025-01-28 01:40:59.421222,socks,Mobile,Category Page,False,[],1.77,False,,False
1981,8587,898327,2025-01-25 19:08:24.421222,laptop,Mobile,Homepage,True,"['Dell XPS 13', 'MacBook Air', 'HP Spectre x360']",1.1,True,Dell XPS 13,False
1982,3470,650261,2025-01-07 13:11:37.421222,wireless earbuds,Tablet,Category Page,True,"['AirPods Pro', 'Sony WF-1000XM4', 'Bose QuietComfort Earbuds']",1.23,True,AirPods Pro,False
1983,5788,893741,2025-02-03 19:57:15.421222,mouse,Mobile,Product Page,True,"['Logitech MX Master 3', 'Razer DeathAdder', 'SteelSeries Rival 5']",2.43,True,Logitech MX Master 3,True
1984,6802,247208,2025-01-30 23:21:55.421222,socks,Tablet,Category Page,False,[],1.24,False,,False
1985,2299,131526,2025-01-19 12:47:59.421222,phone case,Tablet,Product Page,True,"['OtterBox Defender', 'Spigen Tough Armor', 'Apple Silicone Case']",3.48,True,Apple Silicone Case,True
1986,4546,198501,2025-01-12 06:46:27.421222,phone case,Tablet,Category Page,True,"['OtterBox Defender', 'Spigen Tough Armor', 'Apple Silicone Case']",2.36,False,,False
1987,2246,267699,2025-01-14 13:57:17.421222,shoes,Mobile,Homepage,False,[],0.51,False,,False
1988,4579,271423,2025-01-10 07:58:34.421222,socks,Mobile,Category Page,False,[],1.44,False,,False
1989,7638,216915,2025-01-10 12:01:31.421222,gaming chair,Mobile,Homepage,True,"['DXRacer', 'Secretlab Titan', 'Razer Iskur']",2.21,True,DXRacer,False
1990,6622,112000,2025-01-16 23:14:36.421222,gaming chair,Mobile,Homepage,True,"['DXRacer', 'Secretlab Titan', 'Razer Iskur']",1.06,True,DXRacer,False
1991,9978,531435,2025-01-29 06:32:11.421222,laptop,Desktop,Product Page,True,"['Dell XPS 13', 'MacBook Air', 'HP Spectre x360']",3.41,True,MacBook Air,False
1992,3776,627656,2025-02-03 13:56:45.421222,phone case,Tablet,Homepage,True,"['OtterBox Defender', 'Spigen Tough Armor', 'Apple Silicone Case']",2.05,False,,False
1993,8315,106052,2025-02-02 22:12:45.421222,socks,Desktop,Homepage,False,[],0.68,False,,False
1994,1884,592416,2025-01-28 13:43:25.421222,smartphone,Mobile,Homepage,True,"['iPhone 15', 'Samsung Galaxy S24', 'Google Pixel 8']",3.21,False,,False
1995,8777,229481,2025-01-09 19:05:45.421222,socks,Desktop,Category Page,False,[],2.1,False,,False
1996,4837,908292,2025-01-25 14:48:28.421222,smartphone,Tablet,Product Page,True,"['iPhone 15', 'Samsung Galaxy S24', 'Google Pixel 8']",3.16,False,,False
1997,7397,747774,2025-02-01 12:53:58.421222,coffee mug,Mobile,Product Page,True,"['Ceramic Mug', 'Travel Mug', 'Insulated Mug']",0.77,True,Ceramic Mug,False
1998,7507,101799,2025-01-19 00:27:12.421222,keyboard,Desktop,Product Page,True,"['Logitech MX Keys', 'Razer BlackWidow', 'Corsair K95']",2.82,True,Razer BlackWidow,True
1999,7836,537821,2025-01-08 04:53:33.421222,wireless earbuds,Desktop,Category Page,True,"['AirPods Pro', 'Sony WF-1000XM4', 'Bose QuietComfort Earbuds']",2.0,False,,False
2000,7954,555474,2025-01-21 12:44:39.421222,external hard drive,Tablet,Category Page,True,"['Seagate 2TB', 'WD My Passport', 'Samsung T7']",1.16,True,WD My Passport,True
2001,3280,842465,2025-01-26 03:43:56.421222,keyboard,Desktop,Homepage,True,"['Logitech MX Keys', 'Razer BlackWidow', 'Corsair K95']",0.89,False,,False
2002,6182,749091,2025-01-12 14:42:12.421222,mouse,Tablet,Category Page,True,"['Logitech MX Master 3', 'Razer DeathAdder', 'SteelSeries Rival 5']",1.79,True,SteelSeries Rival 5,False
2003,9980,777908,2025-01-14 11:15:51.421222,external hard drive,Mobile,Homepage,True,"['Seagate 2TB', 'WD My Passport', 'Samsung T7']",2.5,True,Seagate 2TB,True
2004,6070,274481,2025-01-06 14:25:30.421222,coffee mug,Tablet,Product Page,True,"['Ceramic Mug', 'Travel Mug', 'Insulated Mug']",1.95,False,,False
2005,8623,896353,2025-01-25 15:13:20.421222,socks,Mobile,Product Page,False,[],0.51,False,,False
2006,4848,422948,2025-01-31 19:47:14.421222,dresses,Tablet,Homepage,False,[],3.15,False,,False
2007,2246,536995,2025-01-15 17:19:45.421222,phone case,Mobile,Homepage,True,"['OtterBox Defender', 'Spigen Tough Armor', 'Apple Silicone Case']",0.72,True,Spigen Tough Armor,False
2008,4094,746140,2025-01-06 06:56:22.421222,external hard drive,Desktop,Product Page,True,"['Seagate 2TB', 'WD My Passport', 'Samsung T7']",3.4,True,Samsung T7,False
2009,3659,640590,2025-01-29 21:58:47.421222,water bottle,Mobile,Category Page,False,[],3.11,False,,False
2010,3625,208290,2025-01-14 17:43:17.421222,phone case,Mobile,Product Page,True,"['OtterBox Defender', 'Spigen Tough Armor', 'Apple Silicone Case']",3.2,True,Spigen Tough Armor,False
2011,3852,778780,2025-02-03 20:32:25.421222,socks,Desktop,Product Page,False,[],3.33,False,,False
2012,4507,310604,2025-01-15 18:00:55.421222,mouse,Tablet,Homepage,True,"['Logitech MX Master 3', 'Razer DeathAdder', 'SteelSeries Rival 5']",2.93,True,SteelSeries Rival 5,False
2013,3003,453010,2025-01-11 00:13:33.421222,wireless earbuds,Mobile,Category Page,True,"['AirPods Pro', 'Sony WF-1000XM4', 'Bose QuietComfort Earbuds']",2.69,True,AirPods Pro,False
2014,4984,186952,2025-01-14 20:54:57.421222,coffee mug,Desktop,Category Page,True,"['Ceramic Mug', 'Travel Mug', 'Insulated Mug']",1.37,True,Insulated Mug,False
2015,5323,372781,2025-01-21 05:39:54.421222,coffee mug,Desktop,Category Page,True,"['Ceramic Mug', 'Travel Mug', 'Insulated Mug']",0.99,True,Insulated Mug,False
2016,2864,249576,2025-01-11 13:29:59.421222,keyboard,Mobile,Product Page,True,"['Logitech MX Keys', 'Razer BlackWidow', 'Corsair K95']",1.95,False,,False
2017,5008,111527,2025-01-05 22:03:24.421222,headphones,Mobile,Product Page,True,"['Sony WH-1000XM5', 'Bose 700', 'Sennheiser Momentum 4']",2.84,True,Sony WH-1000XM5,False
2018,6176,803560,2025-01-08 19:46:00.421222,shoes,Tablet,Product Page,False,[],1.32,False,,False
2019,9853,467648,2025-01-22 06:43:01.421222,mouse,Tablet,Product Page,True,"['Logitech MX Master 3', 'Razer DeathAdder', 'SteelSeries Rival 5']",1.11,True,SteelSeries Rival 5,False
2020,3149,795254,2025-01-29 01:47:09.421222,water bottle,Desktop,Product Page,False,[],2.59,False,,False
2021,1713,920844,2025-01-23 23:16:34.421222,water bottle,Tablet,Category Page,False,[],3.18,False,,False
2022,2208,681222,2025-01-25 22:43:33.421222,headphones,Mobile,Homepage,True,"['Sony WH-1000XM5', 'Bose 700', 'Sennheiser Momentum 4']",0.32,True,Bose 700,False
2023,3245,777547,2025-01-16 23:39:25.421222,external hard drive,Desktop,Category Page,True,"['Seagate 2TB', 'WD My Passport', 'Samsung T7']",1.66,False,,False
2024,1054,455988,2025-01-12 17:42:02.421222,phone case,Tablet,Product Page,True,"['OtterBox Defender', 'Spigen Tough Armor', 'Apple Silicone Case']",1.95,False,,False
2025,6297,702182,2025-01-16 15:20:01.421222,coffee mug,Mobile,Product Page,True,"['Ceramic Mug', 'Travel Mug', 'Insulated Mug']",3.26,False,,False
2026,4244,221598,2025-01-13 18:13:07.421222,wireless earbuds,Tablet,Category Page,True,"['AirPods Pro', 'Sony WF-1000XM4', 'Bose QuietComfort Earbuds']",1.27,True,AirPods Pro,False
2027,4126,504521,2025-01-13 04:47:18.421222,shoes,Mobile,Category Page,False,[],3.42,False,,False
2028,3019,712576,2025-01-10 09:49:50.421222,dresses,Desktop,Homepage,False,[],0.66,False,,False
2029,5712,248530,2025-01-31 09:09:36.421222,smartphone,Tablet,Homepage,True,"['iPhone 15', 'Samsung Galaxy S24', 'Google Pixel 8']",3.4,True,Google Pixel 8,False
2030,7138,359843,2025-01-21 18:49:29.421222,water bottle,Mobile,Category Page,False,[],1.53,False,,False
2031,6354,528960,2025-01-23 18:06:10.421222,shoes,Mobile,Homepage,False,[],0.37,False,,False
2032,8178,988549,2025-01-12 14:22:18.421222,phone case,Desktop,Homepage,True,"['OtterBox Defender', 'Spigen Tough Armor', 'Apple Silicone Case']",1.05,False,,False
2033,5930,102610,2025-01-07 17:01:53.421222,keyboard,Tablet,Category Page,True,"['Logitech MX Keys', 'Razer BlackWidow', 'Corsair K95']",1.49,True,Razer BlackWidow,False
2034,1841,273949,2025-01-29 05:46:09.421222,laptop,Tablet,Product Page,True,"['Dell XPS 13', 'MacBook Air', 'HP Spectre x360']",1.54,True,HP Spectre x360,False
2035,7191,598736,2025-01-10 19:28:21.421222,wireless earbuds,Mobile,Homepage,True,"['AirPods Pro', 'Sony WF-1000XM4', 'Bose QuietComfort Earbuds']",3.42,True,Sony WF-1000XM4,False
2036,8540,597451,2025-01-27 13:49:07.421222,smartphone,Desktop,Category Page,True,"['iPhone 15', 'Samsung Galaxy S24', 'Google Pixel 8']",0.72,False,,False
2037,4123,208845,2025-02-04 03:30:14.421222,gaming chair,Tablet,Product Page,True,"['DXRacer', 'Secretlab Titan', 'Razer Iskur']",2.55,True,DXRacer,True
2038,6672,166375,2025-01-13 05:56:35.421222,external hard drive,Mobile,Category Page,True,"['Seagate 2TB', 'WD My Passport', 'Samsung T7']",0.82,True,Samsung T7,False
2039,7389,726756,2025-01-21 19:31:15.421222,headphones,Desktop,Product Page,True,"['Sony WH-1000XM5', 'Bose 700', 'Sennheiser Momentum 4']",2.96,False,,False
2040,7347,638373,2025-01-12 00:02:09.421222,phone case,Mobile,Category Page,True,"['OtterBox Defender', 'Spigen Tough Armor', 'Apple Silicone Case']",2.08,False,,False
2041,2374,686903,2025-01-17 11:24:00.421222,water bottle,Desktop,Product Page,False,[],2.2,False,,False
2042,7136,996969,2025-01-22 16:58:49.421222,water bottle,Mobile,Product Page,False,[],0.62,False,,False
2043,6103,520733,2025-02-01 08:30:02.421222,coffee mug,Mobile,Homepage,True,"['Ceramic Mug', 'Travel Mug', 'Insulated Mug']",1.53,False,,False
2044,1709,151222,2025-01-26 08:56:24.421222,mouse,Desktop,Homepage,True,"['Logitech MX Master 3', 'Razer DeathAdder', 'SteelSeries Rival 5']",1.89,False,,False
2045,8175,396493,2025-01-20 18:51:30.421222,coffee mug,Mobile,Product Page,True,"['Ceramic Mug', 'Travel Mug', 'Insulated Mug']",0.95,False,,False
2046,3443,225975,2025-01-08 03:21:11.421222,keyboard,Mobile,Category Page,True,"['Logitech MX Keys', 'Razer BlackWidow', 'Corsair K95']",2.38,True,Razer BlackWidow,False
2047,4740,235063,2025-01-11 08:13:36.421222,laptop,Desktop,Homepage,True,"['Dell XPS 13', 'MacBook Air', 'HP Spectre x360']",2.11,True,HP Spectre x360,False
2048,2684,642673,2025-01-14 22:39:06.421222,smartphone,Desktop,Category Page,True,"['iPhone 15', 'Samsung Galaxy S24', 'Google Pixel 8']",0.67,True,iPhone 15,False
2049,1855,728604,2025-01-15 08:59:37.421222,water bottle,Tablet,Category Page,False,[],2.44,False,,False
2050,2144,886237,2025-01-30 15:54:02.421222,coffee mug,Mobile,Category Page,True,"['Ceramic Mug', 'Travel Mug', 'Insulated Mug']",0.23,True,Travel Mug,False
2051,9678,168976,2025-01-21 17:34:20.421222,headphones,Desktop,Homepage,True,"['Sony WH-1000XM5', 'Bose 700', 'Sennheiser Momentum 4']",1.03,True,Bose 700,False
2052,1736,648194,2025-01-27 10:57:29.421222,external hard drive,Tablet,Category Page,True,"['Seagate 2TB', 'WD My Passport', 'Samsung T7']",0.58,True,WD My Passport,False
2053,3412,313036,2025-01-08 01:24:59.421222,smartphone,Mobile,Homepage,True,"['iPhone 15', 'Samsung Galaxy S24', 'Google Pixel 8']",1.75,False,,False
2054,5429,783815,2025-01-06 13:26:57.421222,laptop,Tablet,Category Page,True,"['Dell XPS 13', 'MacBook Air', 'HP Spectre x360']",1.86,True,Dell XPS 13,False
2055,5307,764778,2025-01-15 21:52:56.421222,gaming chair,Desktop,Product Page,True,"['DXRacer', 'Secretlab Titan', 'Razer Iskur']",1.68,True,DXRacer,False
2056,3458,850452,2025-01-07 05:06:22.421222,shoes,Desktop,Category Page,False,[],1.27,False,,False
2057,4395,200718,2025-01-31 15:28:54.421222,external hard drive,Tablet,Homepage,True,"['Seagate 2TB', 'WD My Passport', 'Samsung T7']",1.46,False,,False
2058,8900,628973,2025-01-25 08:11:51.421222,phone case,Desktop,Homepage,True,"['OtterBox Defender', 'Spigen Tough Armor', 'Apple Silicone Case']",1.85,True,OtterBox Defender,False
2059,3489,262521,2025-01-25 01:52:01.421222,keyboard,Desktop,Category Page,True,"['Logitech MX Keys', 'Razer BlackWidow', 'Corsair K95']",3.41,False,,False
2060,7857,201464,2025-02-04 03:47:57.421222,laptop,Mobile,Homepage,True,"['Dell XPS 13', 'MacBook Air', 'HP Spectre x360']",1.54,True,Dell XPS 13,True
2061,6252,162758,2025-01-05 23:22:07.421222,water bottle,Tablet,Product Page,False,[],2.11,False,,False
2062,8157,426155,2025-01-22 15:07:15.421222,dresses,Mobile,Product Page,False,[],1.64,False,,False
2063,1347,981862,2025-01-29 14:28:31.421222,gaming chair,Mobile,Product Page,True,"['DXRacer', 'Secretlab Titan', 'Razer Iskur']",0.57,True,Razer Iskur,False
2064,1674,204214,2025-01-17 10:52:26.421222,dresses,Mobile,Homepage,False,[],0.4,False,,False
2065,7441,203825,2025-01-16 15:09:05.421222,wireless earbuds,Desktop,Category Page,True,"['AirPods Pro', 'Sony WF-1000XM4', 'Bose QuietComfort Earbuds']",0.63,True,Bose QuietComfort Earbuds,False
2066,1252,710293,2025-01-26 00:56:34.421222,socks,Desktop,Category Page,False,[],3.2,False,,False
2067,9153,793829,2025-01-23 18:22:00.421222,keyboard,Tablet,Category Page,True,"['Logitech MX Keys', 'Razer BlackWidow', 'Corsair K95']",1.14,True,Corsair K95,False
2068,5739,747890,2025-01-17 02:02:12.421222,gaming chair,Tablet,Homepage,True,"['DXRacer', 'Secretlab Titan', 'Razer Iskur']",3.27,True,Secretlab Titan,False
2069,8927,927291,2025-02-03 13:57:16.421222,water bottle,Tablet,Homepage,False,[],0.84,False,,False
2070,6386,592008,2025-01-18 09:57:20.421222,wireless earbuds,Tablet,Category Page,True,"['AirPods Pro', 'Sony WF-1000XM4', 'Bose QuietComfort Earbuds']",1.38,True,Bose QuietComfort Earbuds,False
2071,6112,644255,2025-01-19 08:06:13.421222,dresses,Mobile,Product Page,False,[],2.43,False,,False
2072,9234,498467,2025-01-12 04:32:24.421222,external hard drive,Mobile,Homepage,True,"['Seagate 2TB', 'WD My Passport', 'Samsung T7']",0.96,True,WD My Passport,True
2073,9640,374644,2025-01-12 09:39:35.421222,keyboard,Tablet,Homepage,True,"['Logitech MX Keys', 'Razer BlackWidow', 'Corsair K95']",1.37,False,,False
2074,9940,328215,2025-01-17 19:56:06.421222,dresses,Desktop,Homepage,False,[],2.35,False,,False
2075,5081,353118,2025-02-03 14:26:13.421222,coffee mug,Desktop,Category Page,True,"['Ceramic Mug', 'Travel Mug', 'Insulated Mug']",0.61,True,Ceramic Mug,False
2076,9991,90239,2025-01-12 10:54:16.421222,phone case,Mobile,Homepage,True,"['OtterBox Defender', 'Spigen Tough Armor', 'Apple Silicone Case']",2.45,True,OtterBox Defender,False
2077,4775,437139,2025-01-20 19:31:21.421222,phone case,Desktop,Product Page,True,"['OtterBox Defender', 'Spigen Tough Armor', 'Apple Silicone Case']",1.69,True,OtterBox Defender,False
2078,1749,995778,2025-01-30 12:35:38.421222,keyboard,Tablet,Category Page,True,"['Logitech MX Keys', 'Razer BlackWidow', 'Corsair K95']",1.84,True,Logitech MX Keys,False
2079,7226,954333,2025-01-15 18:07:00.421222,keyboard,Tablet,Category Page,True,"['Logitech MX Keys', 'Razer BlackWidow', 'Corsair K95']",1.41,False,,False
2080,7101,953178,2025-01-26 19:32:15.421222,wireless earbuds,Mobile,Product Page,True,"['AirPods Pro', 'Sony WF-1000XM4', 'Bose QuietComfort Earbuds']",1.46,False,,False
2081,1343,333523,2025-02-02 20:24:09.421222,external hard drive,Tablet,Homepage,True,"['Seagate 2TB', 'WD My Passport', 'Samsung T7']",2.91,True,Samsung T7,False
2082,1554,999101,2025-01-25 20:33:31.421222,keyboard,Tablet,Product Page,True,"['Logitech MX Keys', 'Razer BlackWidow', 'Corsair K95']",2.11,True,Corsair K95,False
2083,7510,836483,2025-01-26 06:25:45.421222,laptop,Mobile,Homepage,True,"['Dell XPS 13', 'MacBook Air', 'HP Spectre x360']",3.42,False,,False
2084,8612,224678,2025-01-16 01:59:13.421222,smartphone,Mobile,Homepage,True,"['iPhone 15', 'Samsung Galaxy S24', 'Google Pixel 8']",0.56,False,,False
2085,7718,111831,2025-01-30 07:38:47.421222,shoes,Desktop,Product Page,False,[],1.39,False,,False
2086,9078,999326,2025-01-18 12:36:13.421222,external hard drive,Desktop,Homepage,True,"['Seagate 2TB', 'WD My Passport', 'Samsung T7']",1.67,True,Seagate 2TB,False
2087,5058,327851,2025-01-24 16:26:54.421222,gaming chair,Tablet,Category Page,True,"['DXRacer', 'Secretlab Titan', 'Razer Iskur']",1.61,False,,False
2088,1575,934928,2025-01-21 07:31:28.421222,shoes,Mobile,Category Page,False,[],1.49,False,,False
2089,7488,853652,2025-01-09 05:24:55.421222,coffee mug,Mobile,Category Page,True,"['Ceramic Mug', 'Travel Mug', 'Insulated Mug']",2.72,True,Ceramic Mug,False
2090,4569,443803,2025-01-24 15:53:02.421222,socks,Desktop,Category Page,False,[],2.37,False,,False
2091,3646,413503,2025-01-09 17:37:55.421222,socks,Tablet,Category Page,False,[],2.67,False,,False
2092,3953,867911,2025-01-26 19:06:52.421222,dresses,Mobile,Homepage,False,[],2.28,False,,False
2093,5165,348886,2025-01-11 02:57:19.421222,socks,Desktop,Product Page,False,[],3.19,False,,False
2094,9437,294512,2025-01-15 09:53:54.421222,laptop,Tablet,Category Page,True,"['Dell XPS 13', 'MacBook Air', 'HP Spectre x360']",1.71,True,MacBook Air,False
2095,2181,76518,2025-01-25 01:41:30.421222,smartphone,Tablet,Category Page,True,"['iPhone 15', 'Samsung Galaxy S24', 'Google Pixel 8']",1.84,False,,False
2096,1729,215383,2025-01-25 01:15:06.421222,shoes,Desktop,Category Page,False,[],1.29,False,,False
2097,1772,645561,2025-01-27 11:14:30.421222,shoes,Desktop,Homepage,False,[],1.38,False,,False
2098,6657,982696,2025-01-08 05:33:29.421222,laptop,Desktop,Homepage,True,"['Dell XPS 13', 'MacBook Air', 'HP Spectre x360']",0.62,True,HP Spectre x360,True
2099,7602,844834,2025-01-30 08:51:41.421222,smartphone,Tablet,Product Page,True,"['iPhone 15', 'Samsung Galaxy S24', 'Google Pixel 8']",2.03,True,iPhone 15,False
2100,3467,590006,2025-01-12 11:21:54.421222,phone case,Mobile,Homepage,True,"['OtterBox Defender', 'Spigen Tough Armor', 'Apple Silicone Case']",2.61,True,Apple Silicone Case,True
2101,4321,385308,2025-01-17 09:05:12.421222,mouse,Desktop,Category Page,True,"['Logitech MX Master 3', 'Razer DeathAdder', 'SteelSeries Rival 5']",3.09,True,Logitech MX Master 3,False
2102,8387,824706,2025-01-19 01:38:14.421222,mouse,Mobile,Product Page,True,"['Logitech MX Master 3', 'Razer DeathAdder', 'SteelSeries Rival 5']",2.44,True,Logitech MX Master 3,False
2103,9075,274537,2025-01-16 17:01:18.421222,dresses,Desktop,Product Page,False,[],0.34,False,,False
2104,6691,134739,2025-02-04 03:52:18.421222,mouse,Desktop,Homepage,True,"['Logitech MX Master 3', 'Razer DeathAdder', 'SteelSeries Rival 5']",2.81,False,,False
2105,2205,395344,2025-01-23 21:25:58.421222,smartphone,Desktop,Homepage,True,"['iPhone 15', 'Samsung Galaxy S24', 'Google Pixel 8']",2.41,True,Google Pixel 8,True
2106,1077,68424,2025-01-16 03:04:38.421222,external hard drive,Mobile,Product Page,True,"['Seagate 2TB', 'WD My Passport', 'Samsung T7']",1.9,True,WD My Passport,False
2107,1823,103154,2025-01-26 22:55:09.421222,gaming chair,Mobile,Product Page,True,"['DXRacer', 'Secretlab Titan', 'Razer Iskur']",2.11,True,Secretlab Titan,True
2108,7951,773378,2025-01-26 10:35:53.421222,headphones,Mobile,Category Page,True,"['Sony WH-1000XM5', 'Bose 700', 'Sennheiser Momentum 4']",1.97,True,Bose 700,True
2109,5758,334318,2025-01-08 12:58:12.421222,keyboard,Desktop,Product Page,True,"['Logitech MX Keys', 'Razer BlackWidow', 'Corsair K95']",1.46,True,Razer BlackWidow,False
2110,1979,445529,2025-01-08 07:16:03.421222,mouse,Tablet,Category Page,True,"['Logitech MX Master 3', 'Razer DeathAdder', 'SteelSeries Rival 5']",3.08,True,Razer DeathAdder,False
2111,9032,556501,2025-01-27 14:22:53.421222,coffee mug,Mobile,Product Page,True,"['Ceramic Mug', 'Travel Mug', 'Insulated Mug']",0.45,False,,False
2112,8588,444316,2025-01-16 09:22:52.421222,keyboard,Mobile,Product Page,True,"['Logitech MX Keys', 'Razer BlackWidow', 'Corsair K95']",2.2,True,Razer BlackWidow,False
2113,2730,708396,2025-01-29 16:39:12.421222,keyboard,Desktop,Homepage,True,"['Logitech MX Keys', 'Razer BlackWidow', 'Corsair K95']",1.88,True,Logitech MX Keys,False
2114,4088,944537,2025-01-21 12:18:11.421222,coffee mug,Desktop,Homepage,True,"['Ceramic Mug', 'Travel Mug', 'Insulated Mug']",1.17,False,,False
2115,5710,659255,2025-01-25 06:27:22.421222,gaming chair,Tablet,Homepage,True,"['DXRacer', 'Secretlab Titan', 'Razer Iskur']",0.61,False,,False
2116,4280,752824,2025-01-10 05:10:52.421222,headphones,Mobile,Product Page,True,"['Sony WH-1000XM5', 'Bose 700', 'Sennheiser Momentum 4']",2.61,False,,False
2117,4003,621649,2025-01-23 07:31:04.421222,laptop,Tablet,Category Page,True,"['Dell XPS 13', 'MacBook Air', 'HP Spectre x360']",1.42,True,MacBook Air,False
2118,7770,378487,2025-01-27 19:04:37.421222,smartphone,Mobile,Homepage,True,"['iPhone 15', 'Samsung Galaxy S24', 'Google Pixel 8']",1.17,True,Google Pixel 8,False
2119,3209,736082,2025-01-20 12:33:59.421222,gaming chair,Mobile,Product Page,True,"['DXRacer', 'Secretlab Titan', 'Razer Iskur']",2.28,True,DXRacer,False
2120,5093,130127,2025-01-18 16:25:37.421222,gaming chair,Mobile,Category Page,True,"['DXRacer', 'Secretlab Titan', 'Razer Iskur']",1.02,False,,False
2121,2658,785571,2025-01-20 02:05:16.421222,mouse,Mobile,Homepage,True,"['Logitech MX Master 3', 'Razer DeathAdder', 'SteelSeries Rival 5']",2.28,True,Logitech MX Master 3,False
2122,4237,198016,2025-01-27 06:59:49.421222,coffee mug,Tablet,Homepage,True,"['Ceramic Mug', 'Travel Mug', 'Insulated Mug']",2.89,False,,False
2123,1751,363882,2025-01-17 11:22:48.421222,shoes,Desktop,Product Page,False,[],2.52,False,,False
2124,7996,575913,2025-02-02 07:07:59.421222,external hard drive,Mobile,Homepage,True,"['Seagate 2TB', 'WD My Passport', 'Samsung T7']",2.81,True,WD My Passport,False
2125,4084,876741,2025-01-21 11:46:34.421222,phone case,Desktop,Homepage,True,"['OtterBox Defender', 'Spigen Tough Armor', 'Apple Silicone Case']",1.95,False,,False
2126,3180,386713,2025-01-18 21:44:42.421222,socks,Mobile,Product Page,False,[],1.21,False,,False
2127,3793,929538,2025-01-17 20:40:18.421222,water bottle,Desktop,Product Page,False,[],3.03,False,,False
2128,7960,911581,2025-01-07 16:26:40.421222,headphones,Mobile,Category Page,True,"['Sony WH-1000XM5', 'Bose 700', 'Sennheiser Momentum 4']",0.46,True,Bose 700,False
2129,7276,279413,2025-01-06 03:30:48.421222,wireless earbuds,Tablet,Category Page,True,"['AirPods Pro', 'Sony WF-1000XM4', 'Bose QuietComfort Earbuds']",1.83,True,Sony WF-1000XM4,False
2130,7173,516808,2025-01-13 20:55:15.421222,coffee mug,Mobile,Homepage,True,"['Ceramic Mug', 'Travel Mug', 'Insulated Mug']",2.24,True,Insulated Mug,False
2131,1610,54854,2025-01-22 04:11:53.421222,water bottle,Tablet,Product Page,False,[],1.86,False,,False
2132,8867,872130,2025-01-28 01:15:44.421222,phone case,Mobile,Category Page,True,"['OtterBox Defender', 'Spigen Tough Armor', 'Apple Silicone Case']",3.42,True,Spigen Tough Armor,False
2133,3319,997756,2025-01-21 21:33:07.421222,dresses,Desktop,Product Page,False,[],1.31,False,,False
2134,4373,569953,2025-01-13 00:52:23.421222,smartphone,Desktop,Homepage,True,"['iPhone 15', 'Samsung Galaxy S24', 'Google Pixel 8']",0.25,True,Samsung Galaxy S24,True
2135,7556,958367,2025-01-05 19:11:15.421222,coffee mug,Desktop,Category Page,True,"['Ceramic Mug', 'Travel Mug', 'Insulated Mug']",2.58,True,Ceramic Mug,False
2136,7443,661569,2025-01-19 12:57:32.421222,wireless earbuds,Mobile,Homepage,True,"['AirPods Pro', 'Sony WF-1000XM4', 'Bose QuietComfort Earbuds']",2.35,True,Bose QuietComfort Earbuds,False
2137,9312,590266,2025-01-07 16:52:28.421222,water bottle,Desktop,Homepage,False,[],1.46,False,,False
2138,1456,516786,2025-02-01 07:11:44.421222,socks,Desktop,Homepage,False,[],2.62,False,,False
2139,1535,243339,2025-01-07 06:31:47.421222,shoes,Tablet,Homepage,False,[],2.89,False,,False
2140,3349,96172,2025-02-01 19:17:40.421222,mouse,Tablet,Category Page,True,"['Logitech MX Master 3', 'Razer DeathAdder', 'SteelSeries Rival 5']",3.28,True,SteelSeries Rival 5,False
2141,1860,536799,2025-02-01 15:23:22.421222,wireless earbuds,Mobile,Homepage,True,"['AirPods Pro', 'Sony WF-1000XM4', 'Bose QuietComfort Earbuds']",0.62,True,AirPods Pro,False
2142,4196,818517,2025-01-19 11:57:37.421222,dresses,Mobile,Product Page,False,[],0.88,False,,False
2143,5665,775052,2025-01-12 16:46:56.421222,mouse,Desktop,Product Page,True,"['Logitech MX Master 3', 'Razer DeathAdder', 'SteelSeries Rival 5']",0.52,False,,False
2144,5719,603306,2025-01-16 20:35:06.421222,coffee mug,Mobile,Product Page,True,"['Ceramic Mug', 'Travel Mug', 'Insulated Mug']",2.47,True,Travel Mug,False
2145,6164,124711,2025-01-19 02:39:15.421222,external hard drive,Mobile,Category Page,True,"['Seagate 2TB', 'WD My Passport', 'Samsung T7']",0.29,True,Seagate 2TB,False
2146,3218,932803,2025-01-14 12:05:53.421222,shoes,Tablet,Homepage,False,[],2.43,False,,False
2147,7022,452188,2025-01-15 17:34:52.421222,water bottle,Mobile,Category Page,False,[],1.03,False,,False
2148,2157,967532,2025-01-06 10:29:03.421222,water bottle,Tablet,Homepage,False,[],1.59,False,,False
2149,1370,801650,2025-01-21 01:43:22.421222,laptop,Mobile,Category Page,True,"['Dell XPS 13', 'MacBook Air', 'HP Spectre x360']",0.64,True,Dell XPS 13,False
2150,6307,334308,2025-01-25 13:28:52.421222,water bottle,Tablet,Homepage,False,[],2.65,False,,False
2151,8740,219423,2025-01-30 01:36:46.421222,headphones,Tablet,Homepage,True,"['Sony WH-1000XM5', 'Bose 700', 'Sennheiser Momentum 4']",1.49,True,Sennheiser Momentum 4,False
2152,2155,588178,2025-01-10 11:37:43.421222,wireless earbuds,Mobile,Product Page,True,"['AirPods Pro', 'Sony WF-1000XM4', 'Bose QuietComfort Earbuds']",1.58,True,Bose QuietComfort Earbuds,False
2153,9000,737234,2025-02-01 12:07:32.421222,dresses,Desktop,Homepage,False,[],1.37,False,,False
2154,7850,421187,2025-01-29 16:48:40.421222,mouse,Mobile,Homepage,True,"['Logitech MX Master 3', 'Razer DeathAdder', 'SteelSeries Rival 5']",3.22,True,Razer DeathAdder,True
2155,9813,192566,2025-01-25 00:21:51.421222,coffee mug,Mobile,Category Page,True,"['Ceramic Mug', 'Travel Mug', 'Insulated Mug']",1.27,True,Ceramic Mug,False
2156,8980,189631,2025-01-23 16:07:30.421222,external hard drive,Desktop,Product Page,True,"['Seagate 2TB', 'WD My Passport', 'Samsung T7']",2.69,False,,False
2157,9780,360517,2025-01-24 14:27:35.421222,laptop,Desktop,Product Page,True,"['Dell XPS 13', 'MacBook Air', 'HP Spectre x360']",2.37,False,,False
2158,4885,647100,2025-02-02 15:15:53.421222,phone case,Mobile,Category Page,True,"['OtterBox Defender', 'Spigen Tough Armor', 'Apple Silicone Case']",2.46,True,Spigen Tough Armor,False
2159,9326,571427,2025-01-19 12:14:52.421222,coffee mug,Desktop,Category Page,True,"['Ceramic Mug', 'Travel Mug', 'Insulated Mug']",0.28,False,,False
2160,3987,191106,2025-02-04 05:20:18.421222,wireless earbuds,Mobile,Category Page,True,"['AirPods Pro', 'Sony WF-1000XM4', 'Bose QuietComfort Earbuds']",2.63,False,,False
2161,6225,577609,2025-01-11 03:06:55.421222,socks,Desktop,Homepage,False,[],1.6,False,,False
2162,8517,949146,2025-01-18 18:55:51.421222,water bottle,Mobile,Homepage,False,[],1.42,False,,False
2163,4247,867768,2025-01-31 02:59:28.421222,external hard drive,Mobile,Homepage,True,"['Seagate 2TB', 'WD My Passport', 'Samsung T7']",2.39,True,Samsung T7,False
2164,3283,816283,2025-01-30 05:30:14.421222,keyboard,Desktop,Homepage,True,"['Logitech MX Keys', 'Razer BlackWidow', 'Corsair K95']",1.95,True,Logitech MX Keys,False
2165,2402,124456,2025-01-06 01:35:58.421222,socks,Mobile,Product Page,False,[],0.22,False,,False
2166,8365,854080,2025-01-23 02:39:59.421222,headphones,Mobile,Category Page,True,"['Sony WH-1000XM5', 'Bose 700', 'Sennheiser Momentum 4']",2.28,True,Bose 700,True
2167,5005,67464,2025-01-17 07:54:28.421222,mouse,Tablet,Homepage,True,"['Logitech MX Master 3', 'Razer DeathAdder', 'SteelSeries Rival 5']",3.47,True,SteelSeries Rival 5,False
2168,1580,232027,2025-01-18 02:46:16.421222,dresses,Mobile,Homepage,False,[],0.25,False,,False
2169,1124,315045,2025-01-09 19:46:50.421222,keyboard,Desktop,Category Page,True,"['Logitech MX Keys', 'Razer BlackWidow', 'Corsair K95']",1.8,True,Razer BlackWidow,False
2170,2662,663221,2025-01-20 13:43:32.421222,coffee mug,Tablet,Product Page,True,"['Ceramic Mug', 'Travel Mug', 'Insulated Mug']",2.06,True,Ceramic Mug,False
2171,7713,743119,2025-01-17 11:45:49.421222,phone case,Desktop,Homepage,True,"['OtterBox Defender', 'Spigen Tough Armor', 'Apple Silicone Case']",1.41,True,Spigen Tough Armor,True
2172,2147,918456,2025-01-19 21:55:04.421222,shoes,Desktop,Product Page,False,[],2.79,False,,False
2173,7063,842780,2025-01-29 23:25:25.421222,water bottle,Desktop,Homepage,False,[],1.42,False,,False
2174,5604,101657,2025-01-25 01:38:05.421222,wireless earbuds,Tablet,Homepage,True,"['AirPods Pro', 'Sony WF-1000XM4', 'Bose QuietComfort Earbuds']",2.59,True,Sony WF-1000XM4,False
2175,6437,722443,2025-01-05 12:17:29.421222,headphones,Tablet,Category Page,True,"['Sony WH-1000XM5', 'Bose 700', 'Sennheiser Momentum 4']",0.49,False,,False
2176,5556,794408,2025-01-21 01:51:13.421222,coffee mug,Mobile,Category Page,True,"['Ceramic Mug', 'Travel Mug', 'Insulated Mug']",0.86,False,,False
2177,6763,555811,2025-01-10 03:55:00.421222,phone case,Mobile,Category Page,True,"['OtterBox Defender', 'Spigen Tough Armor', 'Apple Silicone Case']",2.81,True,OtterBox Defender,False
2178,3965,220614,2025-01-24 17:26:59.421222,shoes,Desktop,Homepage,False,[],3.38,False,,False
2179,8840,344534,2025-02-03 09:46:31.421222,coffee mug,Desktop,Product Page,True,"['Ceramic Mug', 'Travel Mug', 'Insulated Mug']",2.48,False,,False
2180,6749,341761,2025-01-22 14:59:26.421222,phone case,Desktop,Homepage,True,"['OtterBox Defender', 'Spigen Tough Armor', 'Apple Silicone Case']",1.01,True,OtterBox Defender,False
2181,8375,109692,2025-01-13 07:06:56.421222,mouse,Mobile,Homepage,True,"['Logitech MX Master 3', 'Razer DeathAdder', 'SteelSeries Rival 5']",3.04,False,,False
2182,5282,851263,2025-01-14 18:41:44.421222,coffee mug,Mobile,Category Page,True,"['Ceramic Mug', 'Travel Mug', 'Insulated Mug']",2.23,True,Insulated Mug,False
2183,3270,907406,2025-02-02 23:55:16.421222,gaming chair,Mobile,Category Page,True,"['DXRacer', 'Secretlab Titan', 'Razer Iskur']",2.48,True,DXRacer,False
2184,5793,599477,2025-01-08 02:07:16.421222,external hard drive,Desktop,Category Page,True,"['Seagate 2TB', 'WD My Passport', 'Samsung T7']",1.44,False,,False
2185,6931,941802,2025-01-30 09:28:49.421222,wireless earbuds,Tablet,Homepage,True,"['AirPods Pro', 'Sony WF-1000XM4', 'Bose QuietComfort Earbuds']",2.34,True,Sony WF-1000XM4,True
2186,9951,273150,2025-01-30 14:39:24.421222,water bottle,Mobile,Homepage,False,[],3.42,False,,False
2187,3268,189885,2025-01-31 02:00:33.421222,keyboard,Mobile,Category Page,True,"['Logitech MX Keys', 'Razer BlackWidow', 'Corsair K95']",0.75,True,Logitech MX Keys,True
2188,8717,465979,2025-01-19 08:06:55.421222,coffee mug,Mobile,Product Page,True,"['Ceramic Mug', 'Travel Mug', 'Insulated Mug']",2.49,True,Insulated Mug,False
2189,5436,157660,2025-01-26 11:13:37.421222,socks,Tablet,Category Page,False,[],1.91,False,,False
2190,3725,411026,2025-01-23 06:08:33.421222,gaming chair,Desktop,Category Page,True,"['DXRacer', 'Secretlab Titan', 'Razer Iskur']",1.44,True,Secretlab Titan,False
2191,7367,135943,2025-01-24 21:23:04.421222,keyboard,Desktop,Homepage,True,"['Logitech MX Keys', 'Razer BlackWidow', 'Corsair K95']",0.75,True,Logitech MX Keys,False
2192,2605,91212,2025-01-18 07:10:46.421222,water bottle,Desktop,Product Page,False,[],2.51,False,,False
2193,6053,969651,2025-01-14 18:07:13.421222,water bottle,Mobile,Category Page,False,[],2.03,False,,False
2194,9095,749592,2025-01-23 17:49:58.421222,coffee mug,Desktop,Homepage,True,"['Ceramic Mug', 'Travel Mug', 'Insulated Mug']",0.37,False,,False
2195,1922,465852,2025-01-28 09:49:50.421222,keyboard,Tablet,Category Page,True,"['Logitech MX Keys', 'Razer BlackWidow', 'Corsair K95']",2.48,True,Razer BlackWidow,True
2196,3761,729443,2025-01-30 06:36:25.421222,external hard drive,Tablet,Homepage,True,"['Seagate 2TB', 'WD My Passport', 'Samsung T7']",0.5,False,,False
2197,8493,532175,2025-01-24 08:13:01.421222,mouse,Tablet,Homepage,True,"['Logitech MX Master 3', 'Razer DeathAdder', 'SteelSeries Rival 5']",2.91,True,Logitech MX Master 3,False
2198,1213,889184,2025-01-13 04:05:47.421222,phone case,Tablet,Homepage,True,"['OtterBox Defender', 'Spigen Tough Armor', 'Apple Silicone Case']",3.2,True,OtterBox Defender,True
2199,6961,496192,2025-01-20 10:02:41.421222,laptop,Desktop,Product Page,True,"['Dell XPS 13', 'MacBook Air', 'HP Spectre x360']",3.41,True,MacBook Air,False
2200,1976,841552,2025-01-24 00:31:50.421222,wireless earbuds,Mobile,Homepage,True,"['AirPods Pro', 'Sony WF-1000XM4', 'Bose QuietComfort Earbuds']",1.3,True,Bose QuietComfort Earbuds,False
2201,4881,463719,2025-01-15 13:20:03.421222,headphones,Tablet,Product Page,True,"['Sony WH-1000XM5', 'Bose 700', 'Sennheiser Momentum 4']",1.17,True,Bose 700,False
2202,4744,469090,2025-01-24 06:51:35.421222,socks,Desktop,Product Page,False,[],2.08,False,,False
2203,7835,181832,2025-01-28 22:48:52.421222,water bottle,Mobile,Homepage,False,[],1.69,False,,False
2204,3174,382890,2025-01-31 03:15:45.421222,external hard drive,Mobile,Product Page,True,"['Seagate 2TB', 'WD My Passport', 'Samsung T7']",0.66,False,,False
2205,6179,111427,2025-02-04 08:15:40.421222,headphones,Mobile,Category Page,True,"['Sony WH-1000XM5', 'Bose 700', 'Sennheiser Momentum 4']",3.32,True,Sennheiser Momentum 4,False
2206,7426,748351,2025-01-12 04:27:42.421222,coffee mug,Mobile,Category Page,True,"['Ceramic Mug', 'Travel Mug', 'Insulated Mug']",3.1,True,Travel Mug,False
2207,4749,270831,2025-01-23 11:36:52.421222,shoes,Desktop,Homepage,False,[],1.06,False,,False
2208,4053,53723,2025-01-22 04:52:27.421222,shoes,Desktop,Category Page,False,[],2.26,False,,False
2209,8582,841519,2025-01-06 15:21:08.421222,gaming chair,Tablet,Product Page,True,"['DXRacer', 'Secretlab Titan', 'Razer Iskur']",0.23,False,,False
2210,3918,849857,2025-01-22 02:44:49.421222,dresses,Mobile,Category Page,False,[],2.44,False,,False
2211,7794,701021,2025-01-27 10:59:42.421222,laptop,Tablet,Homepage,True,"['Dell XPS 13', 'MacBook Air', 'HP Spectre x360']",3.34,True,MacBook Air,False
2212,6646,396150,2025-01-18 20:32:15.421222,gaming chair,Mobile,Category Page,True,"['DXRacer', 'Secretlab Titan', 'Razer Iskur']",3.13,True,Razer Iskur,True
2213,6536,699437,2025-01-09 02:32:23.421222,socks,Tablet,Homepage,False,[],1.13,False,,False
2214,9361,615239,2025-01-23 06:39:48.421222,water bottle,Tablet,Product Page,False,[],0.47,False,,False
2215,9191,415890,2025-01-24 09:28:48.421222,phone case,Tablet,Homepage,True,"['OtterBox Defender', 'Spigen Tough Armor', 'Apple Silicone Case']",3.16,True,Apple Silicone Case,True
2216,8837,538825,2025-01-25 14:08:47.421222,external hard drive,Mobile,Homepage,True,"['Seagate 2TB', 'WD My Passport', 'Samsung T7']",3.19,True,WD My Passport,False
2217,4201,143248,2025-01-28 13:29:55.421222,socks,Mobile,Homepage,False,[],2.27,False,,False
2218,5898,814638,2025-01-13 01:38:23.421222,mouse,Tablet,Product Page,True,"['Logitech MX Master 3', 'Razer DeathAdder', 'SteelSeries Rival 5']",0.44,False,,False
2219,5697,109428,2025-01-24 09:09:46.421222,keyboard,Desktop,Product Page,True,"['Logitech MX Keys', 'Razer BlackWidow', 'Corsair K95']",2.89,True,Razer BlackWidow,False
2220,8191,155891,2025-01-23 22:59:26.421222,dresses,Tablet,Product Page,False,[],3.3,False,,False
2221,6641,903268,2025-01-16 14:41:30.421222,wireless earbuds,Tablet,Category Page,True,"['AirPods Pro', 'Sony WF-1000XM4', 'Bose QuietComfort Earbuds']",3.41,True,AirPods Pro,False
2222,8934,58200,2025-01-26 08:36:42.421222,mouse,Tablet,Category Page,True,"['Logitech MX Master 3', 'Razer DeathAdder', 'SteelSeries Rival 5']",1.96,True,Logitech MX Master 3,False
2223,1508,417533,2025-02-03 05:57:26.421222,phone case,Mobile,Category Page,True,"['OtterBox Defender', 'Spigen Tough Armor', 'Apple Silicone Case']",0.41,True,Spigen Tough Armor,False
2224,2305,352201,2025-01-10 19:39:42.421222,keyboard,Desktop,Product Page,True,"['Logitech MX Keys', 'Razer BlackWidow', 'Corsair K95']",3.11,True,Corsair K95,False
2225,2761,70949,2025-01-06 10:35:01.421222,phone case,Tablet,Homepage,True,"['OtterBox Defender', 'Spigen Tough Armor', 'Apple Silicone Case']",1.06,True,Apple Silicone Case,True
2226,8324,96552,2025-01-15 05:29:23.421222,shoes,Desktop,Homepage,False,[],0.63,False,,False
2227,2026,845463,2025-01-11 06:30:02.421222,laptop,Mobile,Homepage,True,"['Dell XPS 13', 'MacBook Air', 'HP Spectre x360']",2.86,True,HP Spectre x360,False
2228,9640,941968,2025-01-21 07:54:53.421222,dresses,Mobile,Category Page,False,[],1.72,False,,False
2229,1463,234622,2025-01-12 17:26:34.421222,water bottle,Mobile,Homepage,False,[],0.25,False,,False
2230,2325,606238,2025-01-26 11:27:49.421222,keyboard,Tablet,Category Page,True,"['Logitech MX Keys', 'Razer BlackWidow', 'Corsair K95']",0.39,True,Razer BlackWidow,True
2231,7364,879477,2025-01-31 03:23:30.421222,socks,Tablet,Homepage,False,[],0.31,False,,False
2232,1006,387588,2025-01-10 22:57:07.421222,shoes,Tablet,Category Page,False,[],2.9,False,,False
2233,7133,620653,2025-01-26 00:47:50.421222,socks,Desktop,Product Page,False,[],2.38,False,,False
2234,4713,794506,2025-01-06 19:28:24.421222,mouse,Desktop,Category Page,True,"['Logitech MX Master 3', 'Razer DeathAdder', 'SteelSeries Rival 5']",0.48,True,Razer DeathAdder,False
2235,4261,304127,2025-01-27 23:23:40.421222,smartphone,Desktop,Category Page,True,"['iPhone 15', 'Samsung Galaxy S24', 'Google Pixel 8']",0.66,False,,False
2236,5072,679358,2025-01-12 07:16:58.421222,headphones,Mobile,Product Page,True,"['Sony WH-1000XM5', 'Bose 700', 'Sennheiser Momentum 4']",2.63,False,,False
2237,3004,572088,2025-01-15 07:44:14.421222,water bottle,Mobile,Category Page,False,[],0.26,False,,False
2238,8995,628333,2025-01-30 00:17:45.421222,external hard drive,Tablet,Product Page,True,"['Seagate 2TB', 'WD My Passport', 'Samsung T7']",2.58,False,,False
2239,8383,852105,2025-01-13 13:26:02.421222,socks,Mobile,Homepage,False,[],0.31,False,,False
2240,8676,287055,2025-01-26 01:16:58.421222,smartphone,Desktop,Homepage,True,"['iPhone 15', 'Samsung Galaxy S24', 'Google Pixel 8']",3.38,False,,False
2241,9700,804172,2025-01-26 19:28:46.421222,external hard drive,Mobile,Category Page,True,"['Seagate 2TB', 'WD My Passport', 'Samsung T7']",0.7,True,WD My Passport,False
2242,9958,187521,2025-01-07 20:47:54.421222,gaming chair,Mobile,Product Page,True,"['DXRacer', 'Secretlab Titan', 'Razer Iskur']",2.73,True,Secretlab Titan,True
2243,1856,688069,2025-01-12 14:31:25.421222,dresses,Mobile,Category Page,False,[],1.96,False,,False
2244,4924,833031,2025-01-18 17:28:21.421222,mouse,Mobile,Homepage,True,"['Logitech MX Master 3', 'Razer DeathAdder', 'SteelSeries Rival 5']",1.96,True,Logitech MX Master 3,False
2245,1467,508850,2025-01-21 08:23:01.421222,phone case,Desktop,Product Page,True,"['OtterBox Defender', 'Spigen Tough Armor', 'Apple Silicone Case']",2.99,True,OtterBox Defender,False
2246,9904,702669,2025-01-05 18:32:37.421222,laptop,Tablet,Homepage,True,"['Dell XPS 13', 'MacBook Air', 'HP Spectre x360']",0.79,False,,False
2247,8679,347125,2025-01-05 18:38:22.421222,wireless earbuds,Desktop,Category Page,True,"['AirPods Pro', 'Sony WF-1000XM4', 'Bose QuietComfort Earbuds']",3.24,True,Bose QuietComfort Earbuds,False
2248,7493,251060,2025-01-08 13:39:36.421222,socks,Tablet,Homepage,False,[],2.25,False,,False
2249,4607,567002,2025-01-13 22:17:58.421222,laptop,Tablet,Category Page,True,"['Dell XPS 13', 'MacBook Air', 'HP Spectre x360']",0.3,False,,False
2250,7917,294339,2025-01-28 22:37:58.421222,external hard drive,Tablet,Category Page,True,"['Seagate 2TB', 'WD My Passport', 'Samsung T7']",3.28,True,WD My Passport,False
2251,6824,415705,2025-01-26 07:38:55.421222,gaming chair,Tablet,Homepage,True,"['DXRacer', 'Secretlab Titan', 'Razer Iskur']",0.65,False,,False
2252,9317,845000,2025-01-25 00:37:40.421222,shoes,Desktop,Category Page,False,[],1.66,False,,False
2253,9149,244010,2025-01-14 05:47:52.421222,phone case,Desktop,Category Page,True,"['OtterBox Defender', 'Spigen Tough Armor', 'Apple Silicone Case']",0.22,True,OtterBox Defender,False
2254,1253,736274,2025-01-27 10:40:31.421222,shoes,Tablet,Product Page,False,[],1.28,False,,False
2255,8908,355927,2025-01-06 02:52:24.421222,laptop,Desktop,Category Page,True,"['Dell XPS 13', 'MacBook Air', 'HP Spectre x360']",0.54,True,HP Spectre x360,False
2256,8385,766697,2025-01-13 20:41:21.421222,external hard drive,Tablet,Category Page,True,"['Seagate 2TB', 'WD My Passport', 'Samsung T7']",0.87,True,WD My Passport,False
2257,5615,909239,2025-01-28 23:42:27.421222,external hard drive,Desktop,Homepage,True,"['Seagate 2TB', 'WD My Passport', 'Samsung T7']",1.77,True,Samsung T7,False
2258,1184,169844,2025-02-01 07:48:02.421222,socks,Mobile,Homepage,False,[],1.28,False,,False
2259,5574,508543,2025-01-24 00:22:37.421222,socks,Tablet,Category Page,False,[],0.93,False,,False
2260,1837,296711,2025-01-29 22:55:39.421222,socks,Mobile,Product Page,False,[],1.32,False,,False
2261,3564,365199,2025-01-17 04:27:02.421222,phone case,Desktop,Category Page,True,"['OtterBox Defender', 'Spigen Tough Armor', 'Apple Silicone Case']",1.86,True,Apple Silicone Case,False
2262,8838,731663,2025-02-03 08:09:51.421222,coffee mug,Tablet,Product Page,True,"['Ceramic Mug', 'Travel Mug', 'Insulated Mug']",1.17,False,,False
2263,1234,483794,2025-01-11 14:18:33.421222,wireless earbuds,Tablet,Homepage,True,"['AirPods Pro', 'Sony WF-1000XM4', 'Bose QuietComfort Earbuds']",1.47,True,AirPods Pro,False
2264,4947,836349,2025-01-16 00:21:24.421222,headphones,Tablet,Category Page,True,"['Sony WH-1000XM5', 'Bose 700', 'Sennheiser Momentum 4']",0.54,True,Sony WH-1000XM5,True
2265,9058,342454,2025-01-13 09:51:11.421222,mouse,Tablet,Category Page,True,"['Logitech MX Master 3', 'Razer DeathAdder', 'SteelSeries Rival 5']",3.24,True,Logitech MX Master 3,False
2266,7791,540718,2025-01-22 07:25:17.421222,laptop,Desktop,Category Page,True,"['Dell XPS 13', 'MacBook Air', 'HP Spectre x360']",0.79,False,,False
2267,3161,614048,2025-01-20 11:09:33.421222,phone case,Tablet,Product Page,True,"['OtterBox Defender', 'Spigen Tough Armor', 'Apple Silicone Case']",2.38,True,Apple Silicone Case,False
2268,8346,995441,2025-01-18 12:43:31.421222,mouse,Desktop,Homepage,True,"['Logitech MX Master 3', 'Razer DeathAdder', 'SteelSeries Rival 5']",2.08,True,Logitech MX Master 3,True
2269,1692,565325,2025-01-12 02:21:37.421222,mouse,Tablet,Category Page,True,"['Logitech MX Master 3', 'Razer DeathAdder', 'SteelSeries Rival 5']",1.25,True,SteelSeries Rival 5,False
2270,4777,344663,2025-01-31 00:50:54.421222,water bottle,Tablet,Homepage,False,[],0.53,False,,False
2271,9277,252184,2025-01-29 01:35:34.421222,phone case,Tablet,Homepage,True,"['OtterBox Defender', 'Spigen Tough Armor', 'Apple Silicone Case']",1.32,False,,False
2272,7877,111967,2025-01-11 16:39:37.421222,water bottle,Mobile,Homepage,False,[],3.07,False,,False
2273,5544,289900,2025-01-17 11:38:48.421222,gaming chair,Tablet,Homepage,True,"['DXRacer', 'Secretlab Titan', 'Razer Iskur']",1.36,True,Secretlab Titan,False
2274,4649,236779,2025-01-13 08:33:17.421222,external hard drive,Tablet,Homepage,True,"['Seagate 2TB', 'WD My Passport', 'Samsung T7']",3.0,False,,False
2275,6502,629557,2025-01-23 13:50:26.421222,socks,Mobile,Homepage,False,[],0.29,False,,False
2276,2626,241421,2025-01-31 05:06:14.421222,shoes,Mobile,Product Page,False,[],0.96,False,,False
2277,2813,442248,2025-01-10 00:51:44.421222,water bottle,Mobile,Homepage,False,[],1.04,False,,False
2278,2698,98386,2025-01-15 02:32:17.421222,gaming chair,Tablet,Homepage,True,"['DXRacer', 'Secretlab Titan', 'Razer Iskur']",2.06,True,Secretlab Titan,True
2279,1158,162783,2025-01-12 07:08:37.421222,coffee mug,Desktop,Category Page,True,"['Ceramic Mug', 'Travel Mug', 'Insulated Mug']",1.18,False,,False
2280,1247,523140,2025-01-31 04:06:45.421222,phone case,Mobile,Product Page,True,"['OtterBox Defender', 'Spigen Tough Armor', 'Apple Silicone Case']",3.46,True,Apple Silicone Case,False
2281,7177,574412,2025-01-12 17:25:07.421222,gaming chair,Mobile,Category Page,True,"['DXRacer', 'Secretlab Titan', 'Razer Iskur']",1.65,True,Secretlab Titan,False
2282,8118,382598,2025-01-12 03:49:10.421222,external hard drive,Tablet,Homepage,True,"['Seagate 2TB', 'WD My Passport', 'Samsung T7']",2.6,True,Samsung T7,False
2283,1086,402062,2025-01-26 06:28:44.421222,laptop,Tablet,Product Page,True,"['Dell XPS 13', 'MacBook Air', 'HP Spectre x360']",0.58,True,MacBook Air,False
2284,3231,944692,2025-01-08 11:44:29.421222,mouse,Tablet,Product Page,True,"['Logitech MX Master 3', 'Razer DeathAdder', 'SteelSeries Rival 5']",2.29,False,,False
2285,5893,513594,2025-01-07 13:22:33.421222,headphones,Desktop,Homepage,True,"['Sony WH-1000XM5', 'Bose 700', 'Sennheiser Momentum 4']",0.76,True,Bose 700,False
2286,4344,517602,2025-01-11 07:25:05.421222,dresses,Tablet,Homepage,False,[],1.12,False,,False
2287,3813,156916,2025-01-06 03:36:23.421222,dresses,Mobile,Homepage,False,[],1.81,False,,False
2288,4336,502140,2025-01-09 15:51:23.421222,smartphone,Desktop,Product Page,True,"['iPhone 15', 'Samsung Galaxy S24', 'Google Pixel 8']",1.95,True,iPhone 15,False
2289,4512,872246,2025-01-05 10:34:47.421222,water bottle,Tablet,Category Page,False,[],3.15,False,,False
2290,7646,259301,2025-02-03 15:05:28.421222,headphones,Tablet,Product Page,True,"['Sony WH-1000XM5', 'Bose 700', 'Sennheiser Momentum 4']",0.28,True,Sony WH-1000XM5,False
2291,6643,841632,2025-01-07 21:47:27.421222,phone case,Mobile,Product Page,True,"['OtterBox Defender', 'Spigen Tough Armor', 'Apple Silicone Case']",1.43,True,Spigen Tough Armor,False
2292,3546,800395,2025-02-01 13:07:56.421222,dresses,Mobile,Homepage,False,[],1.76,False,,False
2293,4873,386778,2025-02-01 08:54:31.421222,shoes,Mobile,Homepage,False,[],2.71,False,,False
2294,5812,98196,2025-01-09 15:30:18.421222,headphones,Desktop,Category Page,True,"['Sony WH-1000XM5', 'Bose 700', 'Sennheiser Momentum 4']",2.33,False,,False
2295,9820,793948,2025-02-01 19:22:11.421222,external hard drive,Mobile,Category Page,True,"['Seagate 2TB', 'WD My Passport', 'Samsung T7']",2.68,True,WD My Passport,True
2296,1961,504249,2025-01-16 14:25:32.421222,smartphone,Mobile,Product Page,True,"['iPhone 15', 'Samsung Galaxy S24', 'Google Pixel 8']",1.35,True,Google Pixel 8,False
2297,9379,335226,2025-02-01 12:29:16.421222,external hard drive,Tablet,Product Page,True,"['Seagate 2TB', 'WD My Passport', 'Samsung T7']",0.59,False,,False
2298,9380,413956,2025-02-01 19:01:42.421222,keyboard,Mobile,Homepage,True,"['Logitech MX Keys', 'Razer BlackWidow', 'Corsair K95']",2.2,True,Logitech MX Keys,False
2299,8382,953482,2025-01-19 12:27:30.421222,mouse,Desktop,Homepage,True,"['Logitech MX Master 3', 'Razer DeathAdder', 'SteelSeries Rival 5']",1.7,True,Razer DeathAdder,True
2300,3876,815154,2025-01-15 11:56:42.421222,mouse,Tablet,Homepage,True,"['Logitech MX Master 3', 'Razer DeathAdder', 'SteelSeries Rival 5']",2.45,True,SteelSeries Rival 5,False
2301,4922,537232,2025-01-07 11:54:17.421222,smartphone,Desktop,Category Page,True,"['iPhone 15', 'Samsung Galaxy S24', 'Google Pixel 8']",0.8,False,,False
2302,8381,588147,2025-02-01 18:45:18.421222,water bottle,Desktop,Homepage,False,[],1.75,False,,False
2303,3409,442763,2025-01-13 03:33:17.421222,headphones,Mobile,Product Page,True,"['Sony WH-1000XM5', 'Bose 700', 'Sennheiser Momentum 4']",0.56,True,Bose 700,False
2304,8479,373143,2025-01-21 00:03:27.421222,wireless earbuds,Tablet,Homepage,True,"['AirPods Pro', 'Sony WF-1000XM4', 'Bose QuietComfort Earbuds']",1.22,True,Bose QuietComfort Earbuds,True
2305,1829,567463,2025-01-20 09:42:58.421222,water bottle,Desktop,Homepage,False,[],2.43,False,,False
2306,5871,389330,2025-01-07 13:41:47.421222,gaming chair,Desktop,Product Page,True,"['DXRacer', 'Secretlab Titan', 'Razer Iskur']",2.88,True,Secretlab Titan,False
2307,8113,847212,2025-01-07 03:56:54.421222,dresses,Tablet,Homepage,False,[],3.08,False,,False
2308,2519,478862,2025-01-09 11:31:08.421222,water bottle,Tablet,Product Page,False,[],3.0,False,,False
2309,9015,844560,2025-01-21 06:30:44.421222,socks,Tablet,Homepage,False,[],0.28,False,,False
2310,8071,141200,2025-01-24 17:19:21.421222,phone case,Tablet,Category Page,True,"['OtterBox Defender', 'Spigen Tough Armor', 'Apple Silicone Case']",3.26,True,Apple Silicone Case,True
2311,1972,974797,2025-01-19 03:18:43.421222,coffee mug,Tablet,Product Page,True,"['Ceramic Mug', 'Travel Mug', 'Insulated Mug']",0.27,True,Ceramic Mug,False
2312,5766,198001,2025-01-09 07:13:13.421222,water bottle,Desktop,Product Page,False,[],2.19,False,,False
2313,8510,223584,2025-01-08 15:29:12.421222,coffee mug,Tablet,Product Page,True,"['Ceramic Mug', 'Travel Mug', 'Insulated Mug']",0.89,True,Ceramic Mug,False
2314,3107,399692,2025-01-12 13:57:44.421222,shoes,Mobile,Homepage,False,[],0.42,False,,False
2315,5528,622983,2025-01-18 11:06:51.421222,laptop,Mobile,Product Page,True,"['Dell XPS 13', 'MacBook Air', 'HP Spectre x360']",1.24,True,Dell XPS 13,False
2316,8229,898414,2025-01-22 10:08:58.421222,water bottle,Tablet,Homepage,False,[],1.19,False,,False
2317,9521,370085,2025-01-18 08:31:06.421222,socks,Tablet,Category Page,False,[],2.23,False,,False
2318,2258,368414,2025-01-14 22:29:53.421222,phone case,Tablet,Category Page,True,"['OtterBox Defender', 'Spigen Tough Armor', 'Apple Silicone Case']",1.05,True,Apple Silicone Case,False
2319,4213,227281,2025-01-13 02:06:33.421222,laptop,Tablet,Product Page,True,"['Dell XPS 13', 'MacBook Air', 'HP Spectre x360']",1.05,True,HP Spectre x360,False
2320,1514,896296,2025-01-23 17:09:38.421222,wireless earbuds,Mobile,Category Page,True,"['AirPods Pro', 'Sony WF-1000XM4', 'Bose QuietComfort Earbuds']",3.33,False,,False
2321,3294,336688,2025-02-03 12:32:26.421222,mouse,Desktop,Category Page,True,"['Logitech MX Master 3', 'Razer DeathAdder', 'SteelSeries Rival 5']",0.46,True,Logitech MX Master 3,False
2322,9852,98169,2025-01-14 17:34:52.421222,laptop,Desktop,Product Page,True,"['Dell XPS 13', 'MacBook Air', 'HP Spectre x360']",2.61,True,Dell XPS 13,False
2323,8936,703634,2025-01-28 21:57:01.421222,external hard drive,Tablet,Product Page,True,"['Seagate 2TB', 'WD My Passport', 'Samsung T7']",1.6,False,,False
2324,2390,861368,2025-01-22 23:38:13.421222,socks,Tablet,Homepage,False,[],2.15,False,,False
2325,9949,796276,2025-01-14 08:15:55.421222,wireless earbuds,Desktop,Product Page,True,"['AirPods Pro', 'Sony WF-1000XM4', 'Bose QuietComfort Earbuds']",2.04,False,,False
2326,6128,427939,2025-01-24 08:21:53.421222,external hard drive,Tablet,Category Page,True,"['Seagate 2TB', 'WD My Passport', 'Samsung T7']",1.74,False,,False
2327,2719,906452,2025-01-28 13:44:27.421222,gaming chair,Mobile,Product Page,True,"['DXRacer', 'Secretlab Titan', 'Razer Iskur']",0.59,False,,False
2328,1170,540555,2025-01-30 22:47:57.421222,mouse,Desktop,Homepage,True,"['Logitech MX Master 3', 'Razer DeathAdder', 'SteelSeries Rival 5']",1.81,True,Logitech MX Master 3,False
2329,5660,912653,2025-01-15 06:43:20.421222,dresses,Mobile,Product Page,False,[],1.95,False,,False
2330,9018,352175,2025-01-17 20:26:13.421222,keyboard,Mobile,Category Page,True,"['Logitech MX Keys', 'Razer BlackWidow', 'Corsair K95']",0.34,True,Logitech MX Keys,True
2331,1104,347994,2025-01-22 07:05:04.421222,external hard drive,Mobile,Product Page,True,"['Seagate 2TB', 'WD My Passport', 'Samsung T7']",1.93,False,,False
2332,1538,66781,2025-01-29 18:31:55.421222,phone case,Desktop,Homepage,True,"['OtterBox Defender', 'Spigen Tough Armor', 'Apple Silicone Case']",3.15,True,Apple Silicone Case,False
2333,2959,720785,2025-02-04 04:39:06.421222,gaming chair,Desktop,Product Page,True,"['DXRacer', 'Secretlab Titan', 'Razer Iskur']",1.57,True,Razer Iskur,True
2334,7059,336599,2025-01-19 16:24:19.421222,socks,Tablet,Homepage,False,[],3.49,False,,False
2335,9814,285722,2025-01-27 10:58:11.421222,gaming chair,Mobile,Product Page,True,"['DXRacer', 'Secretlab Titan', 'Razer Iskur']",2.89,True,DXRacer,False
2336,9130,375240,2025-01-26 08:58:27.421222,dresses,Mobile,Category Page,False,[],3.23,False,,False
2337,5223,705445,2025-01-05 19:48:45.421222,coffee mug,Mobile,Product Page,True,"['Ceramic Mug', 'Travel Mug', 'Insulated Mug']",1.17,True,Insulated Mug,False
2338,9769,164375,2025-01-07 10:09:50.421222,gaming chair,Tablet,Product Page,True,"['DXRacer', 'Secretlab Titan', 'Razer Iskur']",1.75,True,DXRacer,True
2339,5962,202360,2025-02-04 03:23:34.421222,smartphone,Tablet,Category Page,True,"['iPhone 15', 'Samsung Galaxy S24', 'Google Pixel 8']",0.24,True,Google Pixel 8,False
2340,3758,660694,2025-01-20 15:12:20.421222,external hard drive,Mobile,Category Page,True,"['Seagate 2TB', 'WD My Passport', 'Samsung T7']",0.58,False,,False
2341,3997,722828,2025-01-19 12:14:47.421222,smartphone,Desktop,Category Page,True,"['iPhone 15', 'Samsung Galaxy S24', 'Google Pixel 8']",1.52,False,,False
2342,1441,465324,2025-01-16 13:41:21.421222,dresses,Tablet,Homepage,False,[],0.69,False,,False
2343,6764,665195,2025-01-24 12:47:28.421222,dresses,Tablet,Category Page,False,[],0.24,False,,False
2344,5021,701563,2025-01-14 20:30:10.421222,mouse,Tablet,Product Page,True,"['Logitech MX Master 3', 'Razer DeathAdder', 'SteelSeries Rival 5']",1.66,True,Logitech MX Master 3,True
2345,4983,794702,2025-01-10 23:43:20.421222,wireless earbuds,Mobile,Category Page,True,"['AirPods Pro', 'Sony WF-1000XM4', 'Bose QuietComfort Earbuds']",1.83,True,Sony WF-1000XM4,False
2346,8059,515815,2025-01-29 02:15:01.421222,water bottle,Tablet,Homepage,False,[],1.83,False,,False
2347,1613,305395,2025-02-04 07:54:41.421222,water bottle,Mobile,Homepage,False,[],0.47,False,,False
2348,3174,98343,2025-01-15 23:13:42.421222,coffee mug,Tablet,Product Page,True,"['Ceramic Mug', 'Travel Mug', 'Insulated Mug']",2.94,True,Insulated Mug,True
2349,9297,814684,2025-01-21 15:33:53.421222,laptop,Desktop,Product Page,True,"['Dell XPS 13', 'MacBook Air', 'HP Spectre x360']",3.41,True,MacBook Air,False
2350,7035,664408,2025-01-14 02:39:06.421222,mouse,Tablet,Product Page,True,"['Logitech MX Master 3', 'Razer DeathAdder', 'SteelSeries Rival 5']",2.74,False,,False
2351,8750,84215,2025-01-18 10:11:15.421222,keyboard,Desktop,Homepage,True,"['Logitech MX Keys', 'Razer BlackWidow', 'Corsair K95']",2.41,False,,False
2352,8837,54180,2025-01-16 06:43:01.421222,phone case,Tablet,Homepage,True,"['OtterBox Defender', 'Spigen Tough Armor', 'Apple Silicone Case']",0.35,True,OtterBox Defender,False
2353,4282,200064,2025-01-08 15:37:58.421222,phone case,Desktop,Product Page,True,"['OtterBox Defender', 'Spigen Tough Armor', 'Apple Silicone Case']",2.47,True,Apple Silicone Case,False
2354,9475,712852,2025-02-01 15:09:31.421222,keyboard,Desktop,Category Page,True,"['Logitech MX Keys', 'Razer BlackWidow', 'Corsair K95']",2.42,True,Razer BlackWidow,False
2355,2447,955905,2025-01-17 02:35:47.421222,water bottle,Desktop,Homepage,False,[],0.55,False,,False
2356,4783,257211,2025-01-23 21:22:52.421222,phone case,Mobile,Product Page,True,"['OtterBox Defender', 'Spigen Tough Armor', 'Apple Silicone Case']",0.24,False,,False
2357,2128,969405,2025-01-23 03:41:51.421222,mouse,Tablet,Homepage,True,"['Logitech MX Master 3', 'Razer DeathAdder', 'SteelSeries Rival 5']",1.02,True,Razer DeathAdder,True
2358,7715,883931,2025-01-21 07:59:12.421222,water bottle,Mobile,Category Page,False,[],2.94,False,,False
2359,8647,705379,2025-01-08 14:22:13.421222,phone case,Tablet,Homepage,True,"['OtterBox Defender', 'Spigen Tough Armor', 'Apple Silicone Case']",1.33,True,Spigen Tough Armor,False
2360,5644,344038,2025-01-27 06:24:15.421222,dresses,Desktop,Homepage,False,[],3.32,False,,False
2361,9438,323679,2025-01-11 00:22:04.421222,mouse,Mobile,Homepage,True,"['Logitech MX Master 3', 'Razer DeathAdder', 'SteelSeries Rival 5']",3.33,True,SteelSeries Rival 5,False
2362,2118,106399,2025-01-15 21:22:29.421222,phone case,Mobile,Category Page,True,"['OtterBox Defender', 'Spigen Tough Armor', 'Apple Silicone Case']",1.81,False,,False
2363,7670,175711,2025-01-29 04:59:21.421222,gaming chair,Tablet,Category Page,True,"['DXRacer', 'Secretlab Titan', 'Razer Iskur']",2.89,False,,False
2364,6819,625402,2025-01-22 10:35:04.421222,headphones,Mobile,Category Page,True,"['Sony WH-1000XM5', 'Bose 700', 'Sennheiser Momentum 4']",0.73,True,Sennheiser Momentum 4,False
2365,7454,275735,2025-01-19 08:17:51.421222,water bottle,Mobile,Product Page,False,[],0.82,False,,False
2366,8073,465546,2025-01-16 22:55:00.421222,gaming chair,Desktop,Category Page,True,"['DXRacer', 'Secretlab Titan', 'Razer Iskur']",2.76,True,Secretlab Titan,False
2367,2580,887498,2025-01-27 06:55:49.421222,phone case,Tablet,Category Page,True,"['OtterBox Defender', 'Spigen Tough Armor', 'Apple Silicone Case']",2.33,True,Spigen Tough Armor,True
2368,4309,79685,2025-01-15 19:15:34.421222,socks,Mobile,Product Page,False,[],2.28,False,,False
2369,8779,430983,2025-01-13 20:00:54.421222,laptop,Desktop,Category Page,True,"['Dell XPS 13', 'MacBook Air', 'HP Spectre x360']",1.45,False,,False
2370,3578,711620,2025-01-17 20:51:16.421222,shoes,Desktop,Category Page,False,[],0.74,False,,False
2371,7694,385356,2025-01-24 14:21:13.421222,phone case,Desktop,Category Page,True,"['OtterBox Defender', 'Spigen Tough Armor', 'Apple Silicone Case']",1.57,True,OtterBox Defender,False
2372,8221,206623,2025-01-31 10:09:15.421222,phone case,Desktop,Product Page,True,"['OtterBox Defender', 'Spigen Tough Armor', 'Apple Silicone Case']",0.37,False,,False
2373,5807,487571,2025-01-10 14:27:28.421222,shoes,Desktop,Category Page,False,[],0.26,False,,False
2374,9698,497500,2025-01-28 13:28:46.421222,external hard drive,Desktop,Homepage,True,"['Seagate 2TB', 'WD My Passport', 'Samsung T7']",2.8,True,Seagate 2TB,False
2375,7257,347047,2025-02-02 11:18:13.421222,headphones,Mobile,Homepage,True,"['Sony WH-1000XM5', 'Bose 700', 'Sennheiser Momentum 4']",1.71,True,Bose 700,False
2376,9059,772386,2025-01-14 06:29:35.421222,dresses,Tablet,Product Page,False,[],3.27,False,,False
2377,1770,589716,2025-01-23 15:40:38.421222,socks,Tablet,Product Page,False,[],2.73,False,,False
2378,6740,166131,2025-01-20 05:14:37.421222,gaming chair,Mobile,Category Page,True,"['DXRacer', 'Secretlab Titan', 'Razer Iskur']",1.03,True,DXRacer,True
2379,7167,768308,2025-01-07 03:32:50.421222,headphones,Mobile,Product Page,True,"['Sony WH-1000XM5', 'Bose 700', 'Sennheiser Momentum 4']",2.38,False,,False
2380,4203,954093,2025-01-12 21:35:44.421222,headphones,Desktop,Product Page,True,"['Sony WH-1000XM5', 'Bose 700', 'Sennheiser Momentum 4']",2.5,False,,False
2381,4995,373163,2025-01-17 00:56:35.421222,keyboard,Tablet,Category Page,True,"['Logitech MX Keys', 'Razer BlackWidow', 'Corsair K95']",0.65,True,Razer BlackWidow,False
2382,8549,201832,2025-01-06 00:10:29.421222,coffee mug,Desktop,Product Page,True,"['Ceramic Mug', 'Travel Mug', 'Insulated Mug']",0.82,True,Insulated Mug,False
2383,2762,78060,2025-01-16 08:41:48.421222,water bottle,Mobile,Product Page,False,[],2.48,False,,False
2384,5603,964131,2025-02-03 04:03:16.421222,coffee mug,Desktop,Homepage,True,"['Ceramic Mug', 'Travel Mug', 'Insulated Mug']",2.26,False,,False
2385,5107,138955,2025-01-27 19:00:54.421222,socks,Tablet,Category Page,False,[],0.51,False,,False
2386,7204,164240,2025-01-17 18:36:16.421222,laptop,Tablet,Product Page,True,"['Dell XPS 13', 'MacBook Air', 'HP Spectre x360']",0.87,True,MacBook Air,False
2387,5227,888246,2025-01-10 14:17:24.421222,shoes,Desktop,Product Page,False,[],2.96,False,,False
2388,2248,575630,2025-01-08 17:25:10.421222,shoes,Desktop,Homepage,False,[],2.53,False,,False
2389,8747,352312,2025-01-10 09:36:05.421222,headphones,Desktop,Category Page,True,"['Sony WH-1000XM5', 'Bose 700', 'Sennheiser Momentum 4']",2.26,False,,False
2390,1257,724679,2025-01-25 17:25:20.421222,shoes,Mobile,Homepage,False,[],3.24,False,,False
2391,3188,183759,2025-01-18 06:36:38.421222,headphones,Mobile,Homepage,True,"['Sony WH-1000XM5', 'Bose 700', 'Sennheiser Momentum 4']",3.05,True,Sennheiser Momentum 4,False
2392,5597,303615,2025-01-10 03:56:21.421222,coffee mug,Mobile,Product Page,True,"['Ceramic Mug', 'Travel Mug', 'Insulated Mug']",1.99,False,,False
2393,6138,791018,2025-01-25 19:08:08.421222,coffee mug,Mobile,Homepage,True,"['Ceramic Mug', 'Travel Mug', 'Insulated Mug']",1.45,True,Ceramic Mug,False
2394,6445,809339,2025-01-29 20:16:00.421222,gaming chair,Tablet,Homepage,True,"['DXRacer', 'Secretlab Titan', 'Razer Iskur']",0.34,False,,False
2395,8729,413916,2025-01-11 11:49:49.421222,coffee mug,Tablet,Homepage,True,"['Ceramic Mug', 'Travel Mug', 'Insulated Mug']",1.1,True,Travel Mug,False
2396,5248,260274,2025-01-26 00:26:14.421222,external hard drive,Desktop,Category Page,True,"['Seagate 2TB', 'WD My Passport', 'Samsung T7']",0.92,True,WD My Passport,False
2397,4609,417754,2025-01-24 09:28:29.421222,smartphone,Desktop,Category Page,True,"['iPhone 15', 'Samsung Galaxy S24', 'Google Pixel 8']",0.91,True,Google Pixel 8,False
2398,8696,319168,2025-01-30 07:39:43.421222,water bottle,Tablet,Product Page,False,[],2.67,False,,False
2399,5731,881832,2025-01-23 04:17:30.421222,mouse,Desktop,Product Page,True,"['Logitech MX Master 3', 'Razer DeathAdder', 'SteelSeries Rival 5']",1.73,False,,False
2400,4340,516881,2025-01-15 12:30:45.421222,shoes,Mobile,Category Page,False,[],2.14,False,,False
2401,2079,438648,2025-01-23 14:00:41.421222,coffee mug,Desktop,Homepage,True,"['Ceramic Mug', 'Travel Mug', 'Insulated Mug']",2.2,True,Insulated Mug,False
2402,5807,959771,2025-01-19 08:10:08.421222,dresses,Tablet,Homepage,False,[],3.34,False,,False
2403,6690,393606,2025-01-30 23:16:44.421222,external hard drive,Mobile,Category Page,True,"['Seagate 2TB', 'WD My Passport', 'Samsung T7']",2.74,True,Samsung T7,False
2404,8109,95524,2025-01-19 09:02:17.421222,keyboard,Mobile,Product Page,True,"['Logitech MX Keys', 'Razer BlackWidow', 'Corsair K95']",0.48,True,Razer BlackWidow,False
2405,9657,676186,2025-01-22 08:04:00.421222,laptop,Desktop,Homepage,True,"['Dell XPS 13', 'MacBook Air', 'HP Spectre x360']",1.11,True,MacBook Air,False
2406,8512,323735,2025-01-12 23:42:41.421222,wireless earbuds,Desktop,Product Page,True,"['AirPods Pro', 'Sony WF-1000XM4', 'Bose QuietComfort Earbuds']",0.59,True,Bose QuietComfort Earbuds,False
2407,6194,175100,2025-01-20 21:41:29.421222,mouse,Mobile,Category Page,True,"['Logitech MX Master 3', 'Razer DeathAdder', 'SteelSeries Rival 5']",1.64,True,Razer DeathAdder,False
2408,8485,310971,2025-02-02 18:15:29.421222,gaming chair,Mobile,Product Page,True,"['DXRacer', 'Secretlab Titan', 'Razer Iskur']",0.57,True,Razer Iskur,False
2409,6073,320623,2025-01-24 14:23:23.421222,mouse,Desktop,Homepage,True,"['Logitech MX Master 3', 'Razer DeathAdder', 'SteelSeries Rival 5']",1.06,False,,False
2410,3977,314679,2025-01-21 14:18:50.421222,coffee mug,Desktop,Product Page,True,"['Ceramic Mug', 'Travel Mug', 'Insulated Mug']",0.54,True,Travel Mug,False
2411,3866,916845,2025-01-07 00:38:54.421222,dresses,Tablet,Homepage,False,[],2.4,False,,False
2412,8404,89538,2025-01-31 18:45:56.421222,laptop,Mobile,Product Page,True,"['Dell XPS 13', 'MacBook Air', 'HP Spectre x360']",0.88,True,Dell XPS 13,False
2413,7793,563913,2025-01-07 17:42:04.421222,shoes,Mobile,Category Page,False,[],3.12,False,,False
2414,6658,484035,2025-01-18 10:35:46.421222,coffee mug,Mobile,Category Page,True,"['Ceramic Mug', 'Travel Mug', 'Insulated Mug']",1.99,True,Insulated Mug,False
2415,4701,410787,2025-01-23 23:13:23.421222,headphones,Mobile,Product Page,True,"['Sony WH-1000XM5', 'Bose 700', 'Sennheiser Momentum 4']",0.54,True,Sennheiser Momentum 4,False
2416,1462,465139,2025-01-22 08:50:27.421222,smartphone,Tablet,Category Page,True,"['iPhone 15', 'Samsung Galaxy S24', 'Google Pixel 8']",3.08,True,Samsung Galaxy S24,False
2417,6893,802539,2025-01-12 02:41:48.421222,external hard drive,Desktop,Homepage,True,"['Seagate 2TB', 'WD My Passport', 'Samsung T7']",3.23,True,Samsung T7,False
2418,9192,613886,2025-01-14 02:40:18.421222,shoes,Mobile,Category Page,False,[],1.16,False,,False
2419,9959,670314,2025-01-21 03:28:41.421222,socks,Desktop,Homepage,False,[],1.66,False,,False
2420,9100,330540,2025-01-06 13:36:31.421222,smartphone,Tablet,Homepage,True,"['iPhone 15', 'Samsung Galaxy S24', 'Google Pixel 8']",2.6,True,Samsung Galaxy S24,False
2421,9989,207550,2025-01-29 22:24:17.421222,mouse,Desktop,Category Page,True,"['Logitech MX Master 3', 'Razer DeathAdder', 'SteelSeries Rival 5']",1.75,True,SteelSeries Rival 5,False
2422,7650,676643,2025-01-10 19:42:43.421222,phone case,Tablet,Product Page,True,"['OtterBox Defender', 'Spigen Tough Armor', 'Apple Silicone Case']",0.29,False,,False
2423,5122,326995,2025-01-26 14:34:03.421222,water bottle,Desktop,Category Page,False,[],0.64,False,,False
2424,9953,374444,2025-01-24 22:26:18.421222,water bottle,Desktop,Product Page,False,[],1.93,False,,False
2425,4551,334698,2025-01-24 22:54:23.421222,laptop,Desktop,Product Page,True,"['Dell XPS 13', 'MacBook Air', 'HP Spectre x360']",2.75,True,MacBook Air,False
2426,5336,77324,2025-01-27 09:35:25.421222,keyboard,Mobile,Homepage,True,"['Logitech MX Keys', 'Razer BlackWidow', 'Corsair K95']",2.15,False,,False
2427,7349,505423,2025-02-03 06:02:23.421222,socks,Desktop,Product Page,False,[],1.52,False,,False
2428,8598,706142,2025-01-06 01:53:48.421222,smartphone,Desktop,Homepage,True,"['iPhone 15', 'Samsung Galaxy S24', 'Google Pixel 8']",2.77,False,,False
2429,8710,391046,2025-01-11 20:03:46.421222,dresses,Tablet,Category Page,False,[],0.93,False,,False
2430,9926,786296,2025-01-26 20:40:30.421222,external hard drive,Tablet,Product Page,True,"['Seagate 2TB', 'WD My Passport', 'Samsung T7']",0.55,True,Samsung T7,False
2431,9238,66062,2025-01-15 20:47:16.421222,smartphone,Desktop,Homepage,True,"['iPhone 15', 'Samsung Galaxy S24', 'Google Pixel 8']",1.09,True,iPhone 15,False
2432,8865,910344,2025-01-14 13:36:48.421222,keyboard,Tablet,Homepage,True,"['Logitech MX Keys', 'Razer BlackWidow', 'Corsair K95']",0.76,False,,False
2433,9265,249610,2025-01-17 05:20:17.421222,laptop,Tablet,Homepage,True,"['Dell XPS 13', 'MacBook Air', 'HP Spectre x360']",0.27,False,,False
2434,4185,572691,2025-01-07 06:10:00.421222,water bottle,Mobile,Homepage,False,[],2.48,False,,False
2435,7893,596188,2025-01-06 20:31:11.421222,keyboard,Mobile,Category Page,True,"['Logitech MX Keys', 'Razer BlackWidow', 'Corsair K95']",1.6,True,Corsair K95,False
2436,7373,255955,2025-01-08 14:42:59.421222,keyboard,Desktop,Category Page,True,"['Logitech MX Keys', 'Razer BlackWidow', 'Corsair K95']",0.45,True,Razer BlackWidow,False
2437,6934,389824,2025-01-09 11:59:07.421222,phone case,Tablet,Category Page,True,"['OtterBox Defender', 'Spigen Tough Armor', 'Apple Silicone Case']",2.68,True,Spigen Tough Armor,False
2438,9323,186865,2025-01-24 19:16:56.421222,headphones,Tablet,Category Page,True,"['Sony WH-1000XM5', 'Bose 700', 'Sennheiser Momentum 4']",0.28,True,Sennheiser Momentum 4,False
2439,4295,207029,2025-01-06 21:56:51.421222,shoes,Mobile,Category Page,False,[],1.57,False,,False
2440,4766,449663,2025-01-31 19:02:18.421222,laptop,Tablet,Category Page,True,"['Dell XPS 13', 'MacBook Air', 'HP Spectre x360']",1.13,True,Dell XPS 13,True
2441,5639,683743,2025-01-16 15:45:51.421222,external hard drive,Mobile,Product Page,True,"['Seagate 2TB', 'WD My Passport', 'Samsung T7']",0.5,False,,False
2442,3538,894725,2025-01-23 21:54:42.421222,coffee mug,Mobile,Category Page,True,"['Ceramic Mug', 'Travel Mug', 'Insulated Mug']",0.9,True,Ceramic Mug,False
2443,4363,232042,2025-01-28 14:11:22.421222,dresses,Mobile,Product Page,False,[],2.68,False,,False
2444,2562,139862,2025-01-06 00:48:16.421222,socks,Mobile,Category Page,False,[],2.63,False,,False
2445,4019,400051,2025-01-12 14:47:30.421222,shoes,Mobile,Product Page,False,[],2.32,False,,False
2446,8449,882659,2025-01-22 21:22:09.421222,mouse,Desktop,Category Page,True,"['Logitech MX Master 3', 'Razer DeathAdder', 'SteelSeries Rival 5']",2.52,False,,False
2447,7422,881841,2025-01-08 07:17:34.421222,wireless earbuds,Desktop,Product Page,True,"['AirPods Pro', 'Sony WF-1000XM4', 'Bose QuietComfort Earbuds']",1.39,False,,False
2448,2520,271866,2025-01-24 11:31:25.421222,gaming chair,Desktop,Product Page,True,"['DXRacer', 'Secretlab Titan', 'Razer Iskur']",2.65,True,Razer Iskur,False
2449,7004,801644,2025-01-24 11:19:49.421222,gaming chair,Mobile,Category Page,True,"['DXRacer', 'Secretlab Titan', 'Razer Iskur']",0.85,True,DXRacer,False
2450,9182,200959,2025-01-05 23:56:20.421222,gaming chair,Mobile,Category Page,True,"['DXRacer', 'Secretlab Titan', 'Razer Iskur']",3.45,False,,False
2451,3457,511775,2025-01-26 20:51:45.421222,coffee mug,Desktop,Homepage,True,"['Ceramic Mug', 'Travel Mug', 'Insulated Mug']",1.54,True,Insulated Mug,False
2452,5364,871076,2025-01-09 18:45:39.421222,dresses,Tablet,Product Page,False,[],2.53,False,,False
2453,5393,89479,2025-01-09 02:27:30.421222,keyboard,Mobile,Homepage,True,"['Logitech MX Keys', 'Razer BlackWidow', 'Corsair K95']",1.12,True,Corsair K95,False
2454,8957,980334,2025-02-03 13:08:28.421222,mouse,Tablet,Product Page,True,"['Logitech MX Master 3', 'Razer DeathAdder', 'SteelSeries Rival 5']",0.59,True,Logitech MX Master 3,False
2455,2264,855400,2025-01-16 08:02:28.421222,smartphone,Mobile,Product Page,True,"['iPhone 15', 'Samsung Galaxy S24', 'Google Pixel 8']",0.69,True,Samsung Galaxy S24,False
2456,1562,114565,2025-01-29 21:09:05.421222,shoes,Tablet,Category Page,False,[],1.28,False,,False
2457,3807,272546,2025-01-15 02:49:27.421222,smartphone,Tablet,Homepage,True,"['iPhone 15', 'Samsung Galaxy S24', 'Google Pixel 8']",1.03,True,Google Pixel 8,False
2458,2825,592630,2025-01-05 20:38:55.421222,mouse,Desktop,Homepage,True,"['Logitech MX Master 3', 'Razer DeathAdder', 'SteelSeries Rival 5']",1.0,False,,False
2459,5795,278781,2025-01-18 00:34:19.421222,coffee mug,Tablet,Product Page,True,"['Ceramic Mug', 'Travel Mug', 'Insulated Mug']",2.3,True,Travel Mug,False
2460,1321,513124,2025-01-07 04:56:04.421222,laptop,Mobile,Product Page,True,"['Dell XPS 13', 'MacBook Air', 'HP Spectre x360']",1.29,True,MacBook Air,False
2461,6464,167180,2025-01-14 08:41:15.421222,mouse,Desktop,Category Page,True,"['Logitech MX Master 3', 'Razer DeathAdder', 'SteelSeries Rival 5']",1.68,True,Logitech MX Master 3,False
2462,8896,268961,2025-01-07 09:09:09.421222,mouse,Tablet,Category Page,True,"['Logitech MX Master 3', 'Razer DeathAdder', 'SteelSeries Rival 5']",3.5,True,SteelSeries Rival 5,False
2463,9168,207895,2025-01-29 21:05:39.421222,keyboard,Tablet,Category Page,True,"['Logitech MX Keys', 'Razer BlackWidow', 'Corsair K95']",1.22,False,,False
2464,9930,268729,2025-01-19 13:38:32.421222,headphones,Desktop,Product Page,True,"['Sony WH-1000XM5', 'Bose 700', 'Sennheiser Momentum 4']",0.76,True,Bose 700,False
2465,4801,112722,2025-01-28 08:23:27.421222,laptop,Mobile,Product Page,True,"['Dell XPS 13', 'MacBook Air', 'HP Spectre x360']",1.78,True,MacBook Air,False
2466,2470,899504,2025-01-21 20:01:14.421222,dresses,Desktop,Category Page,False,[],1.88,False,,False
2467,9952,231938,2025-01-23 18:41:11.421222,phone case,Desktop,Category Page,True,"['OtterBox Defender', 'Spigen Tough Armor', 'Apple Silicone Case']",1.77,True,OtterBox Defender,False
2468,4583,136396,2025-01-22 07:29:48.421222,coffee mug,Mobile,Product Page,True,"['Ceramic Mug', 'Travel Mug', 'Insulated Mug']",0.5,False,,False
2469,4657,618478,2025-01-16 12:51:30.421222,mouse,Desktop,Product Page,True,"['Logitech MX Master 3', 'Razer DeathAdder', 'SteelSeries Rival 5']",2.92,True,Razer DeathAdder,False
2470,7694,590368,2025-01-12 20:03:27.421222,smartphone,Desktop,Product Page,True,"['iPhone 15', 'Samsung Galaxy S24', 'Google Pixel 8']",2.48,True,Google Pixel 8,False
2471,6338,970283,2025-02-01 00:15:58.421222,wireless earbuds,Desktop,Category Page,True,"['AirPods Pro', 'Sony WF-1000XM4', 'Bose QuietComfort Earbuds']",3.01,True,Sony WF-1000XM4,False
2472,4418,397469,2025-02-03 06:50:13.421222,external hard drive,Tablet,Homepage,True,"['Seagate 2TB', 'WD My Passport', 'Samsung T7']",3.01,True,WD My Passport,False
2473,6387,610544,2025-01-11 08:13:36.421222,dresses,Mobile,Homepage,False,[],3.01,False,,False
2474,3469,194705,2025-01-26 05:08:05.421222,coffee mug,Tablet,Product Page,True,"['Ceramic Mug', 'Travel Mug', 'Insulated Mug']",3.38,False,,False
2475,1423,354418,2025-01-22 03:19:23.421222,phone case,Tablet,Category Page,True,"['OtterBox Defender', 'Spigen Tough Armor', 'Apple Silicone Case']",2.53,False,,False
2476,7636,646152,2025-02-01 11:10:53.421222,gaming chair,Desktop,Homepage,True,"['DXRacer', 'Secretlab Titan', 'Razer Iskur']",2.73,True,Secretlab Titan,False
2477,5469,686981,2025-01-11 23:43:44.421222,external hard drive,Mobile,Homepage,True,"['Seagate 2TB', 'WD My Passport', 'Samsung T7']",3.14,True,WD My Passport,True
2478,5003,360330,2025-01-30 14:25:18.421222,smartphone,Mobile,Product Page,True,"['iPhone 15', 'Samsung Galaxy S24', 'Google Pixel 8']",1.79,False,,False
2479,7203,107870,2025-01-27 03:13:31.421222,external hard drive,Mobile,Homepage,True,"['Seagate 2TB', 'WD My Passport', 'Samsung T7']",2.62,True,Samsung T7,False
2480,6241,695795,2025-01-11 11:43:21.421222,laptop,Tablet,Category Page,True,"['Dell XPS 13', 'MacBook Air', 'HP Spectre x360']",3.27,True,HP Spectre x360,False
2481,9530,984500,2025-01-15 01:33:23.421222,dresses,Tablet,Category Page,False,[],2.78,False,,False
2482,2131,630174,2025-02-02 14:59:10.421222,external hard drive,Tablet,Homepage,True,"['Seagate 2TB', 'WD My Passport', 'Samsung T7']",0.57,True,Seagate 2TB,False
2483,3838,682911,2025-01-08 03:53:59.421222,phone case,Tablet,Homepage,True,"['OtterBox Defender', 'Spigen Tough Armor', 'Apple Silicone Case']",2.02,True,Apple Silicone Case,False
2484,5348,528941,2025-01-16 16:28:22.421222,keyboard,Mobile,Product Page,True,"['Logitech MX Keys', 'Razer BlackWidow', 'Corsair K95']",0.57,False,,False
2485,7628,839184,2025-01-23 21:09:12.421222,mouse,Mobile,Category Page,True,"['Logitech MX Master 3', 'Razer DeathAdder', 'SteelSeries Rival 5']",0.97,True,Logitech MX Master 3,True
2486,8071,131204,2025-01-09 07:36:13.421222,keyboard,Mobile,Category Page,True,"['Logitech MX Keys', 'Razer BlackWidow', 'Corsair K95']",0.65,True,Corsair K95,False
2487,4725,246057,2025-01-26 13:08:54.421222,laptop,Desktop,Category Page,True,"['Dell XPS 13', 'MacBook Air', 'HP Spectre x360']",2.08,True,MacBook Air,False
2488,3200,256700,2025-01-12 21:24:16.421222,coffee mug,Tablet,Homepage,True,"['Ceramic Mug', 'Travel Mug', 'Insulated Mug']",3.45,False,,False
2489,1656,250033,2025-01-05 13:06:49.421222,phone case,Tablet,Category Page,True,"['OtterBox Defender', 'Spigen Tough Armor', 'Apple Silicone Case']",0.63,True,Apple Silicone Case,False
2490,9534,613863,2025-01-26 22:07:34.421222,dresses,Mobile,Category Page,False,[],1.31,False,,False
2491,7725,532347,2025-01-24 06:12:27.421222,water bottle,Mobile,Homepage,False,[],2.39,False,,False
2492,6083,952118,2025-01-31 17:09:36.421222,phone case,Desktop,Product Page,True,"['OtterBox Defender', 'Spigen Tough Armor', 'Apple Silicone Case']",2.65,True,OtterBox Defender,False
2493,1021,510088,2025-02-03 07:14:41.421222,water bottle,Tablet,Category Page,False,[],2.96,False,,False
2494,8338,98041,2025-01-28 13:28:07.421222,gaming chair,Tablet,Product Page,True,"['DXRacer', 'Secretlab Titan', 'Razer Iskur']",1.91,True,Razer Iskur,False
2495,2399,56122,2025-01-17 11:30:26.421222,laptop,Mobile,Homepage,True,"['Dell XPS 13', 'MacBook Air', 'HP Spectre x360']",1.66,True,HP Spectre x360,False
2496,7719,947331,2025-01-12 17:13:12.421222,water bottle,Mobile,Product Page,False,[],1.71,False,,False
2497,3022,368225,2025-01-17 22:11:16.421222,mouse,Desktop,Product Page,True,"['Logitech MX Master 3', 'Razer DeathAdder', 'SteelSeries Rival 5']",0.73,True,Razer DeathAdder,False
2498,5553,981524,2025-01-28 12:02:50.421222,gaming chair,Mobile,Category Page,True,"['DXRacer', 'Secretlab Titan', 'Razer Iskur']",0.65,True,Razer Iskur,False
2499,1548,519735,2025-01-26 04:29:46.421222,shoes,Mobile,Product Page,False,[],2.48,False,,False
2500,7152,178694,2025-02-02 04:53:02.421222,coffee mug,Mobile,Homepage,True,"['Ceramic Mug', 'Travel Mug', 'Insulated Mug']",0.64,True,Ceramic Mug,False
2501,8939,971638,2025-01-18 01:07:51.421222,coffee mug,Mobile,Category Page,True,"['Ceramic Mug', 'Travel Mug', 'Insulated Mug']",1.91,True,Ceramic Mug,True
2502,5239,504573,2025-01-23 02:06:20.421222,keyboard,Mobile,Product Page,True,"['Logitech MX Keys', 'Razer BlackWidow', 'Corsair K95']",1.83,True,Razer BlackWidow,False
2503,9765,734753,2025-01-18 14:54:58.421222,shoes,Desktop,Homepage,False,[],1.54,False,,False
2504,6132,231249,2025-01-23 02:53:10.421222,smartphone,Mobile,Homepage,True,"['iPhone 15', 'Samsung Galaxy S24', 'Google Pixel 8']",0.68,True,iPhone 15,False
2505,9244,637290,2025-01-10 16:48:19.421222,shoes,Mobile,Category Page,False,[],2.13,False,,False
2506,8802,822429,2025-01-20 21:56:32.421222,gaming chair,Tablet,Category Page,True,"['DXRacer', 'Secretlab Titan', 'Razer Iskur']",2.12,False,,False
2507,1028,566877,2025-01-25 05:01:37.421222,mouse,Tablet,Product Page,True,"['Logitech MX Master 3', 'Razer DeathAdder', 'SteelSeries Rival 5']",1.79,True,Razer DeathAdder,False
2508,9299,482720,2025-01-22 22:39:52.421222,shoes,Tablet,Homepage,False,[],1.14,False,,False
2509,2585,291883,2025-01-24 01:43:33.421222,mouse,Desktop,Homepage,True,"['Logitech MX Master 3', 'Razer DeathAdder', 'SteelSeries Rival 5']",1.25,True,Logitech MX Master 3,False
2510,6450,589185,2025-01-24 09:55:55.421222,mouse,Mobile,Category Page,True,"['Logitech MX Master 3', 'Razer DeathAdder', 'SteelSeries Rival 5']",0.51,True,Razer DeathAdder,False
2511,6023,90501,2025-01-18 16:44:31.421222,socks,Tablet,Category Page,False,[],1.89,False,,False
2512,2236,975168,2025-02-01 17:56:06.421222,water bottle,Desktop,Product Page,False,[],0.79,False,,False
2513,6170,783677,2025-01-31 02:02:50.421222,laptop,Mobile,Product Page,True,"['Dell XPS 13', 'MacBook Air', 'HP Spectre x360']",0.36,True,MacBook Air,True
2514,2782,917124,2025-01-18 09:24:37.421222,smartphone,Desktop,Category Page,True,"['iPhone 15', 'Samsung Galaxy S24', 'Google Pixel 8']",2.58,False,,False
2515,2910,286370,2025-01-23 02:48:00.421222,phone case,Tablet,Product Page,True,"['OtterBox Defender', 'Spigen Tough Armor', 'Apple Silicone Case']",1.25,True,OtterBox Defender,False
2516,4880,981366,2025-01-22 08:44:32.421222,mouse,Mobile,Product Page,True,"['Logitech MX Master 3', 'Razer DeathAdder', 'SteelSeries Rival 5']",2.02,False,,False
2517,2343,158433,2025-01-26 04:27:10.421222,wireless earbuds,Tablet,Homepage,True,"['AirPods Pro', 'Sony WF-1000XM4', 'Bose QuietComfort Earbuds']",1.78,False,,False
2518,9743,707218,2025-01-29 13:41:02.421222,shoes,Tablet,Category Page,False,[],2.81,False,,False
2519,7348,599991,2025-01-09 02:04:31.421222,water bottle,Tablet,Category Page,False,[],3.01,False,,False
2520,5458,104776,2025-02-02 22:24:03.421222,coffee mug,Mobile,Category Page,True,"['Ceramic Mug', 'Travel Mug', 'Insulated Mug']",2.96,True,Insulated Mug,False
2521,2244,360220,2025-01-08 02:15:23.421222,dresses,Mobile,Category Page,False,[],3.06,False,,False
2522,3642,138189,2025-01-10 08:44:48.421222,gaming chair,Mobile,Product Page,True,"['DXRacer', 'Secretlab Titan', 'Razer Iskur']",0.92,True,DXRacer,False
2523,9155,137221,2025-01-11 15:42:48.421222,headphones,Desktop,Homepage,True,"['Sony WH-1000XM5', 'Bose 700', 'Sennheiser Momentum 4']",2.93,True,Sennheiser Momentum 4,False
2524,7032,732273,2025-01-13 18:23:20.421222,keyboard,Mobile,Homepage,True,"['Logitech MX Keys', 'Razer BlackWidow', 'Corsair K95']",3.46,True,Corsair K95,False
2525,5128,936392,2025-01-15 20:59:05.421222,mouse,Desktop,Product Page,True,"['Logitech MX Master 3', 'Razer DeathAdder', 'SteelSeries Rival 5']",3.41,True,SteelSeries Rival 5,False
2526,4066,566430,2025-01-17 21:49:17.421222,shoes,Tablet,Product Page,False,[],0.46,False,,False
2527,3598,859646,2025-01-12 13:41:20.421222,mouse,Desktop,Homepage,True,"['Logitech MX Master 3', 'Razer DeathAdder', 'SteelSeries Rival 5']",3.08,True,Razer DeathAdder,False
2528,9395,468312,2025-02-01 04:02:29.421222,headphones,Mobile,Product Page,True,"['Sony WH-1000XM5', 'Bose 700', 'Sennheiser Momentum 4']",0.85,False,,False
2529,4198,310347,2025-01-18 23:01:20.421222,water bottle,Mobile,Homepage,False,[],0.9,False,,False
2530,5799,103629,2025-01-17 13:50:36.421222,keyboard,Desktop,Homepage,True,"['Logitech MX Keys', 'Razer BlackWidow', 'Corsair K95']",2.15,True,Corsair K95,True
2531,5556,729443,2025-01-09 19:28:36.421222,socks,Mobile,Category Page,False,[],3.08,False,,False
2532,4520,573564,2025-01-05 19:32:43.421222,dresses,Tablet,Homepage,False,[],2.12,False,,False
2533,8280,463217,2025-01-22 18:56:59.421222,socks,Tablet,Product Page,False,[],3.44,False,,False
2534,1176,107662,2025-01-13 14:35:01.421222,phone case,Tablet,Category Page,True,"['OtterBox Defender', 'Spigen Tough Armor', 'Apple Silicone Case']",1.69,True,Apple Silicone Case,False
2535,4101,372297,2025-01-06 12:48:25.421222,mouse,Mobile,Category Page,True,"['Logitech MX Master 3', 'Razer DeathAdder', 'SteelSeries Rival 5']",0.91,True,SteelSeries Rival 5,True
2536,6691,815410,2025-01-18 00:29:41.421222,shoes,Tablet,Product Page,False,[],0.47,False,,False
2537,8738,747494,2025-01-09 22:30:49.421222,water bottle,Desktop,Product Page,False,[],3.46,False,,False
2538,6499,440480,2025-01-31 04:15:42.421222,gaming chair,Tablet,Category Page,True,"['DXRacer', 'Secretlab Titan', 'Razer Iskur']",2.74,True,Razer Iskur,False
2539,6022,281728,2025-01-14 16:42:55.421222,wireless earbuds,Desktop,Homepage,True,"['AirPods Pro', 'Sony WF-1000XM4', 'Bose QuietComfort Earbuds']",1.08,True,Bose QuietComfort Earbuds,False
2540,1518,104009,2025-01-23 00:15:22.421222,wireless earbuds,Desktop,Homepage,True,"['AirPods Pro', 'Sony WF-1000XM4', 'Bose QuietComfort Earbuds']",0.72,True,Bose QuietComfort Earbuds,True
2541,6715,88718,2025-01-15 07:43:33.421222,gaming chair,Desktop,Homepage,True,"['DXRacer', 'Secretlab Titan', 'Razer Iskur']",1.13,True,DXRacer,True
2542,7854,987698,2025-01-31 16:16:58.421222,dresses,Mobile,Homepage,False,[],0.49,False,,False
2543,3120,623074,2025-01-18 06:59:21.421222,coffee mug,Desktop,Homepage,True,"['Ceramic Mug', 'Travel Mug', 'Insulated Mug']",1.06,True,Insulated Mug,False
2544,8714,359570,2025-01-20 14:21:30.421222,water bottle,Mobile,Category Page,False,[],3.37,False,,False
2545,9655,530285,2025-01-11 19:13:51.421222,laptop,Tablet,Category Page,True,"['Dell XPS 13', 'MacBook Air', 'HP Spectre x360']",0.65,True,HP Spectre x360,False
2546,9933,114193,2025-01-21 04:20:44.421222,smartphone,Tablet,Homepage,True,"['iPhone 15', 'Samsung Galaxy S24', 'Google Pixel 8']",2.69,True,iPhone 15,False
2547,6376,154323,2025-01-10 07:29:51.421222,laptop,Mobile,Homepage,True,"['Dell XPS 13', 'MacBook Air', 'HP Spectre x360']",2.5,True,Dell XPS 13,False
2548,2674,231859,2025-01-26 09:41:08.421222,laptop,Desktop,Homepage,True,"['Dell XPS 13', 'MacBook Air', 'HP Spectre x360']",1.19,True,MacBook Air,False
2549,1781,964180,2025-01-14 16:51:27.421222,wireless earbuds,Tablet,Product Page,True,"['AirPods Pro', 'Sony WF-1000XM4', 'Bose QuietComfort Earbuds']",1.4,False,,False
2550,3742,246723,2025-02-04 00:19:38.421222,laptop,Mobile,Category Page,True,"['Dell XPS 13', 'MacBook Air', 'HP Spectre x360']",2.19,True,HP Spectre x360,False
2551,2528,464903,2025-01-14 02:13:28.421222,shoes,Mobile,Homepage,False,[],2.23,False,,False
2552,6637,407395,2025-01-16 09:25:30.421222,smartphone,Tablet,Product Page,True,"['iPhone 15', 'Samsung Galaxy S24', 'Google Pixel 8']",0.73,True,Samsung Galaxy S24,False
2553,7618,241672,2025-01-11 23:10:37.421222,socks,Tablet,Product Page,False,[],2.84,False,,False
2554,1742,737281,2025-01-11 15:06:37.421222,water bottle,Mobile,Product Page,False,[],2.96,False,,False
2555,6231,838927,2025-01-23 23:20:48.421222,coffee mug,Desktop,Product Page,True,"['Ceramic Mug', 'Travel Mug', 'Insulated Mug']",1.85,True,Ceramic Mug,False
2556,4204,138289,2025-01-11 07:46:52.421222,external hard drive,Desktop,Category Page,True,"['Seagate 2TB', 'WD My Passport', 'Samsung T7']",1.08,True,WD My Passport,False
2557,2499,360069,2025-01-26 01:35:54.421222,external hard drive,Mobile,Category Page,True,"['Seagate 2TB', 'WD My Passport', 'Samsung T7']",3.33,False,,False
2558,5694,378381,2025-01-28 17:44:10.421222,dresses,Tablet,Product Page,False,[],3.04,False,,False
2559,4127,90206,2025-01-29 16:04:11.421222,wireless earbuds,Tablet,Product Page,True,"['AirPods Pro', 'Sony WF-1000XM4', 'Bose QuietComfort Earbuds']",1.84,True,Sony WF-1000XM4,False
2560,4664,745584,2025-02-04 02:15:04.421222,wireless earbuds,Mobile,Product Page,True,"['AirPods Pro', 'Sony WF-1000XM4', 'Bose QuietComfort Earbuds']",2.8,True,AirPods Pro,False
2561,4752,907126,2025-01-10 20:45:53.421222,water bottle,Mobile,Category Page,False,[],1.45,False,,False
2562,9448,159103,2025-01-25 08:54:19.421222,smartphone,Tablet,Homepage,True,"['iPhone 15', 'Samsung Galaxy S24', 'Google Pixel 8']",0.4,True,Samsung Galaxy S24,True
2563,3035,157842,2025-01-13 21:41:21.421222,socks,Desktop,Homepage,False,[],1.59,False,,False
2564,7250,329290,2025-01-13 15:19:23.421222,headphones,Mobile,Product Page,True,"['Sony WH-1000XM5', 'Bose 700', 'Sennheiser Momentum 4']",0.31,False,,False
2565,5751,328180,2025-01-31 10:11:12.421222,gaming chair,Desktop,Category Page,True,"['DXRacer', 'Secretlab Titan', 'Razer Iskur']",0.53,False,,False
2566,1675,703427,2025-01-08 02:35:43.421222,phone case,Desktop,Product Page,True,"['OtterBox Defender', 'Spigen Tough Armor', 'Apple Silicone Case']",2.61,True,Spigen Tough Armor,False
2567,2010,203057,2025-01-29 08:30:51.421222,wireless earbuds,Desktop,Homepage,True,"['AirPods Pro', 'Sony WF-1000XM4', 'Bose QuietComfort Earbuds']",3.09,True,AirPods Pro,False
2568,5341,488655,2025-01-18 20:35:51.421222,socks,Desktop,Category Page,False,[],1.93,False,,False
2569,5913,523510,2025-01-29 08:31:31.421222,external hard drive,Tablet,Homepage,True,"['Seagate 2TB', 'WD My Passport', 'Samsung T7']",1.95,False,,False
2570,6344,173358,2025-01-16 16:35:28.421222,dresses,Tablet,Category Page,False,[],0.77,False,,False
2571,1057,618997,2025-01-16 01:33:39.421222,water bottle,Mobile,Category Page,False,[],0.8,False,,False
2572,6423,518459,2025-01-29 17:09:20.421222,headphones,Desktop,Homepage,True,"['Sony WH-1000XM5', 'Bose 700', 'Sennheiser Momentum 4']",1.18,False,,False
2573,1839,366469,2025-01-06 07:47:52.421222,external hard drive,Tablet,Homepage,True,"['Seagate 2TB', 'WD My Passport', 'Samsung T7']",1.31,True,WD My Passport,False
2574,8370,563705,2025-01-23 21:52:07.421222,wireless earbuds,Desktop,Homepage,True,"['AirPods Pro', 'Sony WF-1000XM4', 'Bose QuietComfort Earbuds']",0.33,True,Bose QuietComfort Earbuds,False
2575,8540,519435,2025-01-13 08:25:55.421222,water bottle,Mobile,Product Page,False,[],1.72,False,,False
2576,5564,968508,2025-01-17 07:27:46.421222,water bottle,Tablet,Category Page,False,[],0.69,False,,False
2577,6624,650514,2025-01-30 11:59:11.421222,headphones,Tablet,Homepage,True,"['Sony WH-1000XM5', 'Bose 700', 'Sennheiser Momentum 4']",1.76,False,,False
2578,7496,787107,2025-01-17 20:39:46.421222,gaming chair,Desktop,Product Page,True,"['DXRacer', 'Secretlab Titan', 'Razer Iskur']",0.94,True,Secretlab Titan,False
2579,7941,839863,2025-01-09 19:52:24.421222,headphones,Mobile,Homepage,True,"['Sony WH-1000XM5', 'Bose 700', 'Sennheiser Momentum 4']",0.64,True,Bose 700,False
2580,4595,93842,2025-01-19 06:13:30.421222,wireless earbuds,Mobile,Homepage,True,"['AirPods Pro', 'Sony WF-1000XM4', 'Bose QuietComfort Earbuds']",3.24,True,AirPods Pro,False
2581,4869,156640,2025-01-19 06:21:11.421222,gaming chair,Tablet,Product Page,True,"['DXRacer', 'Secretlab Titan', 'Razer Iskur']",3.3,True,Razer Iskur,False
2582,4762,478064,2025-01-16 06:41:37.421222,external hard drive,Tablet,Category Page,True,"['Seagate 2TB', 'WD My Passport', 'Samsung T7']",2.68,False,,False
2583,5339,632662,2025-01-28 16:33:20.421222,wireless earbuds,Mobile,Category Page,True,"['AirPods Pro', 'Sony WF-1000XM4', 'Bose QuietComfort Earbuds']",2.63,True,AirPods Pro,False
2584,2328,823259,2025-01-22 16:14:23.421222,smartphone,Desktop,Product Page,True,"['iPhone 15', 'Samsung Galaxy S24', 'Google Pixel 8']",2.34,True,iPhone 15,True
2585,5084,879705,2025-01-08 06:59:52.421222,mouse,Mobile,Homepage,True,"['Logitech MX Master 3', 'Razer DeathAdder', 'SteelSeries Rival 5']",3.23,False,,False
2586,1771,171033,2025-01-07 01:05:05.421222,coffee mug,Tablet,Homepage,True,"['Ceramic Mug', 'Travel Mug', 'Insulated Mug']",2.46,True,Insulated Mug,False
2587,6399,976661,2025-01-11 21:46:29.421222,gaming chair,Desktop,Product Page,True,"['DXRacer', 'Secretlab Titan', 'Razer Iskur']",3.2,False,,False
2588,7660,169011,2025-01-22 06:29:40.421222,laptop,Tablet,Homepage,True,"['Dell XPS 13', 'MacBook Air', 'HP Spectre x360']",1.88,False,,False
2589,5914,750884,2025-01-18 07:18:29.421222,dresses,Mobile,Homepage,False,[],0.99,False,,False
2590,9459,843732,2025-01-09 22:59:21.421222,dresses,Desktop,Category Page,False,[],0.82,False,,False
2591,9251,803371,2025-02-04 05:56:12.421222,phone case,Desktop,Homepage,True,"['OtterBox Defender', 'Spigen Tough Armor', 'Apple Silicone Case']",1.99,True,Spigen Tough Armor,False
2592,1631,405218,2025-01-11 22:11:01.421222,shoes,Desktop,Category Page,False,[],1.08,False,,False
2593,9252,510475,2025-02-03 09:58:36.421222,external hard drive,Desktop,Product Page,True,"['Seagate 2TB', 'WD My Passport', 'Samsung T7']",1.07,True,WD My Passport,False
2594,1867,507131,2025-01-16 16:29:21.421222,external hard drive,Mobile,Homepage,True,"['Seagate 2TB', 'WD My Passport', 'Samsung T7']",0.54,True,WD My Passport,True
2595,6460,496398,2025-01-11 00:31:05.421222,coffee mug,Tablet,Product Page,True,"['Ceramic Mug', 'Travel Mug', 'Insulated Mug']",1.37,False,,False
2596,1681,80270,2025-01-15 11:34:34.421222,mouse,Mobile,Product Page,True,"['Logitech MX Master 3', 'Razer DeathAdder', 'SteelSeries Rival 5']",3.4,False,,False
2597,1642,975801,2025-01-12 16:33:17.421222,shoes,Mobile,Category Page,False,[],2.61,False,,False
2598,8129,598187,2025-01-20 00:00:46.421222,dresses,Mobile,Homepage,False,[],3.41,False,,False
2599,3224,477119,2025-01-21 20:59:39.421222,laptop,Desktop,Homepage,True,"['Dell XPS 13', 'MacBook Air', 'HP Spectre x360']",2.92,True,HP Spectre x360,False
2600,1040,847691,2025-01-18 14:19:33.421222,smartphone,Tablet,Homepage,True,"['iPhone 15', 'Samsung Galaxy S24', 'Google Pixel 8']",2.0,False,,False
2601,3282,415318,2025-01-21 09:18:23.421222,keyboard,Tablet,Homepage,True,"['Logitech MX Keys', 'Razer BlackWidow', 'Corsair K95']",1.6,False,,False
2602,2349,460462,2025-01-17 09:45:59.421222,coffee mug,Desktop,Category Page,True,"['Ceramic Mug', 'Travel Mug', 'Insulated Mug']",1.87,True,Ceramic Mug,False
2603,1594,914246,2025-01-30 09:45:38.421222,headphones,Desktop,Homepage,True,"['Sony WH-1000XM5', 'Bose 700', 'Sennheiser Momentum 4']",2.32,True,Bose 700,True
2604,1731,662521,2025-02-02 18:18:59.421222,phone case,Tablet,Product Page,True,"['OtterBox Defender', 'Spigen Tough Armor', 'Apple Silicone Case']",2.3,True,Apple Silicone Case,False
2605,4333,989593,2025-01-19 07:20:12.421222,socks,Desktop,Product Page,False,[],2.15,False,,False
2606,2856,358720,2025-01-17 07:28:01.421222,headphones,Desktop,Homepage,True,"['Sony WH-1000XM5', 'Bose 700', 'Sennheiser Momentum 4']",2.3,False,,False
2607,6925,770157,2025-01-10 06:44:38.421222,water bottle,Desktop,Product Page,False,[],0.45,False,,False
2608,9125,714944,2025-01-14 20:12:01.421222,smartphone,Desktop,Category Page,True,"['iPhone 15', 'Samsung Galaxy S24', 'Google Pixel 8']",3.45,True,Samsung Galaxy S24,False
2609,9223,505684,2025-02-01 22:04:15.421222,wireless earbuds,Desktop,Category Page,True,"['AirPods Pro', 'Sony WF-1000XM4', 'Bose QuietComfort Earbuds']",2.89,True,Bose QuietComfort Earbuds,False
2610,8065,343397,2025-01-19 00:09:55.421222,keyboard,Tablet,Homepage,True,"['Logitech MX Keys', 'Razer BlackWidow', 'Corsair K95']",3.03,False,,False
2611,8391,754204,2025-01-15 00:55:44.421222,keyboard,Mobile,Category Page,True,"['Logitech MX Keys', 'Razer BlackWidow', 'Corsair K95']",1.61,True,Corsair K95,False
2612,5542,677611,2025-02-03 23:28:46.421222,water bottle,Mobile,Category Page,False,[],0.65,False,,False
2613,6634,285626,2025-01-19 05:21:50.421222,gaming chair,Tablet,Product Page,True,"['DXRacer', 'Secretlab Titan', 'Razer Iskur']",2.83,True,DXRacer,False
2614,7020,708112,2025-01-08 05:22:01.421222,mouse,Tablet,Product Page,True,"['Logitech MX Master 3', 'Razer DeathAdder', 'SteelSeries Rival 5']",0.31,True,Logitech MX Master 3,False
2615,7336,424169,2025-01-20 03:30:43.421222,wireless earbuds,Mobile,Category Page,True,"['AirPods Pro', 'Sony WF-1000XM4', 'Bose QuietComfort Earbuds']",2.74,True,AirPods Pro,False
2616,5820,550304,2025-01-23 21:45:35.421222,wireless earbuds,Desktop,Product Page,True,"['AirPods Pro', 'Sony WF-1000XM4', 'Bose QuietComfort Earbuds']",3.44,True,Bose QuietComfort Earbuds,False
2617,1587,62099,2025-01-31 21:55:07.421222,smartphone,Tablet,Product Page,True,"['iPhone 15', 'Samsung Galaxy S24', 'Google Pixel 8']",0.96,True,Google Pixel 8,False
2618,6950,395710,2025-01-20 19:32:32.421222,smartphone,Tablet,Category Page,True,"['iPhone 15', 'Samsung Galaxy S24', 'Google Pixel 8']",1.56,True,Samsung Galaxy S24,False
2619,9880,487733,2025-02-01 15:40:04.421222,keyboard,Tablet,Category Page,True,"['Logitech MX Keys', 'Razer BlackWidow', 'Corsair K95']",3.05,False,,False
2620,6945,846014,2025-01-16 14:50:57.421222,water bottle,Mobile,Homepage,False,[],1.47,False,,False
2621,3094,509089,2025-01-19 04:37:58.421222,smartphone,Desktop,Product Page,True,"['iPhone 15', 'Samsung Galaxy S24', 'Google Pixel 8']",1.79,True,Google Pixel 8,False
2622,5514,878676,2025-01-31 03:21:28.421222,wireless earbuds,Tablet,Homepage,True,"['AirPods Pro', 'Sony WF-1000XM4', 'Bose QuietComfort Earbuds']",0.73,True,Bose QuietComfort Earbuds,False
2623,3114,844592,2025-01-31 05:08:18.421222,mouse,Desktop,Product Page,True,"['Logitech MX Master 3', 'Razer DeathAdder', 'SteelSeries Rival 5']",1.85,True,Razer DeathAdder,False
2624,4898,250351,2025-01-22 19:30:10.421222,gaming chair,Mobile,Category Page,True,"['DXRacer', 'Secretlab Titan', 'Razer Iskur']",1.1,True,Razer Iskur,False
2625,2913,723653,2025-01-27 18:25:32.421222,water bottle,Tablet,Category Page,False,[],1.38,False,,False
2626,2251,272214,2025-01-23 23:48:11.421222,headphones,Tablet,Homepage,True,"['Sony WH-1000XM5', 'Bose 700', 'Sennheiser Momentum 4']",2.52,True,Bose 700,False
2627,8295,324029,2025-01-28 06:15:03.421222,dresses,Desktop,Homepage,False,[],2.91,False,,False
2628,4017,369996,2025-01-23 00:50:56.421222,water bottle,Desktop,Homepage,False,[],1.36,False,,False
2629,9877,437002,2025-01-25 00:27:46.421222,socks,Mobile,Category Page,False,[],3.36,False,,False
2630,1873,864141,2025-01-06 16:47:38.421222,shoes,Mobile,Category Page,False,[],3.36,False,,False
2631,7961,176000,2025-01-28 03:48:12.421222,socks,Tablet,Product Page,False,[],2.12,False,,False
2632,9864,74191,2025-01-21 09:47:26.421222,wireless earbuds,Desktop,Homepage,True,"['AirPods Pro', 'Sony WF-1000XM4', 'Bose QuietComfort Earbuds']",1.95,True,Sony WF-1000XM4,False
2633,3768,885761,2025-01-05 14:30:08.421222,laptop,Mobile,Product Page,True,"['Dell XPS 13', 'MacBook Air', 'HP Spectre x360']",3.04,True,MacBook Air,False
2634,8351,931824,2025-02-04 00:47:45.421222,coffee mug,Tablet,Product Page,True,"['Ceramic Mug', 'Travel Mug', 'Insulated Mug']",3.39,True,Insulated Mug,False
2635,9142,148328,2025-01-25 11:11:43.421222,smartphone,Tablet,Homepage,True,"['iPhone 15', 'Samsung Galaxy S24', 'Google Pixel 8']",1.99,True,Google Pixel 8,False
2636,3959,301696,2025-01-23 22:34:04.421222,dresses,Desktop,Product Page,False,[],0.83,False,,False
2637,9914,833897,2025-01-09 18:39:50.421222,laptop,Mobile,Homepage,True,"['Dell XPS 13', 'MacBook Air', 'HP Spectre x360']",2.48,True,Dell XPS 13,False
2638,6598,241006,2025-01-28 06:13:27.421222,wireless earbuds,Tablet,Homepage,True,"['AirPods Pro', 'Sony WF-1000XM4', 'Bose QuietComfort Earbuds']",1.44,True,AirPods Pro,True
2639,2442,555478,2025-01-23 08:43:41.421222,external hard drive,Desktop,Product Page,True,"['Seagate 2TB', 'WD My Passport', 'Samsung T7']",0.9,True,WD My Passport,False
2640,9923,358989,2025-01-25 02:33:19.421222,dresses,Tablet,Homepage,False,[],0.5,False,,False
2641,6486,841942,2025-01-29 12:58:09.421222,coffee mug,Tablet,Category Page,True,"['Ceramic Mug', 'Travel Mug', 'Insulated Mug']",1.31,True,Travel Mug,False
2642,3899,791923,2025-01-07 18:26:38.421222,phone case,Mobile,Homepage,True,"['OtterBox Defender', 'Spigen Tough Armor', 'Apple Silicone Case']",1.75,False,,False
2643,8367,833329,2025-01-16 00:45:23.421222,gaming chair,Tablet,Product Page,True,"['DXRacer', 'Secretlab Titan', 'Razer Iskur']",1.51,True,Razer Iskur,False
2644,8480,655342,2025-02-02 08:55:10.421222,mouse,Mobile,Homepage,True,"['Logitech MX Master 3', 'Razer DeathAdder', 'SteelSeries Rival 5']",1.71,False,,False
2645,8655,639886,2025-01-15 01:08:20.421222,water bottle,Desktop,Product Page,False,[],1.0,False,,False
2646,5191,770290,2025-01-15 18:10:59.421222,dresses,Mobile,Category Page,False,[],1.94,False,,False
2647,3853,607510,2025-01-09 18:26:51.421222,external hard drive,Desktop,Homepage,True,"['Seagate 2TB', 'WD My Passport', 'Samsung T7']",1.97,True,Seagate 2TB,False
2648,5825,106592,2025-01-17 07:36:11.421222,mouse,Tablet,Product Page,True,"['Logitech MX Master 3', 'Razer DeathAdder', 'SteelSeries Rival 5']",3.39,True,Logitech MX Master 3,True
2649,5188,342837,2025-01-24 07:43:47.421222,dresses,Desktop,Product Page,False,[],2.58,False,,False
2650,6809,694501,2025-02-04 09:23:03.421222,socks,Tablet,Homepage,False,[],0.86,False,,False
2651,4275,921095,2025-01-29 01:23:34.421222,gaming chair,Mobile,Category Page,True,"['DXRacer', 'Secretlab Titan', 'Razer Iskur']",2.25,False,,False
2652,5182,889319,2025-02-01 23:01:29.421222,water bottle,Desktop,Product Page,False,[],2.72,False,,False
2653,6858,627271,2025-01-07 06:27:51.421222,gaming chair,Desktop,Product Page,True,"['DXRacer', 'Secretlab Titan', 'Razer Iskur']",1.8,True,DXRacer,False
2654,2631,389459,2025-02-02 06:31:47.421222,water bottle,Mobile,Product Page,False,[],2.21,False,,False
2655,9843,447510,2025-01-13 01:37:30.421222,wireless earbuds,Tablet,Category Page,True,"['AirPods Pro', 'Sony WF-1000XM4', 'Bose QuietComfort Earbuds']",2.7,True,Sony WF-1000XM4,False
2656,5690,334404,2025-01-29 19:56:40.421222,coffee mug,Mobile,Product Page,True,"['Ceramic Mug', 'Travel Mug', 'Insulated Mug']",3.14,True,Insulated Mug,True
2657,6795,361893,2025-01-10 00:47:34.421222,phone case,Tablet,Category Page,True,"['OtterBox Defender', 'Spigen Tough Armor', 'Apple Silicone Case']",0.71,True,Spigen Tough Armor,False
2658,8297,365218,2025-01-16 09:24:49.421222,external hard drive,Tablet,Product Page,True,"['Seagate 2TB', 'WD My Passport', 'Samsung T7']",1.0,True,WD My Passport,False
2659,8490,402011,2025-01-29 00:29:26.421222,external hard drive,Desktop,Homepage,True,"['Seagate 2TB', 'WD My Passport', 'Samsung T7']",0.73,True,Samsung T7,False
2660,3587,103247,2025-02-03 20:49:03.421222,gaming chair,Desktop,Product Page,True,"['DXRacer', 'Secretlab Titan', 'Razer Iskur']",1.08,True,Secretlab Titan,True
2661,2975,949926,2025-01-06 06:04:25.421222,shoes,Tablet,Category Page,False,[],0.61,False,,False
2662,4767,814623,2025-01-30 09:48:27.421222,dresses,Desktop,Category Page,False,[],1.37,False,,False
2663,1819,879839,2025-01-19 05:10:13.421222,gaming chair,Desktop,Category Page,True,"['DXRacer', 'Secretlab Titan', 'Razer Iskur']",1.98,True,DXRacer,False
2664,9906,228513,2025-01-13 11:35:42.421222,coffee mug,Mobile,Category Page,True,"['Ceramic Mug', 'Travel Mug', 'Insulated Mug']",1.49,True,Travel Mug,False
2665,9030,472275,2025-01-07 13:41:43.421222,shoes,Tablet,Homepage,False,[],1.44,False,,False
2666,9342,864231,2025-02-04 02:01:57.421222,phone case,Mobile,Category Page,True,"['OtterBox Defender', 'Spigen Tough Armor', 'Apple Silicone Case']",1.19,True,OtterBox Defender,True
2667,4044,197047,2025-01-17 04:19:58.421222,coffee mug,Desktop,Category Page,True,"['Ceramic Mug', 'Travel Mug', 'Insulated Mug']",1.84,False,,False
2668,6604,730759,2025-01-24 06:09:47.421222,phone case,Tablet,Homepage,True,"['OtterBox Defender', 'Spigen Tough Armor', 'Apple Silicone Case']",1.06,True,Apple Silicone Case,False
2669,1504,895423,2025-01-20 10:12:21.421222,coffee mug,Mobile,Homepage,True,"['Ceramic Mug', 'Travel Mug', 'Insulated Mug']",2.68,False,,False
2670,1192,834030,2025-02-01 23:30:01.421222,water bottle,Tablet,Product Page,False,[],1.75,False,,False
2671,6008,193174,2025-01-21 01:34:45.421222,water bottle,Mobile,Product Page,False,[],3.46,False,,False
2672,4681,722761,2025-02-04 09:41:54.421222,smartphone,Desktop,Category Page,True,"['iPhone 15', 'Samsung Galaxy S24', 'Google Pixel 8']",0.33,True,Samsung Galaxy S24,False
2673,3652,691546,2025-02-03 01:17:11.421222,coffee mug,Tablet,Homepage,True,"['Ceramic Mug', 'Travel Mug', 'Insulated Mug']",2.34,True,Insulated Mug,False
2674,3314,78748,2025-01-11 07:45:50.421222,mouse,Desktop,Product Page,True,"['Logitech MX Master 3', 'Razer DeathAdder', 'SteelSeries Rival 5']",2.02,True,Razer DeathAdder,False
2675,9475,288375,2025-01-27 10:58:18.421222,coffee mug,Desktop,Homepage,True,"['Ceramic Mug', 'Travel Mug', 'Insulated Mug']",3.15,True,Insulated Mug,False
2676,2145,285697,2025-01-08 11:46:55.421222,dresses,Mobile,Product Page,False,[],1.51,False,,False
2677,8353,660586,2025-02-04 08:42:52.421222,keyboard,Desktop,Homepage,True,"['Logitech MX Keys', 'Razer BlackWidow', 'Corsair K95']",0.27,True,Corsair K95,False
2678,5712,562804,2025-02-01 18:56:09.421222,phone case,Tablet,Homepage,True,"['OtterBox Defender', 'Spigen Tough Armor', 'Apple Silicone Case']",3.42,False,,False
2679,3921,892291,2025-01-22 05:35:04.421222,shoes,Desktop,Product Page,False,[],0.35,False,,False
2680,9452,165606,2025-01-09 22:56:03.421222,smartphone,Desktop,Homepage,True,"['iPhone 15', 'Samsung Galaxy S24', 'Google Pixel 8']",2.05,True,iPhone 15,False
2681,2413,254469,2025-01-18 23:54:13.421222,smartphone,Desktop,Category Page,True,"['iPhone 15', 'Samsung Galaxy S24', 'Google Pixel 8']",1.18,False,,False
2682,2118,146527,2025-01-29 11:03:58.421222,socks,Mobile,Category Page,False,[],2.29,False,,False
2683,9932,575811,2025-01-18 07:41:11.421222,keyboard,Desktop,Homepage,True,"['Logitech MX Keys', 'Razer BlackWidow', 'Corsair K95']",2.74,True,Razer BlackWidow,False
2684,8407,715188,2025-01-14 04:39:17.421222,laptop,Mobile,Homepage,True,"['Dell XPS 13', 'MacBook Air', 'HP Spectre x360']",0.51,True,MacBook Air,False
2685,1282,314160,2025-01-08 19:13:08.421222,smartphone,Mobile,Category Page,True,"['iPhone 15', 'Samsung Galaxy S24', 'Google Pixel 8']",0.73,True,Samsung Galaxy S24,False
2686,3806,722163,2025-01-15 12:12:08.421222,gaming chair,Mobile,Product Page,True,"['DXRacer', 'Secretlab Titan', 'Razer Iskur']",2.27,True,Secretlab Titan,False
2687,8754,120860,2025-01-13 04:32:12.421222,external hard drive,Tablet,Product Page,True,"['Seagate 2TB', 'WD My Passport', 'Samsung T7']",1.51,True,WD My Passport,True
2688,4160,637797,2025-01-11 09:40:12.421222,water bottle,Desktop,Category Page,False,[],1.12,False,,False
2689,3766,618595,2025-01-23 06:16:52.421222,socks,Tablet,Product Page,False,[],0.87,False,,False
2690,3079,111578,2025-01-29 12:40:35.421222,laptop,Desktop,Homepage,True,"['Dell XPS 13', 'MacBook Air', 'HP Spectre x360']",0.75,True,MacBook Air,False
2691,2323,498579,2025-01-22 18:45:53.421222,laptop,Mobile,Product Page,True,"['Dell XPS 13', 'MacBook Air', 'HP Spectre x360']",2.61,True,HP Spectre x360,False
2692,9926,341608,2025-01-24 17:42:37.421222,wireless earbuds,Tablet,Category Page,True,"['AirPods Pro', 'Sony WF-1000XM4', 'Bose QuietComfort Earbuds']",3.07,True,Bose QuietComfort Earbuds,True
2693,6647,519021,2025-02-04 03:48:05.421222,phone case,Mobile,Homepage,True,"['OtterBox Defender', 'Spigen Tough Armor', 'Apple Silicone Case']",2.76,True,Apple Silicone Case,False
2694,7484,995095,2025-01-26 01:14:36.421222,gaming chair,Tablet,Category Page,True,"['DXRacer', 'Secretlab Titan', 'Razer Iskur']",3.31,True,Secretlab Titan,False
2695,6221,198813,2025-01-30 10:31:01.421222,wireless earbuds,Tablet,Product Page,True,"['AirPods Pro', 'Sony WF-1000XM4', 'Bose QuietComfort Earbuds']",0.62,True,Bose QuietComfort Earbuds,False
2696,3687,126545,2025-02-02 07:43:52.421222,coffee mug,Tablet,Homepage,True,"['Ceramic Mug', 'Travel Mug', 'Insulated Mug']",3.45,False,,False
2697,7957,684198,2025-02-03 17:24:18.421222,coffee mug,Mobile,Product Page,True,"['Ceramic Mug', 'Travel Mug', 'Insulated Mug']",1.59,True,Insulated Mug,False
2698,3854,148534,2025-01-10 15:02:36.421222,headphones,Tablet,Homepage,True,"['Sony WH-1000XM5', 'Bose 700', 'Sennheiser Momentum 4']",2.76,False,,False
2699,8428,823123,2025-01-08 20:39:59.421222,mouse,Mobile,Category Page,True,"['Logitech MX Master 3', 'Razer DeathAdder', 'SteelSeries Rival 5']",2.08,True,Logitech MX Master 3,True
2700,9931,530508,2025-01-28 06:12:41.421222,water bottle,Desktop,Product Page,False,[],3.45,False,,False
2701,8966,340787,2025-01-16 02:48:04.421222,wireless earbuds,Desktop,Product Page,True,"['AirPods Pro', 'Sony WF-1000XM4', 'Bose QuietComfort Earbuds']",3.07,True,Bose QuietComfort Earbuds,False
2702,9088,962304,2025-01-15 23:21:02.421222,keyboard,Tablet,Homepage,True,"['Logitech MX Keys', 'Razer BlackWidow', 'Corsair K95']",2.07,False,,False
2703,1103,389072,2025-01-14 12:21:53.421222,smartphone,Desktop,Homepage,True,"['iPhone 15', 'Samsung Galaxy S24', 'Google Pixel 8']",2.86,True,iPhone 15,True
2704,4961,658994,2025-01-16 00:20:23.421222,headphones,Tablet,Homepage,True,"['Sony WH-1000XM5', 'Bose 700', 'Sennheiser Momentum 4']",3.31,True,Bose 700,False
2705,1424,402579,2025-01-15 08:38:56.421222,socks,Mobile,Category Page,False,[],2.08,False,,False
2706,9855,246623,2025-01-13 06:13:33.421222,keyboard,Mobile,Product Page,True,"['Logitech MX Keys', 'Razer BlackWidow', 'Corsair K95']",2.77,True,Razer BlackWidow,False
2707,6463,223428,2025-01-17 07:23:50.421222,dresses,Desktop,Homepage,False,[],3.12,False,,False
2708,1329,861730,2025-01-08 18:46:25.421222,laptop,Mobile,Category Page,True,"['Dell XPS 13', 'MacBook Air', 'HP Spectre x360']",1.47,True,Dell XPS 13,False
2709,7972,629018,2025-02-02 02:41:01.421222,phone case,Tablet,Product Page,True,"['OtterBox Defender', 'Spigen Tough Armor', 'Apple Silicone Case']",1.03,True,Apple Silicone Case,False
2710,5046,75924,2025-01-19 15:50:23.421222,external hard drive,Tablet,Homepage,True,"['Seagate 2TB', 'WD My Passport', 'Samsung T7']",0.68,False,,False
2711,3744,218275,2025-01-25 05:28:15.421222,keyboard,Mobile,Category Page,True,"['Logitech MX Keys', 'Razer BlackWidow', 'Corsair K95']",2.44,False,,False
2712,1199,412198,2025-01-22 08:12:33.421222,laptop,Mobile,Product Page,True,"['Dell XPS 13', 'MacBook Air', 'HP Spectre x360']",2.08,True,HP Spectre x360,False
2713,9648,116722,2025-01-18 18:24:18.421222,coffee mug,Desktop,Product Page,True,"['Ceramic Mug', 'Travel Mug', 'Insulated Mug']",2.0,True,Insulated Mug,False
2714,1598,136082,2025-01-12 03:24:13.421222,external hard drive,Tablet,Product Page,True,"['Seagate 2TB', 'WD My Passport', 'Samsung T7']",1.86,True,WD My Passport,False
2715,9313,289661,2025-02-03 03:10:37.421222,smartphone,Tablet,Category Page,True,"['iPhone 15', 'Samsung Galaxy S24', 'Google Pixel 8']",3.3,True,Google Pixel 8,False
2716,5606,128117,2025-01-06 10:59:39.421222,coffee mug,Mobile,Homepage,True,"['Ceramic Mug', 'Travel Mug', 'Insulated Mug']",2.9,True,Insulated Mug,False
2717,2794,627090,2025-01-13 17:37:24.421222,laptop,Desktop,Category Page,True,"['Dell XPS 13', 'MacBook Air', 'HP Spectre x360']",0.79,True,MacBook Air,False
2718,6580,584105,2025-02-04 06:48:33.421222,water bottle,Mobile,Product Page,False,[],2.51,False,,False
2719,8178,244478,2025-01-06 11:48:09.421222,keyboard,Tablet,Category Page,True,"['Logitech MX Keys', 'Razer BlackWidow', 'Corsair K95']",1.61,False,,False
2720,6431,583601,2025-01-10 03:54:04.421222,headphones,Tablet,Homepage,True,"['Sony WH-1000XM5', 'Bose 700', 'Sennheiser Momentum 4']",3.0,True,Bose 700,True
2721,4506,316216,2025-01-18 02:55:13.421222,smartphone,Tablet,Product Page,True,"['iPhone 15', 'Samsung Galaxy S24', 'Google Pixel 8']",0.9,True,Samsung Galaxy S24,True
2722,5911,547331,2025-01-21 04:22:12.421222,smartphone,Mobile,Product Page,True,"['iPhone 15', 'Samsung Galaxy S24', 'Google Pixel 8']",2.28,True,Samsung Galaxy S24,False
2723,6138,348984,2025-02-03 10:35:03.421222,socks,Desktop,Category Page,False,[],2.53,False,,False
2724,8754,682350,2025-02-02 11:17:36.421222,shoes,Tablet,Product Page,False,[],1.78,False,,False
2725,3402,802602,2025-01-28 09:45:05.421222,socks,Tablet,Homepage,False,[],0.9,False,,False
2726,5613,634200,2025-01-15 18:23:35.421222,shoes,Tablet,Homepage,False,[],1.95,False,,False
2727,5964,121098,2025-01-28 21:35:49.421222,socks,Tablet,Homepage,False,[],1.45,False,,False
2728,1907,237794,2025-01-22 07:53:43.421222,keyboard,Tablet,Category Page,True,"['Logitech MX Keys', 'Razer BlackWidow', 'Corsair K95']",1.21,True,Corsair K95,False
2729,1606,656457,2025-01-29 10:11:13.421222,keyboard,Tablet,Homepage,True,"['Logitech MX Keys', 'Razer BlackWidow', 'Corsair K95']",1.54,True,Logitech MX Keys,True
2730,4602,974586,2025-01-12 12:48:45.421222,dresses,Tablet,Homepage,False,[],2.47,False,,False
2731,3361,649489,2025-02-04 06:25:11.421222,coffee mug,Mobile,Category Page,True,"['Ceramic Mug', 'Travel Mug', 'Insulated Mug']",0.42,True,Insulated Mug,False
2732,7071,692857,2025-01-07 17:37:53.421222,smartphone,Desktop,Product Page,True,"['iPhone 15', 'Samsung Galaxy S24', 'Google Pixel 8']",2.81,True,iPhone 15,False
2733,2181,617519,2025-01-20 21:36:23.421222,shoes,Mobile,Product Page,False,[],1.54,False,,False
2734,1140,322220,2025-01-06 00:31:29.421222,shoes,Tablet,Homepage,False,[],1.12,False,,False
2735,2944,53855,2025-01-10 22:55:54.421222,coffee mug,Tablet,Homepage,True,"['Ceramic Mug', 'Travel Mug', 'Insulated Mug']",2.17,True,Insulated Mug,False
2736,2511,431141,2025-01-06 19:34:39.421222,mouse,Mobile,Homepage,True,"['Logitech MX Master 3', 'Razer DeathAdder', 'SteelSeries Rival 5']",2.84,True,SteelSeries Rival 5,False
2737,6534,160008,2025-01-09 12:44:36.421222,coffee mug,Tablet,Product Page,True,"['Ceramic Mug', 'Travel Mug', 'Insulated Mug']",2.28,True,Ceramic Mug,False
2738,4507,315129,2025-01-24 17:23:19.421222,laptop,Desktop,Product Page,True,"['Dell XPS 13', 'MacBook Air', 'HP Spectre x360']",2.27,False,,False
2739,6407,274668,2025-01-15 00:45:45.421222,external hard drive,Tablet,Product Page,True,"['Seagate 2TB', 'WD My Passport', 'Samsung T7']",1.73,True,Samsung T7,False
2740,3158,493418,2025-01-31 16:36:02.421222,phone case,Tablet,Homepage,True,"['OtterBox Defender', 'Spigen Tough Armor', 'Apple Silicone Case']",1.89,True,Apple Silicone Case,False
2741,1995,622928,2025-02-04 07:46:55.421222,water bottle,Mobile,Product Page,False,[],2.25,False,,False
2742,3239,191035,2025-01-08 21:33:23.421222,headphones,Tablet,Product Page,True,"['Sony WH-1000XM5', 'Bose 700', 'Sennheiser Momentum 4']",0.36,True,Bose 700,False
2743,4794,691696,2025-01-27 17:11:39.421222,external hard drive,Tablet,Product Page,True,"['Seagate 2TB', 'WD My Passport', 'Samsung T7']",3.14,True,Seagate 2TB,False
2744,5152,151799,2025-01-12 12:05:02.421222,socks,Mobile,Category Page,False,[],0.85,False,,False
2745,5559,302427,2025-01-12 14:31:36.421222,laptop,Mobile,Category Page,True,"['Dell XPS 13', 'MacBook Air', 'HP Spectre x360']",0.3,True,MacBook Air,False
2746,3831,441986,2025-01-08 06:20:47.421222,phone case,Desktop,Homepage,True,"['OtterBox Defender', 'Spigen Tough Armor', 'Apple Silicone Case']",2.38,True,OtterBox Defender,False
2747,2936,465776,2025-02-04 02:31:38.421222,water bottle,Tablet,Homepage,False,[],3.39,False,,False
2748,2075,740674,2025-01-24 08:42:53.421222,dresses,Desktop,Product Page,False,[],0.41,False,,False
2749,5117,300686,2025-01-06 05:16:46.421222,gaming chair,Desktop,Homepage,True,"['DXRacer', 'Secretlab Titan', 'Razer Iskur']",2.45,True,Razer Iskur,False
2750,1535,112508,2025-01-31 21:06:51.421222,headphones,Tablet,Homepage,True,"['Sony WH-1000XM5', 'Bose 700', 'Sennheiser Momentum 4']",1.18,False,,False
2751,2498,526378,2025-01-13 22:09:04.421222,keyboard,Mobile,Product Page,True,"['Logitech MX Keys', 'Razer BlackWidow', 'Corsair K95']",3.15,True,Corsair K95,False
2752,8103,176575,2025-01-18 02:05:58.421222,dresses,Mobile,Category Page,False,[],1.93,False,,False
2753,5189,560897,2025-01-27 21:46:46.421222,keyboard,Mobile,Homepage,True,"['Logitech MX Keys', 'Razer BlackWidow', 'Corsair K95']",2.44,False,,False
2754,2453,881880,2025-01-13 17:58:00.421222,laptop,Mobile,Product Page,True,"['Dell XPS 13', 'MacBook Air', 'HP Spectre x360']",1.49,True,HP Spectre x360,False
2755,9721,197362,2025-01-19 19:44:04.421222,external hard drive,Desktop,Category Page,True,"['Seagate 2TB', 'WD My Passport', 'Samsung T7']",1.22,True,Seagate 2TB,False
2756,7782,377033,2025-01-12 21:21:28.421222,dresses,Desktop,Category Page,False,[],1.91,False,,False
2757,7537,216885,2025-02-04 03:07:20.421222,keyboard,Mobile,Homepage,True,"['Logitech MX Keys', 'Razer BlackWidow', 'Corsair K95']",3.17,True,Razer BlackWidow,False
2758,1239,302278,2025-01-11 12:03:45.421222,gaming chair,Mobile,Product Page,True,"['DXRacer', 'Secretlab Titan', 'Razer Iskur']",1.78,True,Razer Iskur,True
2759,8579,904064,2025-01-15 18:41:09.421222,gaming chair,Mobile,Product Page,True,"['DXRacer', 'Secretlab Titan', 'Razer Iskur']",2.21,True,Secretlab Titan,False
2760,6782,696354,2025-02-03 08:57:11.421222,laptop,Tablet,Category Page,True,"['Dell XPS 13', 'MacBook Air', 'HP Spectre x360']",2.12,False,,False
2761,8354,706098,2025-01-21 01:22:48.421222,smartphone,Desktop,Product Page,True,"['iPhone 15', 'Samsung Galaxy S24', 'Google Pixel 8']",0.54,True,Samsung Galaxy S24,True
2762,5937,271685,2025-01-15 22:07:08.421222,shoes,Mobile,Product Page,False,[],1.65,False,,False
2763,8728,910314,2025-01-13 03:13:24.421222,dresses,Desktop,Category Page,False,[],0.79,False,,False
2764,5118,983667,2025-01-16 10:15:55.421222,smartphone,Mobile,Homepage,True,"['iPhone 15', 'Samsung Galaxy S24', 'Google Pixel 8']",0.3,True,Samsung Galaxy S24,False
2765,9910,982219,2025-01-13 06:13:52.421222,smartphone,Tablet,Category Page,True,"['iPhone 15', 'Samsung Galaxy S24', 'Google Pixel 8']",3.08,True,Samsung Galaxy S24,False
2766,3154,53075,2025-01-25 06:13:00.421222,laptop,Mobile,Product Page,True,"['Dell XPS 13', 'MacBook Air', 'HP Spectre x360']",2.14,True,HP Spectre x360,False
2767,3265,513366,2025-01-09 22:00:46.421222,keyboard,Tablet,Category Page,True,"['Logitech MX Keys', 'Razer BlackWidow', 'Corsair K95']",0.66,True,Razer BlackWidow,False
2768,2981,710800,2025-01-16 09:37:27.421222,external hard drive,Mobile,Product Page,True,"['Seagate 2TB', 'WD My Passport', 'Samsung T7']",1.99,True,Samsung T7,False
2769,1553,237117,2025-01-29 00:08:51.421222,headphones,Desktop,Product Page,True,"['Sony WH-1000XM5', 'Bose 700', 'Sennheiser Momentum 4']",2.99,True,Sony WH-1000XM5,False
2770,5676,279040,2025-01-13 04:54:38.421222,smartphone,Tablet,Homepage,True,"['iPhone 15', 'Samsung Galaxy S24', 'Google Pixel 8']",2.99,False,,False
2771,9275,889613,2025-01-23 21:57:48.421222,keyboard,Mobile,Category Page,True,"['Logitech MX Keys', 'Razer BlackWidow', 'Corsair K95']",0.84,False,,False
2772,9295,469494,2025-01-05 21:32:46.421222,mouse,Tablet,Homepage,True,"['Logitech MX Master 3', 'Razer DeathAdder', 'SteelSeries Rival 5']",3.02,False,,False
2773,1727,168148,2025-01-14 08:02:30.421222,gaming chair,Desktop,Product Page,True,"['DXRacer', 'Secretlab Titan', 'Razer Iskur']",2.38,True,DXRacer,True
2774,3615,314885,2025-01-16 00:33:04.421222,dresses,Desktop,Category Page,False,[],0.82,False,,False
2775,2076,730386,2025-01-28 16:31:44.421222,water bottle,Desktop,Category Page,False,[],2.96,False,,False
2776,9963,755925,2025-01-23 19:00:39.421222,dresses,Tablet,Category Page,False,[],3.11,False,,False
2777,8713,356216,2025-01-29 01:44:13.421222,phone case,Mobile,Product Page,True,"['OtterBox Defender', 'Spigen Tough Armor', 'Apple Silicone Case']",0.47,False,,False
2778,9836,304603,2025-01-23 09:37:57.421222,mouse,Mobile,Product Page,True,"['Logitech MX Master 3', 'Razer DeathAdder', 'SteelSeries Rival 5']",2.67,True,Logitech MX Master 3,False
2779,6889,702718,2025-01-06 21:41:17.421222,coffee mug,Tablet,Homepage,True,"['Ceramic Mug', 'Travel Mug', 'Insulated Mug']",2.62,True,Insulated Mug,True
2780,2739,283390,2025-01-20 11:42:47.421222,keyboard,Mobile,Product Page,True,"['Logitech MX Keys', 'Razer BlackWidow', 'Corsair K95']",2.59,False,,False
2781,3995,706648,2025-01-26 00:15:15.421222,laptop,Desktop,Category Page,True,"['Dell XPS 13', 'MacBook Air', 'HP Spectre x360']",3.4,True,Dell XPS 13,True
2782,3979,321098,2025-01-17 12:30:32.421222,dresses,Desktop,Category Page,False,[],1.9,False,,False
2783,2047,645611,2025-01-21 05:28:06.421222,keyboard,Tablet,Product Page,True,"['Logitech MX Keys', 'Razer BlackWidow', 'Corsair K95']",0.66,True,Corsair K95,False
2784,4688,731325,2025-01-31 11:00:45.421222,socks,Desktop,Category Page,False,[],3.15,False,,False
2785,3173,510406,2025-01-26 00:20:32.421222,smartphone,Mobile,Homepage,True,"['iPhone 15', 'Samsung Galaxy S24', 'Google Pixel 8']",1.87,True,Google Pixel 8,False
2786,9732,458355,2025-01-30 15:40:45.421222,mouse,Desktop,Product Page,True,"['Logitech MX Master 3', 'Razer DeathAdder', 'SteelSeries Rival 5']",2.54,True,Razer DeathAdder,True
2787,7128,420956,2025-02-01 16:07:54.421222,wireless earbuds,Desktop,Product Page,True,"['AirPods Pro', 'Sony WF-1000XM4', 'Bose QuietComfort Earbuds']",1.36,True,AirPods Pro,False
2788,2065,688048,2025-01-28 19:47:35.421222,gaming chair,Tablet,Product Page,True,"['DXRacer', 'Secretlab Titan', 'Razer Iskur']",1.9,True,DXRacer,False
2789,6316,449326,2025-01-20 00:48:24.421222,shoes,Desktop,Category Page,False,[],0.77,False,,False
2790,1467,800170,2025-01-09 03:45:00.421222,water bottle,Desktop,Category Page,False,[],2.04,False,,False
2791,2552,766394,2025-02-03 07:34:58.421222,dresses,Tablet,Category Page,False,[],0.73,False,,False
2792,5669,558889,2025-01-16 14:14:02.421222,external hard drive,Mobile,Category Page,True,"['Seagate 2TB', 'WD My Passport', 'Samsung T7']",2.21,True,WD My Passport,False
2793,7168,481740,2025-01-15 08:00:29.421222,laptop,Mobile,Product Page,True,"['Dell XPS 13', 'MacBook Air', 'HP Spectre x360']",0.43,False,,False
2794,8753,754547,2025-01-18 01:24:10.421222,gaming chair,Desktop,Homepage,True,"['DXRacer', 'Secretlab Titan', 'Razer Iskur']",0.49,True,DXRacer,False
2795,2450,876784,2025-01-28 22:53:15.421222,wireless earbuds,Desktop,Product Page,True,"['AirPods Pro', 'Sony WF-1000XM4', 'Bose QuietComfort Earbuds']",2.34,True,Sony WF-1000XM4,False
2796,8167,312266,2025-01-16 01:18:21.421222,external hard drive,Mobile,Homepage,True,"['Seagate 2TB', 'WD My Passport', 'Samsung T7']",2.48,False,,False
2797,7268,853932,2025-01-09 00:33:21.421222,water bottle,Desktop,Homepage,False,[],1.08,False,,False
2798,9802,233096,2025-01-27 07:52:24.421222,laptop,Mobile,Product Page,True,"['Dell XPS 13', 'MacBook Air', 'HP Spectre x360']",3.4,True,MacBook Air,True
2799,2534,633384,2025-01-27 16:06:37.421222,dresses,Mobile,Product Page,False,[],2.31,False,,False
2800,8825,954172,2025-01-08 18:27:05.421222,phone case,Mobile,Product Page,True,"['OtterBox Defender', 'Spigen Tough Armor', 'Apple Silicone Case']",0.42,True,Spigen Tough Armor,False
2801,2209,778926,2025-01-23 12:05:36.421222,laptop,Tablet,Homepage,True,"['Dell XPS 13', 'MacBook Air', 'HP Spectre x360']",3.19,True,HP Spectre x360,False
2802,6135,812646,2025-01-26 03:41:30.421222,wireless earbuds,Desktop,Product Page,True,"['AirPods Pro', 'Sony WF-1000XM4', 'Bose QuietComfort Earbuds']",2.52,True,Bose QuietComfort Earbuds,True
2803,2376,837417,2025-01-11 03:04:21.421222,keyboard,Desktop,Category Page,True,"['Logitech MX Keys', 'Razer BlackWidow', 'Corsair K95']",1.56,True,Logitech MX Keys,False
2804,8906,829034,2025-02-04 04:37:42.421222,wireless earbuds,Mobile,Homepage,True,"['AirPods Pro', 'Sony WF-1000XM4', 'Bose QuietComfort Earbuds']",0.4,True,Bose QuietComfort Earbuds,False
2805,6772,84941,2025-01-24 13:37:39.421222,laptop,Desktop,Homepage,True,"['Dell XPS 13', 'MacBook Air', 'HP Spectre x360']",2.15,True,Dell XPS 13,False
2806,3857,449293,2025-02-03 16:47:49.421222,headphones,Mobile,Homepage,True,"['Sony WH-1000XM5', 'Bose 700', 'Sennheiser Momentum 4']",3.15,False,,False
2807,4269,922966,2025-01-28 08:11:26.421222,wireless earbuds,Desktop,Category Page,True,"['AirPods Pro', 'Sony WF-1000XM4', 'Bose QuietComfort Earbuds']",1.79,True,Sony WF-1000XM4,True
2808,5699,819132,2025-01-31 20:10:25.421222,water bottle,Desktop,Homepage,False,[],2.43,False,,False
2809,8946,768927,2025-01-24 23:31:19.421222,water bottle,Desktop,Product Page,False,[],1.49,False,,False
2810,3070,525117,2025-01-09 00:29:21.421222,phone case,Mobile,Product Page,True,"['OtterBox Defender', 'Spigen Tough Armor', 'Apple Silicone Case']",2.22,False,,False
2811,3121,740898,2025-01-22 06:21:36.421222,gaming chair,Desktop,Product Page,True,"['DXRacer', 'Secretlab Titan', 'Razer Iskur']",0.69,False,,False
2812,8863,117327,2025-01-08 21:42:08.421222,laptop,Mobile,Category Page,True,"['Dell XPS 13', 'MacBook Air', 'HP Spectre x360']",0.68,False,,False
2813,6481,506414,2025-01-21 03:51:24.421222,laptop,Mobile,Homepage,True,"['Dell XPS 13', 'MacBook Air', 'HP Spectre x360']",2.48,False,,False
2814,7464,748310,2025-01-23 23:31:04.421222,gaming chair,Desktop,Homepage,True,"['DXRacer', 'Secretlab Titan', 'Razer Iskur']",3.25,True,Secretlab Titan,False
2815,4361,377356,2025-01-16 06:46:17.421222,keyboard,Mobile,Homepage,True,"['Logitech MX Keys', 'Razer BlackWidow', 'Corsair K95']",2.61,True,Corsair K95,False
2816,1340,631085,2025-01-09 21:48:48.421222,mouse,Mobile,Homepage,True,"['Logitech MX Master 3', 'Razer DeathAdder', 'SteelSeries Rival 5']",0.83,True,Razer DeathAdder,False
2817,8985,415360,2025-01-24 15:03:30.421222,mouse,Mobile,Category Page,True,"['Logitech MX Master 3', 'Razer DeathAdder', 'SteelSeries Rival 5']",0.98,True,SteelSeries Rival 5,False
2818,6191,257070,2025-01-17 18:44:26.421222,external hard drive,Desktop,Homepage,True,"['Seagate 2TB', 'WD My Passport', 'Samsung T7']",1.27,True,WD My Passport,False
2819,8753,604708,2025-01-26 06:27:01.421222,coffee mug,Desktop,Homepage,True,"['Ceramic Mug', 'Travel Mug', 'Insulated Mug']",2.96,True,Ceramic Mug,False
2820,1221,850313,2025-01-28 02:56:54.421222,headphones,Desktop,Homepage,True,"['Sony WH-1000XM5', 'Bose 700', 'Sennheiser Momentum 4']",2.7,True,Bose 700,False
2821,6023,199406,2025-01-23 15:58:47.421222,external hard drive,Mobile,Product Page,True,"['Seagate 2TB', 'WD My Passport', 'Samsung T7']",0.22,True,Seagate 2TB,False
2822,6050,680973,2025-01-17 20:14:10.421222,external hard drive,Tablet,Homepage,True,"['Seagate 2TB', 'WD My Passport', 'Samsung T7']",0.91,True,Seagate 2TB,False
2823,1676,236565,2025-01-06 11:15:04.421222,dresses,Desktop,Product Page,False,[],1.51,False,,False
2824,8117,287302,2025-02-01 16:16:28.421222,phone case,Tablet,Product Page,True,"['OtterBox Defender', 'Spigen Tough Armor', 'Apple Silicone Case']",1.08,True,Spigen Tough Armor,False
2825,5842,263887,2025-01-16 17:12:11.421222,water bottle,Tablet,Category Page,False,[],0.49,False,,False
2826,2482,963545,2025-01-21 12:56:32.421222,external hard drive,Mobile,Homepage,True,"['Seagate 2TB', 'WD My Passport', 'Samsung T7']",1.31,True,Samsung T7,False
2827,9950,786354,2025-01-20 09:22:27.421222,water bottle,Desktop,Product Page,False,[],0.42,False,,False
2828,7194,988889,2025-01-24 10:56:05.421222,keyboard,Tablet,Homepage,True,"['Logitech MX Keys', 'Razer BlackWidow', 'Corsair K95']",2.49,False,,False
2829,9583,212877,2025-01-11 00:27:29.421222,wireless earbuds,Tablet,Category Page,True,"['AirPods Pro', 'Sony WF-1000XM4', 'Bose QuietComfort Earbuds']",2.05,False,,False
2830,9700,191286,2025-01-19 10:19:44.421222,shoes,Desktop,Category Page,False,[],2.11,False,,False
2831,4831,398648,2025-01-23 19:51:30.421222,dresses,Mobile,Product Page,False,[],1.77,False,,False
2832,5608,863740,2025-02-03 10:45:14.421222,laptop,Mobile,Category Page,True,"['Dell XPS 13', 'MacBook Air', 'HP Spectre x360']",1.59,True,Dell XPS 13,False
2833,6494,110004,2025-01-23 01:51:40.421222,shoes,Tablet,Category Page,False,[],2.94,False,,False
2834,6012,930573,2025-01-16 08:41:22.421222,gaming chair,Tablet,Category Page,True,"['DXRacer', 'Secretlab Titan', 'Razer Iskur']",2.84,False,,False
2835,8897,413200,2025-02-04 10:19:29.421222,shoes,Desktop,Category Page,False,[],0.96,False,,False
2836,8216,840273,2025-01-10 05:04:42.421222,gaming chair,Tablet,Category Page,True,"['DXRacer', 'Secretlab Titan', 'Razer Iskur']",3.19,False,,False
2837,6807,870584,2025-01-18 15:08:15.421222,shoes,Tablet,Product Page,False,[],3.28,False,,False
2838,8697,845438,2025-01-24 17:26:08.421222,socks,Tablet,Product Page,False,[],2.41,False,,False
2839,7550,370410,2025-01-09 19:57:19.421222,water bottle,Desktop,Homepage,False,[],2.82,False,,False
2840,1812,787783,2025-01-12 02:59:30.421222,gaming chair,Mobile,Homepage,True,"['DXRacer', 'Secretlab Titan', 'Razer Iskur']",0.56,True,DXRacer,False
2841,6981,501212,2025-01-14 12:49:06.421222,phone case,Desktop,Product Page,True,"['OtterBox Defender', 'Spigen Tough Armor', 'Apple Silicone Case']",1.03,True,OtterBox Defender,False
2842,1653,106243,2025-01-08 14:01:24.421222,mouse,Tablet,Category Page,True,"['Logitech MX Master 3', 'Razer DeathAdder', 'SteelSeries Rival 5']",0.89,True,Logitech MX Master 3,False
2843,3388,708135,2025-01-24 19:31:05.421222,wireless earbuds,Desktop,Category Page,True,"['AirPods Pro', 'Sony WF-1000XM4', 'Bose QuietComfort Earbuds']",2.61,True,Bose QuietComfort Earbuds,False
2844,2442,87577,2025-01-07 20:33:08.421222,external hard drive,Desktop,Homepage,True,"['Seagate 2TB', 'WD My Passport', 'Samsung T7']",0.91,True,WD My Passport,False
2845,5047,595578,2025-01-07 08:50:19.421222,laptop,Desktop,Category Page,True,"['Dell XPS 13', 'MacBook Air', 'HP Spectre x360']",2.43,True,HP Spectre x360,False
2846,2427,944308,2025-01-22 10:19:30.421222,external hard drive,Mobile,Product Page,True,"['Seagate 2TB', 'WD My Passport', 'Samsung T7']",0.69,True,Samsung T7,False
2847,7120,862714,2025-01-26 09:22:10.421222,wireless earbuds,Tablet,Category Page,True,"['AirPods Pro', 'Sony WF-1000XM4', 'Bose QuietComfort Earbuds']",3.36,False,,False
2848,6845,152243,2025-01-30 15:37:17.421222,water bottle,Mobile,Category Page,False,[],0.46,False,,False
2849,3379,880163,2025-01-14 22:12:05.421222,phone case,Tablet,Category Page,True,"['OtterBox Defender', 'Spigen Tough Armor', 'Apple Silicone Case']",0.29,False,,False
2850,4773,586741,2025-01-18 12:38:10.421222,headphones,Tablet,Homepage,True,"['Sony WH-1000XM5', 'Bose 700', 'Sennheiser Momentum 4']",0.96,True,Bose 700,True
2851,8218,354713,2025-01-29 20:08:24.421222,mouse,Tablet,Category Page,True,"['Logitech MX Master 3', 'Razer DeathAdder', 'SteelSeries Rival 5']",3.48,True,SteelSeries Rival 5,False
2852,7954,473313,2025-02-02 19:09:46.421222,shoes,Tablet,Category Page,False,[],0.71,False,,False
2853,8227,252020,2025-01-18 08:58:59.421222,laptop,Mobile,Product Page,True,"['Dell XPS 13', 'MacBook Air', 'HP Spectre x360']",1.51,True,MacBook Air,False
2854,6057,294301,2025-01-09 01:20:44.421222,shoes,Desktop,Product Page,False,[],1.69,False,,False
2855,6329,168412,2025-01-09 16:22:36.421222,wireless earbuds,Tablet,Homepage,True,"['AirPods Pro', 'Sony WF-1000XM4', 'Bose QuietComfort Earbuds']",1.12,True,AirPods Pro,False
2856,6843,130955,2025-02-01 18:21:36.421222,water bottle,Desktop,Homepage,False,[],2.24,False,,False
2857,8441,235493,2025-01-14 09:43:00.421222,shoes,Mobile,Category Page,False,[],1.3,False,,False
2858,5059,386337,2025-01-27 08:50:28.421222,gaming chair,Desktop,Product Page,True,"['DXRacer', 'Secretlab Titan', 'Razer Iskur']",1.04,True,Secretlab Titan,False
2859,3444,70784,2025-01-11 13:16:07.421222,shoes,Desktop,Product Page,False,[],1.97,False,,False
2860,1237,197430,2025-01-10 05:07:08.421222,phone case,Desktop,Product Page,True,"['OtterBox Defender', 'Spigen Tough Armor', 'Apple Silicone Case']",1.99,True,Spigen Tough Armor,True
2861,8164,585157,2025-01-13 03:12:50.421222,socks,Tablet,Homepage,False,[],0.38,False,,False
2862,5296,882740,2025-01-22 19:17:24.421222,coffee mug,Desktop,Category Page,True,"['Ceramic Mug', 'Travel Mug', 'Insulated Mug']",2.67,True,Insulated Mug,False
2863,8763,619460,2025-01-23 10:41:50.421222,water bottle,Tablet,Product Page,False,[],2.08,False,,False
2864,1217,411234,2025-01-18 02:40:07.421222,socks,Tablet,Category Page,False,[],2.51,False,,False
2865,4071,922720,2025-01-23 15:46:24.421222,socks,Desktop,Category Page,False,[],3.21,False,,False
2866,8158,190906,2025-01-18 04:41:18.421222,laptop,Mobile,Category Page,True,"['Dell XPS 13', 'MacBook Air', 'HP Spectre x360']",1.01,True,Dell XPS 13,False
2867,4327,369955,2025-01-06 01:26:34.421222,laptop,Desktop,Product Page,True,"['Dell XPS 13', 'MacBook Air', 'HP Spectre x360']",3.49,False,,False
2868,4985,809641,2025-01-18 15:44:21.421222,dresses,Desktop,Product Page,False,[],3.29,False,,False
2869,1536,377995,2025-02-02 22:52:33.421222,laptop,Mobile,Homepage,True,"['Dell XPS 13', 'MacBook Air', 'HP Spectre x360']",3.02,True,Dell XPS 13,False
2870,4659,164584,2025-01-13 13:23:40.421222,phone case,Tablet,Product Page,True,"['OtterBox Defender', 'Spigen Tough Armor', 'Apple Silicone Case']",1.27,False,,False
2871,9769,98617,2025-01-09 15:34:45.421222,gaming chair,Tablet,Category Page,True,"['DXRacer', 'Secretlab Titan', 'Razer Iskur']",2.13,False,,False
2872,8480,764267,2025-02-01 11:43:14.421222,keyboard,Mobile,Product Page,True,"['Logitech MX Keys', 'Razer BlackWidow', 'Corsair K95']",1.62,True,Corsair K95,True
2873,3744,261527,2025-01-20 13:27:19.421222,dresses,Tablet,Category Page,False,[],2.35,False,,False
2874,4942,731117,2025-02-01 11:57:13.421222,dresses,Tablet,Category Page,False,[],0.43,False,,False
2875,6363,463072,2025-01-24 04:24:09.421222,headphones,Mobile,Homepage,True,"['Sony WH-1000XM5', 'Bose 700', 'Sennheiser Momentum 4']",2.74,False,,False
2876,4977,619703,2025-01-25 13:14:49.421222,laptop,Mobile,Product Page,True,"['Dell XPS 13', 'MacBook Air', 'HP Spectre x360']",3.03,True,MacBook Air,True
2877,1718,559147,2025-01-22 12:52:19.421222,headphones,Mobile,Product Page,True,"['Sony WH-1000XM5', 'Bose 700', 'Sennheiser Momentum 4']",2.64,True,Sony WH-1000XM5,False
2878,4285,420842,2025-01-13 18:14:40.421222,laptop,Desktop,Homepage,True,"['Dell XPS 13', 'MacBook Air', 'HP Spectre x360']",2.9,True,MacBook Air,True
2879,9552,854160,2025-01-06 21:22:33.421222,shoes,Desktop,Category Page,False,[],2.77,False,,False
2880,1719,131209,2025-01-27 00:36:32.421222,mouse,Desktop,Product Page,True,"['Logitech MX Master 3', 'Razer DeathAdder', 'SteelSeries Rival 5']",1.15,True,Razer DeathAdder,False
2881,8041,231027,2025-01-07 02:33:13.421222,shoes,Tablet,Product Page,False,[],2.94,False,,False
2882,4663,891301,2025-01-15 20:20:48.421222,dresses,Tablet,Category Page,False,[],2.53,False,,False
2883,2242,374701,2025-01-25 13:03:48.421222,coffee mug,Mobile,Homepage,True,"['Ceramic Mug', 'Travel Mug', 'Insulated Mug']",1.78,True,Insulated Mug,False
2884,5291,89385,2025-01-10 01:54:56.421222,water bottle,Mobile,Category Page,False,[],0.57,False,,False
2885,4026,631961,2025-01-27 15:08:12.421222,laptop,Desktop,Product Page,True,"['Dell XPS 13', 'MacBook Air', 'HP Spectre x360']",2.43,True,HP Spectre x360,False
2886,7489,215513,2025-01-27 11:15:49.421222,socks,Mobile,Product Page,False,[],1.59,False,,False
2887,2317,442713,2025-01-28 03:50:32.421222,laptop,Desktop,Category Page,True,"['Dell XPS 13', 'MacBook Air', 'HP Spectre x360']",3.46,True,MacBook Air,False
2888,4999,727768,2025-02-01 19:04:34.421222,shoes,Mobile,Category Page,False,[],3.49,False,,False
2889,7859,249635,2025-01-09 11:30:17.421222,shoes,Tablet,Homepage,False,[],2.5,False,,False
2890,1053,120884,2025-01-21 13:13:44.421222,socks,Tablet,Homepage,False,[],2.58,False,,False
2891,5663,623194,2025-01-06 10:01:49.421222,shoes,Mobile,Category Page,False,[],0.26,False,,False
2892,1208,727408,2025-01-15 21:04:45.421222,phone case,Mobile,Homepage,True,"['OtterBox Defender', 'Spigen Tough Armor', 'Apple Silicone Case']",2.88,True,Apple Silicone Case,False
2893,2346,391475,2025-01-21 10:52:26.421222,mouse,Desktop,Category Page,True,"['Logitech MX Master 3', 'Razer DeathAdder', 'SteelSeries Rival 5']",0.36,True,Logitech MX Master 3,False
2894,2338,89903,2025-01-31 04:28:13.421222,socks,Tablet,Product Page,False,[],0.76,False,,False
2895,3824,321917,2025-01-14 14:52:15.421222,wireless earbuds,Mobile,Product Page,True,"['AirPods Pro', 'Sony WF-1000XM4', 'Bose QuietComfort Earbuds']",2.91,True,Sony WF-1000XM4,False
2896,6145,473211,2025-01-09 14:54:26.421222,dresses,Tablet,Homepage,False,[],1.59,False,,False
2897,8486,158118,2025-01-31 16:58:58.421222,wireless earbuds,Tablet,Category Page,True,"['AirPods Pro', 'Sony WF-1000XM4', 'Bose QuietComfort Earbuds']",3.46,True,AirPods Pro,False
2898,9466,158538,2025-01-30 08:35:26.421222,headphones,Tablet,Product Page,True,"['Sony WH-1000XM5', 'Bose 700', 'Sennheiser Momentum 4']",3.07,True,Sennheiser Momentum 4,False
2899,3521,546514,2025-01-19 19:49:29.421222,laptop,Mobile,Category Page,True,"['Dell XPS 13', 'MacBook Air', 'HP Spectre x360']",3.32,False,,False
2900,1523,572069,2025-01-20 12:10:47.421222,keyboard,Tablet,Category Page,True,"['Logitech MX Keys', 'Razer BlackWidow', 'Corsair K95']",2.55,True,Corsair K95,False
2901,1762,538428,2025-01-21 04:04:02.421222,mouse,Mobile,Category Page,True,"['Logitech MX Master 3', 'Razer DeathAdder', 'SteelSeries Rival 5']",1.6,True,Logitech MX Master 3,False
2902,1378,508251,2025-01-28 05:06:58.421222,water bottle,Tablet,Product Page,False,[],1.64,False,,False
2903,7039,604631,2025-02-01 19:46:18.421222,dresses,Desktop,Product Page,False,[],3.31,False,,False
2904,2327,949225,2025-01-29 12:55:14.421222,gaming chair,Desktop,Category Page,True,"['DXRacer', 'Secretlab Titan', 'Razer Iskur']",1.42,True,DXRacer,False
2905,5268,492811,2025-01-24 12:33:57.421222,dresses,Desktop,Homepage,False,[],0.76,False,,False
2906,5964,786429,2025-01-28 23:11:42.421222,laptop,Desktop,Product Page,True,"['Dell XPS 13', 'MacBook Air', 'HP Spectre x360']",2.38,True,HP Spectre x360,False
2907,8107,583440,2025-01-31 09:07:02.421222,smartphone,Tablet,Category Page,True,"['iPhone 15', 'Samsung Galaxy S24', 'Google Pixel 8']",1.97,False,,False
2908,7778,440958,2025-01-06 00:11:39.421222,headphones,Desktop,Product Page,True,"['Sony WH-1000XM5', 'Bose 700', 'Sennheiser Momentum 4']",0.94,True,Bose 700,False
2909,5998,883635,2025-02-04 06:46:33.421222,water bottle,Desktop,Product Page,False,[],2.76,False,,False
2910,6577,618601,2025-01-25 22:17:39.421222,coffee mug,Desktop,Product Page,True,"['Ceramic Mug', 'Travel Mug', 'Insulated Mug']",2.74,False,,False
2911,7082,254050,2025-01-20 14:29:49.421222,laptop,Tablet,Product Page,True,"['Dell XPS 13', 'MacBook Air', 'HP Spectre x360']",1.54,False,,False
2912,3253,531466,2025-01-22 07:18:02.421222,water bottle,Tablet,Product Page,False,[],0.32,False,,False
2913,7707,752358,2025-01-16 19:25:35.421222,gaming chair,Desktop,Product Page,True,"['DXRacer', 'Secretlab Titan', 'Razer Iskur']",2.55,False,,False
2914,7091,934946,2025-01-31 04:29:07.421222,phone case,Desktop,Category Page,True,"['OtterBox Defender', 'Spigen Tough Armor', 'Apple Silicone Case']",2.49,False,,False
2915,9674,609083,2025-01-14 15:08:07.421222,socks,Tablet,Product Page,False,[],3.15,False,,False
2916,3868,674864,2025-01-06 07:02:21.421222,wireless earbuds,Tablet,Homepage,True,"['AirPods Pro', 'Sony WF-1000XM4', 'Bose QuietComfort Earbuds']",3.11,False,,False
2917,1038,515785,2025-01-20 03:09:52.421222,keyboard,Desktop,Product Page,True,"['Logitech MX Keys', 'Razer BlackWidow', 'Corsair K95']",1.15,False,,False
2918,6177,996683,2025-01-20 12:57:01.421222,mouse,Mobile,Product Page,True,"['Logitech MX Master 3', 'Razer DeathAdder', 'SteelSeries Rival 5']",2.28,True,SteelSeries Rival 5,False
2919,1119,615381,2025-01-15 22:32:47.421222,gaming chair,Mobile,Product Page,True,"['DXRacer', 'Secretlab Titan', 'Razer Iskur']",3.11,False,,False
2920,1246,317916,2025-01-21 07:22:39.421222,wireless earbuds,Tablet,Category Page,True,"['AirPods Pro', 'Sony WF-1000XM4', 'Bose QuietComfort Earbuds']",1.64,True,Bose QuietComfort Earbuds,False
2921,5565,943057,2025-01-05 18:02:02.421222,smartphone,Tablet,Category Page,True,"['iPhone 15', 'Samsung Galaxy S24', 'Google Pixel 8']",1.43,True,iPhone 15,False
2922,1983,536720,2025-01-26 04:51:18.421222,water bottle,Mobile,Homepage,False,[],1.89,False,,False
2923,9055,469562,2025-02-03 03:29:52.421222,keyboard,Tablet,Category Page,True,"['Logitech MX Keys', 'Razer BlackWidow', 'Corsair K95']",2.75,True,Corsair K95,False
2924,9558,683306,2025-01-28 06:13:44.421222,socks,Desktop,Homepage,False,[],2.91,False,,False
2925,2999,189983,2025-01-20 22:42:49.421222,wireless earbuds,Mobile,Category Page,True,"['AirPods Pro', 'Sony WF-1000XM4', 'Bose QuietComfort Earbuds']",1.97,True,Bose QuietComfort Earbuds,True
2926,4635,742271,2025-01-28 16:48:25.421222,keyboard,Desktop,Homepage,True,"['Logitech MX Keys', 'Razer BlackWidow', 'Corsair K95']",0.95,False,,False
2927,2868,956079,2025-01-11 09:50:13.421222,headphones,Desktop,Product Page,True,"['Sony WH-1000XM5', 'Bose 700', 'Sennheiser Momentum 4']",1.86,True,Sony WH-1000XM5,False
2928,8398,873764,2025-01-19 08:13:46.421222,wireless earbuds,Desktop,Category Page,True,"['AirPods Pro', 'Sony WF-1000XM4', 'Bose QuietComfort Earbuds']",3.08,False,,False
2929,3044,473927,2025-01-29 05:33:36.421222,smartphone,Tablet,Category Page,True,"['iPhone 15', 'Samsung Galaxy S24', 'Google Pixel 8']",0.7,False,,False
2930,7407,708517,2025-01-30 08:17:28.421222,laptop,Tablet,Product Page,True,"['Dell XPS 13', 'MacBook Air', 'HP Spectre x360']",1.0,True,Dell XPS 13,False
2931,3859,70798,2025-01-09 18:50:35.421222,phone case,Desktop,Category Page,True,"['OtterBox Defender', 'Spigen Tough Armor', 'Apple Silicone Case']",2.38,True,Spigen Tough Armor,True
2932,2170,603459,2025-01-16 07:28:44.421222,gaming chair,Desktop,Homepage,True,"['DXRacer', 'Secretlab Titan', 'Razer Iskur']",1.51,False,,False
2933,2894,222604,2025-01-09 02:20:39.421222,wireless earbuds,Mobile,Product Page,True,"['AirPods Pro', 'Sony WF-1000XM4', 'Bose QuietComfort Earbuds']",2.58,False,,False
2934,9507,434151,2025-01-16 07:45:35.421222,dresses,Desktop,Product Page,False,[],3.2,False,,False
2935,6653,526926,2025-02-02 05:43:50.421222,smartphone,Tablet,Product Page,True,"['iPhone 15', 'Samsung Galaxy S24', 'Google Pixel 8']",0.77,False,,False
2936,6279,547227,2025-01-15 17:51:54.421222,headphones,Desktop,Product Page,True,"['Sony WH-1000XM5', 'Bose 700', 'Sennheiser Momentum 4']",0.99,True,Sony WH-1000XM5,True
2937,2616,200781,2025-01-29 22:27:42.421222,headphones,Desktop,Homepage,True,"['Sony WH-1000XM5', 'Bose 700', 'Sennheiser Momentum 4']",2.67,True,Sennheiser Momentum 4,True
2938,2252,650241,2025-01-29 00:09:03.421222,external hard drive,Mobile,Product Page,True,"['Seagate 2TB', 'WD My Passport', 'Samsung T7']",1.83,True,Samsung T7,False
2939,5494,939387,2025-01-11 18:16:59.421222,wireless earbuds,Mobile,Category Page,True,"['AirPods Pro', 'Sony WF-1000XM4', 'Bose QuietComfort Earbuds']",3.12,True,Sony WF-1000XM4,True
2940,8244,119127,2025-01-19 03:41:41.421222,keyboard,Desktop,Category Page,True,"['Logitech MX Keys', 'Razer BlackWidow', 'Corsair K95']",3.32,False,,False
2941,1379,609870,2025-01-31 01:55:51.421222,shoes,Mobile,Category Page,False,[],1.05,False,,False
2942,8644,115413,2025-01-05 10:34:19.421222,coffee mug,Desktop,Homepage,True,"['Ceramic Mug', 'Travel Mug', 'Insulated Mug']",2.38,True,Ceramic Mug,False
2943,1757,524772,2025-01-23 01:30:06.421222,wireless earbuds,Mobile,Homepage,True,"['AirPods Pro', 'Sony WF-1000XM4', 'Bose QuietComfort Earbuds']",2.73,True,Sony WF-1000XM4,False
2944,9089,759666,2025-01-10 01:49:50.421222,mouse,Mobile,Category Page,True,"['Logitech MX Master 3', 'Razer DeathAdder', 'SteelSeries Rival 5']",0.38,True,Logitech MX Master 3,False
2945,6819,50805,2025-01-27 14:44:30.421222,water bottle,Tablet,Homepage,False,[],1.13,False,,False
2946,9970,982840,2025-01-29 07:30:18.421222,external hard drive,Tablet,Homepage,True,"['Seagate 2TB', 'WD My Passport', 'Samsung T7']",0.43,False,,False
2947,2675,725310,2025-01-16 19:22:46.421222,socks,Mobile,Category Page,False,[],0.37,False,,False
2948,2104,684458,2025-01-06 11:21:00.421222,dresses,Mobile,Category Page,False,[],1.51,False,,False
2949,6319,718961,2025-01-26 22:36:16.421222,dresses,Mobile,Homepage,False,[],0.57,False,,False
2950,8977,658943,2025-01-31 03:21:39.421222,water bottle,Desktop,Product Page,False,[],2.72,False,,False
2951,9459,753107,2025-01-15 06:44:30.421222,dresses,Mobile,Homepage,False,[],2.39,False,,False
2952,9875,135800,2025-01-21 20:24:12.421222,phone case,Mobile,Category Page,True,"['OtterBox Defender', 'Spigen Tough Armor', 'Apple Silicone Case']",1.59,False,,False
2953,3062,378130,2025-01-08 11:09:13.421222,water bottle,Tablet,Product Page,False,[],2.12,False,,False
2954,6210,614452,2025-01-25 10:18:51.421222,phone case,Tablet,Product Page,True,"['OtterBox Defender', 'Spigen Tough Armor', 'Apple Silicone Case']",0.85,True,Spigen Tough Armor,False
2955,4763,541803,2025-01-24 07:56:20.421222,wireless earbuds,Mobile,Product Page,True,"['AirPods Pro', 'Sony WF-1000XM4', 'Bose QuietComfort Earbuds']",2.98,True,Sony WF-1000XM4,False
2956,5145,853026,2025-01-11 19:34:39.421222,laptop,Desktop,Product Page,True,"['Dell XPS 13', 'MacBook Air', 'HP Spectre x360']",2.83,True,HP Spectre x360,False
2957,1542,197075,2025-01-24 03:11:35.421222,laptop,Tablet,Product Page,True,"['Dell XPS 13', 'MacBook Air', 'HP Spectre x360']",2.54,False,,False
2958,4137,91011,2025-01-07 07:40:45.421222,shoes,Mobile,Homepage,False,[],1.81,False,,False
2959,2193,456947,2025-01-10 17:39:05.421222,shoes,Mobile,Homepage,False,[],2.35,False,,False
2960,5014,950377,2025-02-01 00:38:05.421222,gaming chair,Mobile,Homepage,True,"['DXRacer', 'Secretlab Titan', 'Razer Iskur']",1.92,True,Secretlab Titan,False
2961,3890,544107,2025-02-02 09:13:14.421222,smartphone,Mobile,Homepage,True,"['iPhone 15', 'Samsung Galaxy S24', 'Google Pixel 8']",0.32,False,,False
2962,9152,287868,2025-01-14 09:24:39.421222,shoes,Desktop,Homepage,False,[],0.79,False,,False
2963,5178,860670,2025-01-20 15:41:07.421222,coffee mug,Tablet,Category Page,True,"['Ceramic Mug', 'Travel Mug', 'Insulated Mug']",2.51,True,Insulated Mug,False
2964,2301,75578,2025-01-13 15:37:36.421222,coffee mug,Mobile,Product Page,True,"['Ceramic Mug', 'Travel Mug', 'Insulated Mug']",2.56,True,Travel Mug,True
2965,7283,546236,2025-02-04 09:37:59.421222,coffee mug,Desktop,Category Page,True,"['Ceramic Mug', 'Travel Mug', 'Insulated Mug']",1.95,False,,False
2966,3602,458741,2025-02-03 07:07:41.421222,mouse,Tablet,Product Page,True,"['Logitech MX Master 3', 'Razer DeathAdder', 'SteelSeries Rival 5']",2.02,True,SteelSeries Rival 5,True
2967,3784,702591,2025-01-11 02:23:59.421222,laptop,Tablet,Homepage,True,"['Dell XPS 13', 'MacBook Air', 'HP Spectre x360']",0.86,True,MacBook Air,True
2968,2603,614591,2025-01-30 21:52:43.421222,laptop,Mobile,Homepage,True,"['Dell XPS 13', 'MacBook Air', 'HP Spectre x360']",1.02,False,,False
2969,2129,969336,2025-01-10 09:15:03.421222,headphones,Tablet,Product Page,True,"['Sony WH-1000XM5', 'Bose 700', 'Sennheiser Momentum 4']",0.29,True,Sennheiser Momentum 4,False
2970,3063,131641,2025-01-06 07:36:20.421222,laptop,Mobile,Category Page,True,"['Dell XPS 13', 'MacBook Air', 'HP Spectre x360']",2.83,True,Dell XPS 13,False
2971,8956,619230,2025-01-22 21:40:01.421222,coffee mug,Mobile,Homepage,True,"['Ceramic Mug', 'Travel Mug', 'Insulated Mug']",1.41,False,,False
2972,4380,883667,2025-01-18 11:38:26.421222,gaming chair,Mobile,Homepage,True,"['DXRacer', 'Secretlab Titan', 'Razer Iskur']",0.8,True,Razer Iskur,False
2973,1310,318679,2025-01-15 01:27:36.421222,socks,Desktop,Homepage,False,[],0.3,False,,False
2974,6892,705801,2025-01-17 03:23:42.421222,phone case,Mobile,Homepage,True,"['OtterBox Defender', 'Spigen Tough Armor', 'Apple Silicone Case']",0.62,True,Spigen Tough Armor,True
2975,4060,159471,2025-01-30 11:01:19.421222,socks,Tablet,Homepage,False,[],2.64,False,,False
2976,1636,864091,2025-01-18 06:40:01.421222,socks,Desktop,Product Page,False,[],2.74,False,,False
2977,1760,872363,2025-01-10 15:52:53.421222,gaming chair,Desktop,Category Page,True,"['DXRacer', 'Secretlab Titan', 'Razer Iskur']",2.63,True,Razer Iskur,False
2978,9653,648877,2025-01-25 16:51:15.421222,coffee mug,Mobile,Category Page,True,"['Ceramic Mug', 'Travel Mug', 'Insulated Mug']",1.99,False,,False
2979,8281,962165,2025-01-18 03:36:55.421222,water bottle,Tablet,Homepage,False,[],2.74,False,,False
2980,4430,938289,2025-01-20 01:00:41.421222,mouse,Mobile,Category Page,True,"['Logitech MX Master 3', 'Razer DeathAdder', 'SteelSeries Rival 5']",1.09,False,,False
2981,2046,813115,2025-02-03 19:21:46.421222,mouse,Tablet,Product Page,True,"['Logitech MX Master 3', 'Razer DeathAdder', 'SteelSeries Rival 5']",1.37,True,Razer DeathAdder,True
2982,9184,266820,2025-01-25 12:02:25.421222,coffee mug,Desktop,Product Page,True,"['Ceramic Mug', 'Travel Mug', 'Insulated Mug']",1.0,True,Ceramic Mug,True
2983,5108,308536,2025-02-01 05:50:10.421222,socks,Desktop,Product Page,False,[],0.38,False,,False
2984,4637,751277,2025-01-21 01:56:27.421222,gaming chair,Mobile,Homepage,True,"['DXRacer', 'Secretlab Titan', 'Razer Iskur']",0.21,False,,False
2985,4842,134795,2025-01-31 20:37:16.421222,external hard drive,Desktop,Homepage,True,"['Seagate 2TB', 'WD My Passport', 'Samsung T7']",1.21,True,Samsung T7,False
2986,1552,106165,2025-01-07 16:44:14.421222,dresses,Desktop,Homepage,False,[],2.87,False,,False
2987,6173,629793,2025-01-09 22:03:33.421222,external hard drive,Tablet,Homepage,True,"['Seagate 2TB', 'WD My Passport', 'Samsung T7']",1.99,True,Seagate 2TB,True
2988,8961,854467,2025-01-18 07:42:58.421222,coffee mug,Desktop,Product Page,True,"['Ceramic Mug', 'Travel Mug', 'Insulated Mug']",2.96,False,,False
2989,7004,780224,2025-01-17 15:21:00.421222,water bottle,Desktop,Homepage,False,[],3.39,False,,False
2990,5480,65687,2025-01-06 06:41:23.421222,mouse,Mobile,Category Page,True,"['Logitech MX Master 3', 'Razer DeathAdder', 'SteelSeries Rival 5']",2.18,True,Logitech MX Master 3,False
2991,8217,204193,2025-01-06 22:03:19.421222,wireless earbuds,Mobile,Category Page,True,"['AirPods Pro', 'Sony WF-1000XM4', 'Bose QuietComfort Earbuds']",2.35,False,,False
2992,4624,253488,2025-01-11 10:59:18.421222,laptop,Tablet,Homepage,True,"['Dell XPS 13', 'MacBook Air', 'HP Spectre x360']",1.23,False,,False
2993,8427,532579,2025-02-02 01:34:42.421222,keyboard,Desktop,Category Page,True,"['Logitech MX Keys', 'Razer BlackWidow', 'Corsair K95']",3.09,False,,False
2994,6262,972131,2025-01-31 15:13:31.421222,wireless earbuds,Tablet,Homepage,True,"['AirPods Pro', 'Sony WF-1000XM4', 'Bose QuietComfort Earbuds']",2.74,True,AirPods Pro,False
2995,1574,133184,2025-01-27 08:36:50.421222,wireless earbuds,Mobile,Homepage,True,"['AirPods Pro', 'Sony WF-1000XM4', 'Bose QuietComfort Earbuds']",1.83,True,Bose QuietComfort Earbuds,False
2996,4442,841002,2025-01-11 15:50:03.421222,dresses,Tablet,Homepage,False,[],2.72,False,,False
2997,1601,948204,2025-01-10 00:00:34.421222,external hard drive,Desktop,Product Page,True,"['Seagate 2TB', 'WD My Passport', 'Samsung T7']",0.25,False,,False
2998,7783,503304,2025-01-24 15:33:59.421222,headphones,Mobile,Product Page,True,"['Sony WH-1000XM5', 'Bose 700', 'Sennheiser Momentum 4']",1.54,False,,False
2999,5428,971683,2025-01-25 20:29:37.421222,dresses,Mobile,Homepage,False,[],3.25,False,,False
3000,5636,691834,2025-01-31 11:17:56.421222,smartphone,Mobile,Product Page,True,"['iPhone 15', 'Samsung Galaxy S24', 'Google Pixel 8']",2.35,False,,False
3001,3048,96258,2025-01-25 14:03:39.421222,smartphone,Desktop,Product Page,True,"['iPhone 15', 'Samsung Galaxy S24', 'Google Pixel 8']",3.29,True,Samsung Galaxy S24,False
3002,9025,498668,2025-01-11 13:53:09.421222,headphones,Tablet,Homepage,True,"['Sony WH-1000XM5', 'Bose 700', 'Sennheiser Momentum 4']",2.21,True,Sennheiser Momentum 4,False
3003,1150,152790,2025-01-20 03:11:11.421222,laptop,Tablet,Product Page,True,"['Dell XPS 13', 'MacBook Air', 'HP Spectre x360']",1.08,True,Dell XPS 13,False
3004,5942,512838,2025-01-16 00:32:20.421222,headphones,Mobile,Product Page,True,"['Sony WH-1000XM5', 'Bose 700', 'Sennheiser Momentum 4']",0.28,True,Sony WH-1000XM5,False
3005,2445,910603,2025-01-11 04:28:06.421222,mouse,Mobile,Product Page,True,"['Logitech MX Master 3', 'Razer DeathAdder', 'SteelSeries Rival 5']",0.8,True,SteelSeries Rival 5,False
3006,8818,256876,2025-02-02 21:26:58.421222,laptop,Mobile,Product Page,True,"['Dell XPS 13', 'MacBook Air', 'HP Spectre x360']",2.63,True,Dell XPS 13,False
3007,1984,259218,2025-01-28 12:48:59.421222,coffee mug,Mobile,Homepage,True,"['Ceramic Mug', 'Travel Mug', 'Insulated Mug']",2.7,True,Ceramic Mug,False
3008,1004,825500,2025-01-10 17:32:11.421222,keyboard,Desktop,Category Page,True,"['Logitech MX Keys', 'Razer BlackWidow', 'Corsair K95']",3.0,True,Corsair K95,True
3009,4710,363167,2025-01-10 08:18:37.421222,headphones,Tablet,Category Page,True,"['Sony WH-1000XM5', 'Bose 700', 'Sennheiser Momentum 4']",0.38,True,Sennheiser Momentum 4,False
3010,1516,676573,2025-01-25 07:14:20.421222,phone case,Desktop,Category Page,True,"['OtterBox Defender', 'Spigen Tough Armor', 'Apple Silicone Case']",0.91,False,,False
3011,2674,620143,2025-01-29 04:08:23.421222,socks,Tablet,Category Page,False,[],3.31,False,,False
3012,7355,375336,2025-01-21 16:46:37.421222,mouse,Desktop,Product Page,True,"['Logitech MX Master 3', 'Razer DeathAdder', 'SteelSeries Rival 5']",2.86,True,Razer DeathAdder,False
3013,3700,865392,2025-01-10 05:09:51.421222,keyboard,Mobile,Product Page,True,"['Logitech MX Keys', 'Razer BlackWidow', 'Corsair K95']",0.88,True,Corsair K95,False
3014,1369,101252,2025-01-26 19:21:33.421222,socks,Mobile,Product Page,False,[],3.08,False,,False
3015,6077,613433,2025-02-03 10:28:02.421222,dresses,Mobile,Product Page,False,[],3.46,False,,False
3016,5483,105276,2025-02-02 19:06:30.421222,smartphone,Desktop,Category Page,True,"['iPhone 15', 'Samsung Galaxy S24', 'Google Pixel 8']",0.53,True,Google Pixel 8,True
3017,6023,56507,2025-01-27 21:36:51.421222,water bottle,Tablet,Homepage,False,[],1.83,False,,False
3018,9301,975853,2025-01-16 10:22:56.421222,phone case,Mobile,Homepage,True,"['OtterBox Defender', 'Spigen Tough Armor', 'Apple Silicone Case']",2.12,True,OtterBox Defender,False
3019,5555,399542,2025-01-27 19:33:24.421222,external hard drive,Tablet,Homepage,True,"['Seagate 2TB', 'WD My Passport', 'Samsung T7']",2.04,True,Samsung T7,False
3020,7230,774653,2025-01-12 04:49:44.421222,water bottle,Mobile,Category Page,False,[],2.2,False,,False
3021,8476,888993,2025-01-19 21:16:38.421222,gaming chair,Tablet,Product Page,True,"['DXRacer', 'Secretlab Titan', 'Razer Iskur']",3.43,True,Secretlab Titan,False
3022,9059,417133,2025-02-01 09:31:29.421222,smartphone,Tablet,Homepage,True,"['iPhone 15', 'Samsung Galaxy S24', 'Google Pixel 8']",1.89,True,iPhone 15,False
3023,8564,178760,2025-01-29 01:45:00.421222,headphones,Tablet,Category Page,True,"['Sony WH-1000XM5', 'Bose 700', 'Sennheiser Momentum 4']",0.93,True,Bose 700,False
3024,1840,951689,2025-01-11 02:09:10.421222,water bottle,Desktop,Homepage,False,[],3.06,False,,False
3025,4838,945932,2025-01-26 15:46:34.421222,shoes,Desktop,Homepage,False,[],3.08,False,,False
3026,5505,190660,2025-01-26 02:42:14.421222,water bottle,Mobile,Product Page,False,[],2.77,False,,False
3027,4825,580882,2025-01-10 03:00:03.421222,dresses,Tablet,Homepage,False,[],0.58,False,,False
3028,3872,978137,2025-01-08 07:40:47.421222,phone case,Desktop,Product Page,True,"['OtterBox Defender', 'Spigen Tough Armor', 'Apple Silicone Case']",1.86,True,Apple Silicone Case,False
3029,5217,666458,2025-01-12 08:01:23.421222,socks,Tablet,Homepage,False,[],2.2,False,,False
3030,5118,76102,2025-01-15 23:58:11.421222,dresses,Mobile,Product Page,False,[],0.24,False,,False
3031,2288,204220,2025-01-23 12:50:14.421222,wireless earbuds,Mobile,Homepage,True,"['AirPods Pro', 'Sony WF-1000XM4', 'Bose QuietComfort Earbuds']",3.27,True,Bose QuietComfort Earbuds,False
3032,9444,835052,2025-01-31 19:43:52.421222,water bottle,Desktop,Product Page,False,[],0.46,False,,False
3033,4182,849001,2025-01-19 13:39:22.421222,shoes,Tablet,Product Page,False,[],3.17,False,,False
3034,9863,107241,2025-01-24 09:15:50.421222,phone case,Mobile,Category Page,True,"['OtterBox Defender', 'Spigen Tough Armor', 'Apple Silicone Case']",2.08,True,Spigen Tough Armor,True
3035,9713,553651,2025-01-10 17:03:32.421222,socks,Tablet,Homepage,False,[],2.51,False,,False
3036,9707,686109,2025-01-23 06:39:22.421222,shoes,Mobile,Homepage,False,[],2.85,False,,False
3037,7712,476568,2025-01-26 07:41:34.421222,keyboard,Desktop,Category Page,True,"['Logitech MX Keys', 'Razer BlackWidow', 'Corsair K95']",1.74,True,Logitech MX Keys,False
3038,6664,413351,2025-01-22 17:53:27.421222,laptop,Tablet,Category Page,True,"['Dell XPS 13', 'MacBook Air', 'HP Spectre x360']",0.4,True,MacBook Air,False
3039,3617,177593,2025-01-16 10:09:12.421222,coffee mug,Mobile,Homepage,True,"['Ceramic Mug', 'Travel Mug', 'Insulated Mug']",2.25,True,Travel Mug,True
3040,6320,688051,2025-01-09 06:35:06.421222,water bottle,Mobile,Homepage,False,[],2.8,False,,False
3041,7655,329973,2025-01-19 02:45:42.421222,water bottle,Mobile,Category Page,False,[],2.22,False,,False
3042,9597,234052,2025-01-15 03:36:55.421222,coffee mug,Mobile,Homepage,True,"['Ceramic Mug', 'Travel Mug', 'Insulated Mug']",1.21,False,,False
3043,5816,488949,2025-02-01 18:41:13.421222,laptop,Tablet,Category Page,True,"['Dell XPS 13', 'MacBook Air', 'HP Spectre x360']",2.33,True,MacBook Air,True
3044,9286,178313,2025-01-13 05:08:05.421222,mouse,Tablet,Homepage,True,"['Logitech MX Master 3', 'Razer DeathAdder', 'SteelSeries Rival 5']",2.77,True,Logitech MX Master 3,True
3045,4812,910924,2025-01-22 17:42:26.421222,water bottle,Tablet,Category Page,False,[],2.8,False,,False
3046,7379,567873,2025-01-31 01:37:09.421222,keyboard,Mobile,Category Page,True,"['Logitech MX Keys', 'Razer BlackWidow', 'Corsair K95']",1.25,True,Corsair K95,False
3047,2940,244263,2025-01-17 03:31:10.421222,keyboard,Tablet,Product Page,True,"['Logitech MX Keys', 'Razer BlackWidow', 'Corsair K95']",2.76,True,Logitech MX Keys,False
3048,6634,139825,2025-01-22 02:39:45.421222,headphones,Tablet,Homepage,True,"['Sony WH-1000XM5', 'Bose 700', 'Sennheiser Momentum 4']",2.12,False,,False
3049,5634,600918,2025-02-03 05:18:06.421222,headphones,Tablet,Category Page,True,"['Sony WH-1000XM5', 'Bose 700', 'Sennheiser Momentum 4']",3.05,False,,False
3050,2043,542540,2025-01-26 17:36:18.421222,headphones,Desktop,Product Page,True,"['Sony WH-1000XM5', 'Bose 700', 'Sennheiser Momentum 4']",1.74,True,Sony WH-1000XM5,True
3051,1348,958297,2025-01-30 01:03:50.421222,phone case,Mobile,Product Page,True,"['OtterBox Defender', 'Spigen Tough Armor', 'Apple Silicone Case']",2.42,True,Spigen Tough Armor,True
3052,6578,732288,2025-01-20 20:16:53.421222,gaming chair,Desktop,Category Page,True,"['DXRacer', 'Secretlab Titan', 'Razer Iskur']",0.65,False,,False
3053,2326,742695,2025-01-16 23:05:10.421222,water bottle,Desktop,Product Page,False,[],2.27,False,,False
3054,2218,356293,2025-01-21 02:48:16.421222,coffee mug,Tablet,Homepage,True,"['Ceramic Mug', 'Travel Mug', 'Insulated Mug']",2.83,True,Insulated Mug,False
3055,4357,913699,2025-01-24 18:50:56.421222,gaming chair,Desktop,Homepage,True,"['DXRacer', 'Secretlab Titan', 'Razer Iskur']",2.25,False,,False
3056,8058,563924,2025-01-16 05:41:22.421222,wireless earbuds,Tablet,Homepage,True,"['AirPods Pro', 'Sony WF-1000XM4', 'Bose QuietComfort Earbuds']",0.74,False,,False
3057,7079,883643,2025-01-14 05:38:42.421222,external hard drive,Desktop,Homepage,True,"['Seagate 2TB', 'WD My Passport', 'Samsung T7']",2.31,True,WD My Passport,False
3058,7859,747123,2025-01-14 15:25:09.421222,keyboard,Tablet,Homepage,True,"['Logitech MX Keys', 'Razer BlackWidow', 'Corsair K95']",0.84,False,,False
3059,5680,915906,2025-01-26 13:12:31.421222,mouse,Desktop,Product Page,True,"['Logitech MX Master 3', 'Razer DeathAdder', 'SteelSeries Rival 5']",2.77,False,,False
3060,5384,414248,2025-01-14 00:29:42.421222,smartphone,Desktop,Category Page,True,"['iPhone 15', 'Samsung Galaxy S24', 'Google Pixel 8']",1.19,True,Samsung Galaxy S24,False
3061,5767,367570,2025-01-18 20:55:17.421222,headphones,Tablet,Homepage,True,"['Sony WH-1000XM5', 'Bose 700', 'Sennheiser Momentum 4']",2.8,True,Sennheiser Momentum 4,False
3062,1078,153035,2025-01-16 23:59:48.421222,socks,Mobile,Product Page,False,[],1.62,False,,False
3063,6160,687282,2025-01-30 00:47:33.421222,external hard drive,Tablet,Product Page,True,"['Seagate 2TB', 'WD My Passport', 'Samsung T7']",0.62,True,Samsung T7,True
3064,9980,738318,2025-01-07 16:16:22.421222,keyboard,Tablet,Product Page,True,"['Logitech MX Keys', 'Razer BlackWidow', 'Corsair K95']",1.18,False,,False
3065,3478,726998,2025-01-19 20:28:43.421222,water bottle,Desktop,Category Page,False,[],0.29,False,,False
3066,1647,418709,2025-01-18 06:19:16.421222,phone case,Tablet,Category Page,True,"['OtterBox Defender', 'Spigen Tough Armor', 'Apple Silicone Case']",3.01,True,Spigen Tough Armor,False
3067,2988,443239,2025-02-03 00:05:07.421222,wireless earbuds,Mobile,Category Page,True,"['AirPods Pro', 'Sony WF-1000XM4', 'Bose QuietComfort Earbuds']",3.43,True,Sony WF-1000XM4,False
3068,2827,144718,2025-02-03 22:29:55.421222,socks,Tablet,Category Page,False,[],0.62,False,,False
3069,7679,392295,2025-01-25 00:32:52.421222,water bottle,Mobile,Product Page,False,[],2.0,False,,False
3070,5643,336413,2025-01-12 23:41:48.421222,phone case,Tablet,Homepage,True,"['OtterBox Defender', 'Spigen Tough Armor', 'Apple Silicone Case']",0.84,True,Apple Silicone Case,False
3071,6600,245878,2025-01-23 16:34:33.421222,gaming chair,Mobile,Homepage,True,"['DXRacer', 'Secretlab Titan', 'Razer Iskur']",3.48,True,DXRacer,True
3072,3479,518083,2025-01-27 02:06:31.421222,coffee mug,Tablet,Category Page,True,"['Ceramic Mug', 'Travel Mug', 'Insulated Mug']",1.27,False,,False
3073,4355,325495,2025-02-02 19:44:01.421222,wireless earbuds,Desktop,Homepage,True,"['AirPods Pro', 'Sony WF-1000XM4', 'Bose QuietComfort Earbuds']",2.14,True,Bose QuietComfort Earbuds,True
3074,1923,966817,2025-01-07 23:56:52.421222,external hard drive,Mobile,Homepage,True,"['Seagate 2TB', 'WD My Passport', 'Samsung T7']",1.3,True,WD My Passport,True
3075,1829,389370,2025-01-27 22:09:16.421222,laptop,Desktop,Product Page,True,"['Dell XPS 13', 'MacBook Air', 'HP Spectre x360']",1.14,True,Dell XPS 13,False
3076,9009,901166,2025-01-14 19:30:21.421222,wireless earbuds,Mobile,Homepage,True,"['AirPods Pro', 'Sony WF-1000XM4', 'Bose QuietComfort Earbuds']",2.52,True,Sony WF-1000XM4,False
3077,9642,448865,2025-01-29 02:21:51.421222,coffee mug,Mobile,Product Page,True,"['Ceramic Mug', 'Travel Mug', 'Insulated Mug']",0.39,True,Insulated Mug,False
3078,1402,673802,2025-01-08 10:51:35.421222,socks,Tablet,Product Page,False,[],1.35,False,,False
3079,3633,818680,2025-01-22 19:40:50.421222,headphones,Tablet,Category Page,True,"['Sony WH-1000XM5', 'Bose 700', 'Sennheiser Momentum 4']",3.15,True,Bose 700,False
3080,8905,933021,2025-01-05 22:42:45.421222,wireless earbuds,Tablet,Category Page,True,"['AirPods Pro', 'Sony WF-1000XM4', 'Bose QuietComfort Earbuds']",1.9,True,Bose QuietComfort Earbuds,False
3081,9254,639099,2025-01-22 04:17:50.421222,water bottle,Tablet,Category Page,False,[],1.82,False,,False
3082,3693,538583,2025-01-25 16:01:59.421222,mouse,Tablet,Homepage,True,"['Logitech MX Master 3', 'Razer DeathAdder', 'SteelSeries Rival 5']",2.35,True,SteelSeries Rival 5,False
3083,3942,709147,2025-01-16 18:18:25.421222,laptop,Tablet,Homepage,True,"['Dell XPS 13', 'MacBook Air', 'HP Spectre x360']",1.01,True,HP Spectre x360,False
3084,5175,488716,2025-01-08 14:49:27.421222,external hard drive,Desktop,Homepage,True,"['Seagate 2TB', 'WD My Passport', 'Samsung T7']",1.35,True,WD My Passport,False
3085,7799,118444,2025-01-28 17:06:21.421222,laptop,Mobile,Product Page,True,"['Dell XPS 13', 'MacBook Air', 'HP Spectre x360']",0.49,True,Dell XPS 13,False
3086,2495,163670,2025-01-06 04:16:11.421222,gaming chair,Tablet,Product Page,True,"['DXRacer', 'Secretlab Titan', 'Razer Iskur']",3.2,False,,False
3087,9682,993886,2025-01-26 07:09:05.421222,gaming chair,Tablet,Homepage,True,"['DXRacer', 'Secretlab Titan', 'Razer Iskur']",0.36,True,Razer Iskur,False
3088,7270,516615,2025-01-18 17:59:23.421222,water bottle,Mobile,Category Page,False,[],0.74,False,,False
3089,8643,817390,2025-02-02 21:04:51.421222,shoes,Desktop,Homepage,False,[],3.47,False,,False
3090,8890,858787,2025-01-31 19:35:24.421222,phone case,Mobile,Category Page,True,"['OtterBox Defender', 'Spigen Tough Armor', 'Apple Silicone Case']",1.17,True,Spigen Tough Armor,False
3091,9829,393035,2025-01-11 07:02:47.421222,socks,Tablet,Category Page,False,[],1.54,False,,False
3092,7568,827060,2025-01-27 12:01:11.421222,laptop,Tablet,Homepage,True,"['Dell XPS 13', 'MacBook Air', 'HP Spectre x360']",0.91,True,MacBook Air,False
3093,4039,476026,2025-02-03 23:00:26.421222,wireless earbuds,Mobile,Product Page,True,"['AirPods Pro', 'Sony WF-1000XM4', 'Bose QuietComfort Earbuds']",2.24,True,AirPods Pro,True
3094,5275,256014,2025-01-24 21:47:18.421222,keyboard,Tablet,Homepage,True,"['Logitech MX Keys', 'Razer BlackWidow', 'Corsair K95']",1.59,True,Corsair K95,True
3095,7711,147336,2025-01-31 03:58:18.421222,laptop,Tablet,Product Page,True,"['Dell XPS 13', 'MacBook Air', 'HP Spectre x360']",1.8,True,HP Spectre x360,False
3096,9918,796518,2025-01-12 19:49:17.421222,wireless earbuds,Desktop,Category Page,True,"['AirPods Pro', 'Sony WF-1000XM4', 'Bose QuietComfort Earbuds']",3.44,True,AirPods Pro,False
3097,7161,662748,2025-01-30 08:56:36.421222,gaming chair,Mobile,Category Page,True,"['DXRacer', 'Secretlab Titan', 'Razer Iskur']",1.53,True,Secretlab Titan,False
3098,9904,248550,2025-01-26 09:45:54.421222,smartphone,Tablet,Product Page,True,"['iPhone 15', 'Samsung Galaxy S24', 'Google Pixel 8']",2.11,True,Google Pixel 8,False
3099,3963,569136,2025-01-30 11:21:27.421222,mouse,Mobile,Homepage,True,"['Logitech MX Master 3', 'Razer DeathAdder', 'SteelSeries Rival 5']",1.43,True,Razer DeathAdder,False
3100,3262,641306,2025-01-13 22:42:10.421222,laptop,Tablet,Product Page,True,"['Dell XPS 13', 'MacBook Air', 'HP Spectre x360']",3.01,True,Dell XPS 13,True
3101,7182,402992,2025-01-28 14:17:28.421222,shoes,Mobile,Product Page,False,[],2.99,False,,False
3102,5596,184117,2025-01-23 19:16:17.421222,wireless earbuds,Tablet,Category Page,True,"['AirPods Pro', 'Sony WF-1000XM4', 'Bose QuietComfort Earbuds']",1.79,True,Bose QuietComfort Earbuds,False
3103,5961,891677,2025-01-25 00:28:55.421222,gaming chair,Tablet,Category Page,True,"['DXRacer', 'Secretlab Titan', 'Razer Iskur']",2.59,False,,False
3104,1767,700054,2025-01-13 19:38:47.421222,gaming chair,Tablet,Homepage,True,"['DXRacer', 'Secretlab Titan', 'Razer Iskur']",0.21,False,,False
3105,7143,988714,2025-01-29 21:42:05.421222,gaming chair,Desktop,Homepage,True,"['DXRacer', 'Secretlab Titan', 'Razer Iskur']",0.42,False,,False
3106,7322,286905,2025-01-25 09:07:02.421222,external hard drive,Tablet,Product Page,True,"['Seagate 2TB', 'WD My Passport', 'Samsung T7']",1.15,True,WD My Passport,False
3107,7782,944014,2025-02-01 00:58:32.421222,gaming chair,Desktop,Homepage,True,"['DXRacer', 'Secretlab Titan', 'Razer Iskur']",2.52,False,,False
3108,3179,468616,2025-01-15 19:46:27.421222,phone case,Desktop,Homepage,True,"['OtterBox Defender', 'Spigen Tough Armor', 'Apple Silicone Case']",1.02,False,,False
3109,4528,399882,2025-01-06 12:08:55.421222,wireless earbuds,Mobile,Category Page,True,"['AirPods Pro', 'Sony WF-1000XM4', 'Bose QuietComfort Earbuds']",0.8,True,Bose QuietComfort Earbuds,False
3110,6262,519949,2025-01-18 10:33:14.421222,keyboard,Mobile,Product Page,True,"['Logitech MX Keys', 'Razer BlackWidow', 'Corsair K95']",1.2,True,Logitech MX Keys,False
3111,3188,383732,2025-01-27 04:21:29.421222,dresses,Tablet,Category Page,False,[],2.36,False,,False
3112,8739,462049,2025-01-07 02:21:38.421222,coffee mug,Desktop,Homepage,True,"['Ceramic Mug', 'Travel Mug', 'Insulated Mug']",2.12,True,Travel Mug,False
3113,1301,392679,2025-01-30 11:31:35.421222,dresses,Tablet,Homepage,False,[],2.28,False,,False
3114,9652,133396,2025-01-15 05:40:30.421222,keyboard,Mobile,Homepage,True,"['Logitech MX Keys', 'Razer BlackWidow', 'Corsair K95']",1.09,True,Razer BlackWidow,False
3115,2056,483097,2025-01-07 21:07:06.421222,external hard drive,Desktop,Product Page,True,"['Seagate 2TB', 'WD My Passport', 'Samsung T7']",2.37,False,,False
3116,2990,246334,2025-01-28 09:36:10.421222,socks,Mobile,Product Page,False,[],3.28,False,,False
3117,6187,541114,2025-01-26 11:45:03.421222,dresses,Desktop,Homepage,False,[],2.24,False,,False
3118,4581,771866,2025-01-20 22:43:39.421222,mouse,Desktop,Category Page,True,"['Logitech MX Master 3', 'Razer DeathAdder', 'SteelSeries Rival 5']",0.53,True,SteelSeries Rival 5,False
3119,8536,116753,2025-01-29 16:01:33.421222,wireless earbuds,Desktop,Product Page,True,"['AirPods Pro', 'Sony WF-1000XM4', 'Bose QuietComfort Earbuds']",2.89,False,,False
3120,5676,886280,2025-01-26 23:39:15.421222,laptop,Mobile,Category Page,True,"['Dell XPS 13', 'MacBook Air', 'HP Spectre x360']",2.95,False,,False
3121,7291,136246,2025-01-25 09:45:45.421222,gaming chair,Tablet,Homepage,True,"['DXRacer', 'Secretlab Titan', 'Razer Iskur']",1.84,True,DXRacer,False
3122,9590,97210,2025-02-01 20:15:34.421222,wireless earbuds,Mobile,Product Page,True,"['AirPods Pro', 'Sony WF-1000XM4', 'Bose QuietComfort Earbuds']",3.06,True,AirPods Pro,False
3123,6156,854845,2025-02-02 21:08:41.421222,gaming chair,Tablet,Homepage,True,"['DXRacer', 'Secretlab Titan', 'Razer Iskur']",2.88,True,Secretlab Titan,True
3124,5843,722109,2025-01-07 10:09:45.421222,phone case,Tablet,Homepage,True,"['OtterBox Defender', 'Spigen Tough Armor', 'Apple Silicone Case']",0.25,False,,False
3125,7824,888832,2025-01-21 09:52:46.421222,dresses,Mobile,Homepage,False,[],0.6,False,,False
3126,8649,730845,2025-01-24 11:23:10.421222,coffee mug,Mobile,Homepage,True,"['Ceramic Mug', 'Travel Mug', 'Insulated Mug']",1.98,False,,False
3127,3197,551852,2025-01-08 21:40:13.421222,wireless earbuds,Mobile,Homepage,True,"['AirPods Pro', 'Sony WF-1000XM4', 'Bose QuietComfort Earbuds']",2.4,True,AirPods Pro,False
3128,5522,736664,2025-02-03 22:58:46.421222,socks,Mobile,Homepage,False,[],1.81,False,,False
3129,8582,783112,2025-01-28 08:51:48.421222,mouse,Desktop,Category Page,True,"['Logitech MX Master 3', 'Razer DeathAdder', 'SteelSeries Rival 5']",0.66,False,,False
3130,7633,722235,2025-01-16 02:28:13.421222,shoes,Tablet,Product Page,False,[],1.19,False,,False
3131,6662,635742,2025-01-28 02:34:57.421222,coffee mug,Mobile,Homepage,True,"['Ceramic Mug', 'Travel Mug', 'Insulated Mug']",0.25,True,Ceramic Mug,False
3132,3178,426772,2025-02-02 16:28:55.421222,headphones,Mobile,Category Page,True,"['Sony WH-1000XM5', 'Bose 700', 'Sennheiser Momentum 4']",1.52,True,Sony WH-1000XM5,False
3133,9621,674561,2025-01-29 18:00:43.421222,laptop,Desktop,Product Page,True,"['Dell XPS 13', 'MacBook Air', 'HP Spectre x360']",2.22,True,Dell XPS 13,True
3134,9721,73923,2025-01-12 17:19:18.421222,wireless earbuds,Tablet,Category Page,True,"['AirPods Pro', 'Sony WF-1000XM4', 'Bose QuietComfort Earbuds']",0.81,True,Bose QuietComfort Earbuds,False
3135,3938,515089,2025-01-07 21:41:58.421222,coffee mug,Tablet,Homepage,True,"['Ceramic Mug', 'Travel Mug', 'Insulated Mug']",1.69,True,Ceramic Mug,False
3136,1620,957171,2025-01-10 05:34:13.421222,water bottle,Mobile,Category Page,False,[],1.88,False,,False
3137,6154,923445,2025-01-28 00:21:58.421222,dresses,Mobile,Category Page,False,[],1.1,False,,False
3138,2083,839820,2025-01-20 12:42:41.421222,headphones,Desktop,Homepage,True,"['Sony WH-1000XM5', 'Bose 700', 'Sennheiser Momentum 4']",2.36,True,Sennheiser Momentum 4,True
3139,2297,458152,2025-01-14 00:45:15.421222,laptop,Tablet,Homepage,True,"['Dell XPS 13', 'MacBook Air', 'HP Spectre x360']",3.08,True,HP Spectre x360,False
3140,2989,657835,2025-01-26 12:45:15.421222,wireless earbuds,Desktop,Homepage,True,"['AirPods Pro', 'Sony WF-1000XM4', 'Bose QuietComfort Earbuds']",1.32,True,AirPods Pro,False
3141,7352,924457,2025-01-29 23:37:27.421222,socks,Mobile,Homepage,False,[],0.28,False,,False
3142,5239,520582,2025-01-30 20:56:33.421222,phone case,Mobile,Homepage,True,"['OtterBox Defender', 'Spigen Tough Armor', 'Apple Silicone Case']",0.5,True,Spigen Tough Armor,False
3143,4917,94317,2025-01-17 11:54:01.421222,mouse,Desktop,Category Page,True,"['Logitech MX Master 3', 'Razer DeathAdder', 'SteelSeries Rival 5']",1.2,False,,False
3144,4748,325878,2025-01-06 06:29:57.421222,coffee mug,Desktop,Product Page,True,"['Ceramic Mug', 'Travel Mug', 'Insulated Mug']",2.41,False,,False
3145,5103,641887,2025-01-10 13:19:07.421222,shoes,Tablet,Category Page,False,[],0.91,False,,False
3146,1355,178897,2025-01-17 10:30:59.421222,external hard drive,Tablet,Product Page,True,"['Seagate 2TB', 'WD My Passport', 'Samsung T7']",2.76,True,WD My Passport,False
3147,3543,56331,2025-01-28 04:48:10.421222,dresses,Mobile,Homepage,False,[],1.98,False,,False
3148,4853,583761,2025-01-28 21:13:40.421222,coffee mug,Tablet,Product Page,True,"['Ceramic Mug', 'Travel Mug', 'Insulated Mug']",0.46,True,Travel Mug,False
3149,7659,56772,2025-01-23 10:52:16.421222,coffee mug,Mobile,Homepage,True,"['Ceramic Mug', 'Travel Mug', 'Insulated Mug']",0.44,True,Insulated Mug,False
3150,6430,568792,2025-02-01 09:25:25.421222,external hard drive,Tablet,Product Page,True,"['Seagate 2TB', 'WD My Passport', 'Samsung T7']",3.3,True,Samsung T7,False
3151,8845,935488,2025-01-27 15:16:20.421222,water bottle,Desktop,Homepage,False,[],3.27,False,,False
3152,1401,939218,2025-01-19 02:36:29.421222,gaming chair,Tablet,Homepage,True,"['DXRacer', 'Secretlab Titan', 'Razer Iskur']",1.61,False,,False
3153,1841,834087,2025-01-22 23:43:44.421222,water bottle,Tablet,Product Page,False,[],2.45,False,,False
3154,4474,509425,2025-01-06 11:41:47.421222,headphones,Desktop,Category Page,True,"['Sony WH-1000XM5', 'Bose 700', 'Sennheiser Momentum 4']",1.2,False,,False
3155,4807,169663,2025-01-15 15:49:27.421222,shoes,Tablet,Product Page,False,[],1.76,False,,False
3156,9849,996602,2025-01-26 19:16:08.421222,shoes,Mobile,Category Page,False,[],1.29,False,,False
3157,5094,797748,2025-01-11 05:46:51.421222,headphones,Tablet,Homepage,True,"['Sony WH-1000XM5', 'Bose 700', 'Sennheiser Momentum 4']",2.51,True,Sennheiser Momentum 4,False
3158,7753,528933,2025-01-24 04:21:02.421222,socks,Desktop,Product Page,False,[],0.23,False,,False
3159,6589,832135,2025-01-06 15:50:43.421222,water bottle,Desktop,Category Page,False,[],2.29,False,,False
3160,7254,927666,2025-01-18 02:39:49.421222,headphones,Mobile,Homepage,True,"['Sony WH-1000XM5', 'Bose 700', 'Sennheiser Momentum 4']",0.96,True,Sony WH-1000XM5,False
3161,7038,452152,2025-01-18 18:49:10.421222,phone case,Mobile,Product Page,True,"['OtterBox Defender', 'Spigen Tough Armor', 'Apple Silicone Case']",0.5,True,Spigen Tough Armor,True
3162,2506,149435,2025-01-16 16:14:28.421222,socks,Tablet,Product Page,False,[],1.07,False,,False
3163,1855,752704,2025-01-26 12:37:59.421222,mouse,Tablet,Homepage,True,"['Logitech MX Master 3', 'Razer DeathAdder', 'SteelSeries Rival 5']",1.19,False,,False
3164,7093,488058,2025-01-07 12:31:17.421222,keyboard,Desktop,Category Page,True,"['Logitech MX Keys', 'Razer BlackWidow', 'Corsair K95']",2.0,False,,False
3165,1144,197545,2025-01-21 15:13:41.421222,socks,Desktop,Homepage,False,[],0.37,False,,False
3166,6596,382138,2025-01-11 23:06:35.421222,wireless earbuds,Tablet,Category Page,True,"['AirPods Pro', 'Sony WF-1000XM4', 'Bose QuietComfort Earbuds']",1.81,False,,False
3167,6037,347042,2025-02-01 10:48:06.421222,water bottle,Mobile,Product Page,False,[],2.16,False,,False
3168,2868,477434,2025-01-23 18:26:47.421222,phone case,Mobile,Product Page,True,"['OtterBox Defender', 'Spigen Tough Armor', 'Apple Silicone Case']",2.26,True,Apple Silicone Case,True
3169,2850,910482,2025-01-27 18:43:04.421222,smartphone,Tablet,Homepage,True,"['iPhone 15', 'Samsung Galaxy S24', 'Google Pixel 8']",1.31,False,,False
3170,6320,234505,2025-01-07 01:51:46.421222,mouse,Tablet,Product Page,True,"['Logitech MX Master 3', 'Razer DeathAdder', 'SteelSeries Rival 5']",1.87,True,Logitech MX Master 3,True
3171,6390,656717,2025-01-20 11:46:33.421222,water bottle,Desktop,Category Page,False,[],1.43,False,,False
3172,7418,206654,2025-01-15 03:10:55.421222,smartphone,Mobile,Category Page,True,"['iPhone 15', 'Samsung Galaxy S24', 'Google Pixel 8']",2.24,True,Google Pixel 8,False
3173,4343,865342,2025-01-24 15:30:25.421222,dresses,Tablet,Homepage,False,[],1.31,False,,False
3174,1633,415324,2025-01-31 02:41:02.421222,dresses,Tablet,Homepage,False,[],1.44,False,,False
3175,4390,55214,2025-01-22 15:31:00.421222,dresses,Desktop,Category Page,False,[],2.02,False,,False
3176,4417,574347,2025-01-17 12:19:19.421222,water bottle,Mobile,Category Page,False,[],1.96,False,,False
3177,7477,86737,2025-01-18 11:18:15.421222,shoes,Desktop,Homepage,False,[],0.33,False,,False
3178,3338,993227,2025-01-06 23:32:12.421222,smartphone,Desktop,Homepage,True,"['iPhone 15', 'Samsung Galaxy S24', 'Google Pixel 8']",0.28,True,Google Pixel 8,False
3179,6483,918339,2025-01-08 02:51:30.421222,dresses,Desktop,Homepage,False,[],2.08,False,,False
3180,7332,397457,2025-02-03 08:15:34.421222,dresses,Desktop,Category Page,False,[],2.5,False,,False
3181,9655,308472,2025-01-18 11:18:10.421222,keyboard,Desktop,Product Page,True,"['Logitech MX Keys', 'Razer BlackWidow', 'Corsair K95']",3.29,False,,False
3182,5283,907932,2025-01-12 13:06:28.421222,socks,Mobile,Category Page,False,[],0.53,False,,False
3183,5500,793823,2025-01-15 04:39:53.421222,keyboard,Mobile,Homepage,True,"['Logitech MX Keys', 'Razer BlackWidow', 'Corsair K95']",1.25,True,Razer BlackWidow,False
3184,6822,769716,2025-01-30 13:22:15.421222,dresses,Tablet,Product Page,False,[],2.45,False,,False
3185,9728,711933,2025-01-10 01:05:27.421222,socks,Tablet,Category Page,False,[],0.24,False,,False
3186,6818,348450,2025-01-08 18:15:34.421222,smartphone,Tablet,Homepage,True,"['iPhone 15', 'Samsung Galaxy S24', 'Google Pixel 8']",1.88,True,iPhone 15,True
3187,1474,446191,2025-01-16 14:06:55.421222,keyboard,Tablet,Category Page,True,"['Logitech MX Keys', 'Razer BlackWidow', 'Corsair K95']",1.14,True,Logitech MX Keys,False
3188,5335,704380,2025-01-14 19:13:42.421222,shoes,Mobile,Product Page,False,[],0.25,False,,False
3189,5676,434309,2025-01-19 12:07:12.421222,headphones,Desktop,Category Page,True,"['Sony WH-1000XM5', 'Bose 700', 'Sennheiser Momentum 4']",1.41,True,Bose 700,False
3190,8187,152566,2025-01-19 08:34:40.421222,socks,Desktop,Category Page,False,[],3.13,False,,False
3191,6860,702747,2025-01-11 01:34:36.421222,coffee mug,Desktop,Category Page,True,"['Ceramic Mug', 'Travel Mug', 'Insulated Mug']",1.03,True,Travel Mug,False
3192,4198,112060,2025-01-31 02:43:48.421222,gaming chair,Tablet,Homepage,True,"['DXRacer', 'Secretlab Titan', 'Razer Iskur']",2.46,False,,False
3193,7429,124113,2025-01-21 19:21:41.421222,smartphone,Desktop,Homepage,True,"['iPhone 15', 'Samsung Galaxy S24', 'Google Pixel 8']",0.99,True,Samsung Galaxy S24,True
3194,4548,212731,2025-01-20 15:41:26.421222,water bottle,Desktop,Category Page,False,[],0.78,False,,False
3195,3173,134623,2025-01-28 19:25:41.421222,water bottle,Desktop,Homepage,False,[],1.59,False,,False
3196,5814,98492,2025-01-22 05:23:09.421222,mouse,Mobile,Category Page,True,"['Logitech MX Master 3', 'Razer DeathAdder', 'SteelSeries Rival 5']",1.96,True,SteelSeries Rival 5,False
3197,6785,627692,2025-01-27 19:31:12.421222,mouse,Desktop,Category Page,True,"['Logitech MX Master 3', 'Razer DeathAdder', 'SteelSeries Rival 5']",0.78,False,,False
3198,8057,200236,2025-01-26 03:12:39.421222,shoes,Tablet,Product Page,False,[],0.3,False,,False
3199,4736,124287,2025-01-20 08:21:37.421222,coffee mug,Mobile,Homepage,True,"['Ceramic Mug', 'Travel Mug', 'Insulated Mug']",1.47,True,Ceramic Mug,False
3200,1926,583306,2025-01-06 21:42:34.421222,headphones,Mobile,Product Page,True,"['Sony WH-1000XM5', 'Bose 700', 'Sennheiser Momentum 4']",0.65,True,Bose 700,False
3201,5967,202406,2025-01-17 10:40:36.421222,socks,Desktop,Product Page,False,[],2.74,False,,False
3202,2221,247321,2025-01-17 11:42:08.421222,keyboard,Mobile,Category Page,True,"['Logitech MX Keys', 'Razer BlackWidow', 'Corsair K95']",0.41,False,,False
3203,4205,731676,2025-02-03 21:55:18.421222,gaming chair,Tablet,Product Page,True,"['DXRacer', 'Secretlab Titan', 'Razer Iskur']",0.69,True,Razer Iskur,False
3204,3743,671861,2025-01-31 19:23:03.421222,laptop,Desktop,Homepage,True,"['Dell XPS 13', 'MacBook Air', 'HP Spectre x360']",3.16,True,HP Spectre x360,True
3205,5618,980807,2025-01-19 15:48:04.421222,water bottle,Desktop,Homepage,False,[],2.73,False,,False
3206,8677,422033,2025-01-13 06:46:25.421222,wireless earbuds,Desktop,Product Page,True,"['AirPods Pro', 'Sony WF-1000XM4', 'Bose QuietComfort Earbuds']",2.33,True,AirPods Pro,False
3207,2857,557041,2025-02-03 13:29:23.421222,wireless earbuds,Desktop,Category Page,True,"['AirPods Pro', 'Sony WF-1000XM4', 'Bose QuietComfort Earbuds']",2.24,True,Sony WF-1000XM4,False
3208,3196,135929,2025-01-28 21:30:28.421222,laptop,Tablet,Product Page,True,"['Dell XPS 13', 'MacBook Air', 'HP Spectre x360']",1.29,True,Dell XPS 13,False
3209,9499,821356,2025-01-29 16:21:07.421222,shoes,Mobile,Homepage,False,[],3.15,False,,False
3210,4295,587093,2025-01-17 05:43:15.421222,gaming chair,Desktop,Product Page,True,"['DXRacer', 'Secretlab Titan', 'Razer Iskur']",1.53,True,DXRacer,False
3211,8648,819625,2025-01-25 21:36:56.421222,headphones,Desktop,Product Page,True,"['Sony WH-1000XM5', 'Bose 700', 'Sennheiser Momentum 4']",2.81,True,Bose 700,False
3212,9859,232395,2025-01-31 08:41:41.421222,mouse,Desktop,Category Page,True,"['Logitech MX Master 3', 'Razer DeathAdder', 'SteelSeries Rival 5']",3.21,True,Razer DeathAdder,False
3213,7658,514927,2025-01-28 15:29:29.421222,laptop,Mobile,Homepage,True,"['Dell XPS 13', 'MacBook Air', 'HP Spectre x360']",0.32,False,,False
3214,7318,197487,2025-01-20 17:54:43.421222,wireless earbuds,Desktop,Homepage,True,"['AirPods Pro', 'Sony WF-1000XM4', 'Bose QuietComfort Earbuds']",0.57,False,,False
3215,7524,601139,2025-01-26 20:24:29.421222,laptop,Desktop,Product Page,True,"['Dell XPS 13', 'MacBook Air', 'HP Spectre x360']",3.38,True,Dell XPS 13,False
3216,1129,758099,2025-01-09 16:24:59.421222,dresses,Mobile,Product Page,False,[],3.04,False,,False
3217,4004,185597,2025-01-21 15:41:06.421222,shoes,Mobile,Homepage,False,[],2.28,False,,False
3218,9131,536114,2025-02-01 03:57:36.421222,gaming chair,Tablet,Homepage,True,"['DXRacer', 'Secretlab Titan', 'Razer Iskur']",1.2,True,Secretlab Titan,False
3219,6588,621086,2025-01-27 16:46:45.421222,coffee mug,Desktop,Product Page,True,"['Ceramic Mug', 'Travel Mug', 'Insulated Mug']",2.4,False,,False
3220,9006,911627,2025-01-25 00:35:50.421222,socks,Desktop,Product Page,False,[],1.2,False,,False
3221,6427,351504,2025-01-18 11:10:52.421222,smartphone,Desktop,Category Page,True,"['iPhone 15', 'Samsung Galaxy S24', 'Google Pixel 8']",1.04,True,Samsung Galaxy S24,False
3222,5113,62744,2025-01-20 09:25:36.421222,water bottle,Mobile,Category Page,False,[],0.59,False,,False
3223,6717,110892,2025-01-29 10:54:15.421222,smartphone,Desktop,Product Page,True,"['iPhone 15', 'Samsung Galaxy S24', 'Google Pixel 8']",3.06,True,iPhone 15,False
3224,3440,781914,2025-01-15 00:45:11.421222,keyboard,Desktop,Category Page,True,"['Logitech MX Keys', 'Razer BlackWidow', 'Corsair K95']",2.07,True,Razer BlackWidow,False
3225,8574,721776,2025-01-25 18:30:38.421222,laptop,Tablet,Category Page,True,"['Dell XPS 13', 'MacBook Air', 'HP Spectre x360']",3.35,True,MacBook Air,False
3226,9460,95904,2025-01-10 13:23:58.421222,keyboard,Desktop,Homepage,True,"['Logitech MX Keys', 'Razer BlackWidow', 'Corsair K95']",1.8,True,Logitech MX Keys,False
3227,1657,765900,2025-01-22 21:17:02.421222,coffee mug,Mobile,Category Page,True,"['Ceramic Mug', 'Travel Mug', 'Insulated Mug']",0.26,True,Travel Mug,False
3228,5595,169386,2025-01-10 16:51:17.421222,socks,Mobile,Homepage,False,[],2.03,False,,False
3229,3616,944939,2025-01-31 13:53:48.421222,gaming chair,Mobile,Category Page,True,"['DXRacer', 'Secretlab Titan', 'Razer Iskur']",2.16,False,,False
3230,5258,382985,2025-01-14 22:54:16.421222,laptop,Desktop,Homepage,True,"['Dell XPS 13', 'MacBook Air', 'HP Spectre x360']",0.45,False,,False
3231,6916,806221,2025-01-22 12:33:24.421222,smartphone,Tablet,Product Page,True,"['iPhone 15', 'Samsung Galaxy S24', 'Google Pixel 8']",3.0,True,Samsung Galaxy S24,True
3232,8903,531880,2025-02-01 04:17:21.421222,wireless earbuds,Desktop,Product Page,True,"['AirPods Pro', 'Sony WF-1000XM4', 'Bose QuietComfort Earbuds']",2.68,True,AirPods Pro,False
3233,5392,321334,2025-01-22 07:38:51.421222,water bottle,Desktop,Category Page,False,[],2.28,False,,False
3234,7253,887102,2025-02-04 03:50:43.421222,dresses,Desktop,Product Page,False,[],0.92,False,,False
3235,9685,391796,2025-01-28 07:16:30.421222,keyboard,Desktop,Homepage,True,"['Logitech MX Keys', 'Razer BlackWidow', 'Corsair K95']",1.1,True,Razer BlackWidow,True
3236,1650,56599,2025-01-10 15:40:53.421222,keyboard,Mobile,Product Page,True,"['Logitech MX Keys', 'Razer BlackWidow', 'Corsair K95']",0.94,True,Corsair K95,False
3237,1076,423483,2025-01-07 06:06:24.421222,shoes,Tablet,Homepage,False,[],2.2,False,,False
3238,7938,101864,2025-01-15 22:04:25.421222,external hard drive,Mobile,Category Page,True,"['Seagate 2TB', 'WD My Passport', 'Samsung T7']",2.04,True,WD My Passport,True
3239,4196,903737,2025-01-05 18:00:32.421222,phone case,Mobile,Homepage,True,"['OtterBox Defender', 'Spigen Tough Armor', 'Apple Silicone Case']",3.22,False,,False
3240,7411,506129,2025-01-06 13:45:05.421222,headphones,Mobile,Product Page,True,"['Sony WH-1000XM5', 'Bose 700', 'Sennheiser Momentum 4']",1.55,True,Bose 700,False
3241,9292,389248,2025-01-15 04:27:06.421222,shoes,Mobile,Product Page,False,[],1.93,False,,False
3242,4574,659535,2025-01-22 16:54:14.421222,wireless earbuds,Tablet,Homepage,True,"['AirPods Pro', 'Sony WF-1000XM4', 'Bose QuietComfort Earbuds']",3.39,True,Bose QuietComfort Earbuds,False
3243,4584,416876,2025-01-08 14:57:21.421222,water bottle,Desktop,Product Page,False,[],3.13,False,,False
3244,8716,639499,2025-01-11 19:52:47.421222,laptop,Tablet,Product Page,True,"['Dell XPS 13', 'MacBook Air', 'HP Spectre x360']",2.77,True,Dell XPS 13,False
3245,8253,59885,2025-01-29 22:36:33.421222,phone case,Desktop,Category Page,True,"['OtterBox Defender', 'Spigen Tough Armor', 'Apple Silicone Case']",1.77,False,,False
3246,5024,508076,2025-01-21 05:11:25.421222,socks,Tablet,Product Page,False,[],0.95,False,,False
3247,5055,77554,2025-02-02 12:09:26.421222,wireless earbuds,Tablet,Homepage,True,"['AirPods Pro', 'Sony WF-1000XM4', 'Bose QuietComfort Earbuds']",0.68,True,Sony WF-1000XM4,False
3248,4572,848597,2025-01-07 22:56:27.421222,socks,Mobile,Category Page,False,[],3.12,False,,False
3249,5947,634282,2025-01-30 03:03:04.421222,water bottle,Tablet,Product Page,False,[],3.36,False,,False
3250,9976,618919,2025-02-01 23:52:47.421222,smartphone,Mobile,Product Page,True,"['iPhone 15', 'Samsung Galaxy S24', 'Google Pixel 8']",2.85,False,,False
3251,1540,748673,2025-02-02 07:00:48.421222,water bottle,Mobile,Category Page,False,[],3.04,False,,False
3252,1445,314719,2025-01-05 16:28:51.421222,socks,Mobile,Category Page,False,[],1.45,False,,False
3253,3663,345460,2025-01-31 08:26:23.421222,smartphone,Desktop,Product Page,True,"['iPhone 15', 'Samsung Galaxy S24', 'Google Pixel 8']",1.76,False,,False
3254,1164,389966,2025-02-01 02:10:11.421222,water bottle,Mobile,Category Page,False,[],1.94,False,,False
3255,8255,80171,2025-01-09 12:19:36.421222,laptop,Tablet,Product Page,True,"['Dell XPS 13', 'MacBook Air', 'HP Spectre x360']",2.84,True,HP Spectre x360,False
3256,3359,172997,2025-01-28 15:47:22.421222,external hard drive,Tablet,Homepage,True,"['Seagate 2TB', 'WD My Passport', 'Samsung T7']",3.1,True,Samsung T7,True
3257,1491,517002,2025-01-10 22:43:22.421222,phone case,Mobile,Product Page,True,"['OtterBox Defender', 'Spigen Tough Armor', 'Apple Silicone Case']",1.8,False,,False
3258,7286,952498,2025-01-23 13:48:27.421222,gaming chair,Tablet,Product Page,True,"['DXRacer', 'Secretlab Titan', 'Razer Iskur']",2.7,False,,False
3259,8279,553359,2025-01-24 01:49:46.421222,wireless earbuds,Tablet,Category Page,True,"['AirPods Pro', 'Sony WF-1000XM4', 'Bose QuietComfort Earbuds']",0.77,True,AirPods Pro,False
3260,6224,991173,2025-02-01 13:29:17.421222,phone case,Mobile,Product Page,True,"['OtterBox Defender', 'Spigen Tough Armor', 'Apple Silicone Case']",3.12,True,Spigen Tough Armor,True
3261,6122,839606,2025-02-02 12:31:26.421222,water bottle,Tablet,Category Page,False,[],2.25,False,,False
3262,7775,784697,2025-01-23 02:14:41.421222,headphones,Mobile,Homepage,True,"['Sony WH-1000XM5', 'Bose 700', 'Sennheiser Momentum 4']",0.39,True,Sony WH-1000XM5,True
3263,5320,835020,2025-01-20 11:36:28.421222,laptop,Tablet,Category Page,True,"['Dell XPS 13', 'MacBook Air', 'HP Spectre x360']",2.92,True,MacBook Air,False
3264,6121,83240,2025-01-16 04:52:20.421222,mouse,Mobile,Category Page,True,"['Logitech MX Master 3', 'Razer DeathAdder', 'SteelSeries Rival 5']",0.89,True,Razer DeathAdder,True
3265,1279,969848,2025-01-26 12:26:50.421222,coffee mug,Desktop,Homepage,True,"['Ceramic Mug', 'Travel Mug', 'Insulated Mug']",2.28,True,Insulated Mug,False
3266,8241,553877,2025-01-06 01:16:05.421222,keyboard,Tablet,Product Page,True,"['Logitech MX Keys', 'Razer BlackWidow', 'Corsair K95']",2.62,True,Corsair K95,False
3267,9770,466694,2025-01-08 14:08:04.421222,laptop,Tablet,Category Page,True,"['Dell XPS 13', 'MacBook Air', 'HP Spectre x360']",0.79,False,,False
3268,4846,458043,2025-01-15 05:08:17.421222,dresses,Tablet,Homepage,False,[],1.54,False,,False
3269,5309,724149,2025-01-29 22:48:54.421222,water bottle,Desktop,Homepage,False,[],0.85,False,,False
3270,5479,603839,2025-01-17 09:03:59.421222,laptop,Desktop,Product Page,True,"['Dell XPS 13', 'MacBook Air', 'HP Spectre x360']",3.4,True,MacBook Air,False
3271,2194,320313,2025-01-30 22:26:40.421222,wireless earbuds,Desktop,Homepage,True,"['AirPods Pro', 'Sony WF-1000XM4', 'Bose QuietComfort Earbuds']",1.23,True,Bose QuietComfort Earbuds,False
3272,1602,505223,2025-01-26 02:58:03.421222,laptop,Desktop,Homepage,True,"['Dell XPS 13', 'MacBook Air', 'HP Spectre x360']",1.59,True,MacBook Air,False
3273,4866,174005,2025-01-27 00:42:16.421222,keyboard,Tablet,Category Page,True,"['Logitech MX Keys', 'Razer BlackWidow', 'Corsair K95']",2.09,True,Razer BlackWidow,False
3274,5056,355941,2025-01-26 18:45:17.421222,gaming chair,Mobile,Homepage,True,"['DXRacer', 'Secretlab Titan', 'Razer Iskur']",2.72,False,,False
3275,7719,85477,2025-02-01 04:04:56.421222,coffee mug,Desktop,Homepage,True,"['Ceramic Mug', 'Travel Mug', 'Insulated Mug']",3.43,False,,False
3276,5630,222339,2025-01-17 18:48:51.421222,coffee mug,Tablet,Homepage,True,"['Ceramic Mug', 'Travel Mug', 'Insulated Mug']",2.93,False,,False
3277,1189,162436,2025-01-21 23:25:25.421222,headphones,Desktop,Category Page,True,"['Sony WH-1000XM5', 'Bose 700', 'Sennheiser Momentum 4']",1.26,True,Bose 700,False
3278,4280,758777,2025-01-24 00:04:11.421222,smartphone,Tablet,Product Page,True,"['iPhone 15', 'Samsung Galaxy S24', 'Google Pixel 8']",2.09,True,Samsung Galaxy S24,False
3279,5937,987759,2025-01-27 03:26:51.421222,smartphone,Mobile,Product Page,True,"['iPhone 15', 'Samsung Galaxy S24', 'Google Pixel 8']",0.91,True,iPhone 15,False
3280,1810,823007,2025-01-18 13:20:25.421222,keyboard,Tablet,Category Page,True,"['Logitech MX Keys', 'Razer BlackWidow', 'Corsair K95']",1.3,True,Corsair K95,False
3281,8365,674565,2025-01-08 13:14:18.421222,shoes,Tablet,Homepage,False,[],0.46,False,,False
3282,8850,913780,2025-01-09 10:44:31.421222,smartphone,Mobile,Category Page,True,"['iPhone 15', 'Samsung Galaxy S24', 'Google Pixel 8']",1.28,True,iPhone 15,True
3283,3234,703172,2025-01-28 09:39:05.421222,smartphone,Tablet,Homepage,True,"['iPhone 15', 'Samsung Galaxy S24', 'Google Pixel 8']",0.52,True,Google Pixel 8,False
3284,4708,927562,2025-01-15 21:58:28.421222,shoes,Desktop,Product Page,False,[],1.45,False,,False
3285,5420,495484,2025-01-23 14:00:33.421222,wireless earbuds,Desktop,Product Page,True,"['AirPods Pro', 'Sony WF-1000XM4', 'Bose QuietComfort Earbuds']",2.62,True,Bose QuietComfort Earbuds,False
3286,4314,874836,2025-01-19 10:47:52.421222,smartphone,Desktop,Product Page,True,"['iPhone 15', 'Samsung Galaxy S24', 'Google Pixel 8']",2.38,True,Google Pixel 8,False
3287,2054,148604,2025-01-29 08:12:52.421222,socks,Desktop,Homepage,False,[],1.28,False,,False
3288,9042,695219,2025-01-16 04:25:32.421222,laptop,Desktop,Homepage,True,"['Dell XPS 13', 'MacBook Air', 'HP Spectre x360']",3.39,True,HP Spectre x360,False
3289,5226,981082,2025-01-17 22:44:40.421222,wireless earbuds,Desktop,Homepage,True,"['AirPods Pro', 'Sony WF-1000XM4', 'Bose QuietComfort Earbuds']",2.81,False,,False
3290,7843,699266,2025-01-05 14:29:08.421222,smartphone,Mobile,Homepage,True,"['iPhone 15', 'Samsung Galaxy S24', 'Google Pixel 8']",1.6,True,Samsung Galaxy S24,True
3291,3991,813205,2025-01-23 09:54:40.421222,shoes,Desktop,Product Page,False,[],2.21,False,,False
3292,9946,872952,2025-01-13 05:18:56.421222,headphones,Desktop,Homepage,True,"['Sony WH-1000XM5', 'Bose 700', 'Sennheiser Momentum 4']",1.16,True,Sony WH-1000XM5,False
3293,4353,265113,2025-01-22 08:00:15.421222,socks,Tablet,Category Page,False,[],2.78,False,,False
3294,1983,467230,2025-01-11 22:38:36.421222,shoes,Tablet,Product Page,False,[],1.93,False,,False
3295,5928,55639,2025-01-17 07:41:14.421222,gaming chair,Mobile,Homepage,True,"['DXRacer', 'Secretlab Titan', 'Razer Iskur']",0.76,True,Secretlab Titan,True
3296,8820,595384,2025-01-13 23:00:39.421222,phone case,Desktop,Category Page,True,"['OtterBox Defender', 'Spigen Tough Armor', 'Apple Silicone Case']",2.58,True,Apple Silicone Case,False
3297,1631,263932,2025-01-13 23:22:31.421222,water bottle,Mobile,Homepage,False,[],2.71,False,,False
3298,6525,934250,2025-01-16 11:48:33.421222,headphones,Mobile,Product Page,True,"['Sony WH-1000XM5', 'Bose 700', 'Sennheiser Momentum 4']",3.2,False,,False
3299,3308,171971,2025-01-17 22:54:39.421222,keyboard,Mobile,Product Page,True,"['Logitech MX Keys', 'Razer BlackWidow', 'Corsair K95']",1.63,False,,False
3300,6697,673533,2025-01-21 04:25:40.421222,mouse,Desktop,Category Page,True,"['Logitech MX Master 3', 'Razer DeathAdder', 'SteelSeries Rival 5']",0.87,True,Razer DeathAdder,True
3301,7488,463463,2025-01-07 18:00:37.421222,phone case,Mobile,Category Page,True,"['OtterBox Defender', 'Spigen Tough Armor', 'Apple Silicone Case']",2.6,False,,False
3302,9489,66677,2025-01-06 00:21:01.421222,coffee mug,Desktop,Category Page,True,"['Ceramic Mug', 'Travel Mug', 'Insulated Mug']",2.28,False,,False
3303,2315,604683,2025-01-28 06:21:53.421222,wireless earbuds,Desktop,Product Page,True,"['AirPods Pro', 'Sony WF-1000XM4', 'Bose QuietComfort Earbuds']",2.58,True,AirPods Pro,False
3304,9994,391275,2025-02-03 04:18:19.421222,phone case,Desktop,Homepage,True,"['OtterBox Defender', 'Spigen Tough Armor', 'Apple Silicone Case']",3.35,True,Apple Silicone Case,True
3305,7472,691524,2025-01-26 01:54:28.421222,dresses,Tablet,Homepage,False,[],2.14,False,,False
3306,5354,104884,2025-01-25 18:19:53.421222,gaming chair,Desktop,Product Page,True,"['DXRacer', 'Secretlab Titan', 'Razer Iskur']",0.98,True,Razer Iskur,False
3307,2629,990993,2025-02-01 08:08:25.421222,wireless earbuds,Desktop,Product Page,True,"['AirPods Pro', 'Sony WF-1000XM4', 'Bose QuietComfort Earbuds']",0.88,True,AirPods Pro,False
3308,9409,428432,2025-02-04 03:38:08.421222,laptop,Tablet,Homepage,True,"['Dell XPS 13', 'MacBook Air', 'HP Spectre x360']",1.42,True,HP Spectre x360,True
3309,8734,583647,2025-01-05 22:39:15.421222,dresses,Mobile,Product Page,False,[],2.88,False,,False
3310,1670,837219,2025-02-03 15:48:27.421222,smartphone,Tablet,Category Page,True,"['iPhone 15', 'Samsung Galaxy S24', 'Google Pixel 8']",1.39,True,iPhone 15,True
3311,1159,230550,2025-01-15 03:42:48.421222,wireless earbuds,Tablet,Product Page,True,"['AirPods Pro', 'Sony WF-1000XM4', 'Bose QuietComfort Earbuds']",0.84,True,Bose QuietComfort Earbuds,True
3312,5030,823356,2025-01-22 22:52:21.421222,phone case,Mobile,Category Page,True,"['OtterBox Defender', 'Spigen Tough Armor', 'Apple Silicone Case']",2.3,True,Apple Silicone Case,False
3313,9696,556561,2025-01-09 03:00:18.421222,external hard drive,Tablet,Product Page,True,"['Seagate 2TB', 'WD My Passport', 'Samsung T7']",2.45,True,Samsung T7,True
3314,9729,190925,2025-02-03 05:53:25.421222,shoes,Tablet,Category Page,False,[],2.67,False,,False
3315,3465,983785,2025-01-16 08:38:29.421222,mouse,Desktop,Product Page,True,"['Logitech MX Master 3', 'Razer DeathAdder', 'SteelSeries Rival 5']",1.87,True,SteelSeries Rival 5,False
3316,4690,269925,2025-01-22 21:48:06.421222,keyboard,Tablet,Category Page,True,"['Logitech MX Keys', 'Razer BlackWidow', 'Corsair K95']",1.19,True,Corsair K95,False
3317,5493,417921,2025-01-31 22:33:05.421222,socks,Mobile,Product Page,False,[],0.91,False,,False
3318,2517,350783,2025-01-18 02:04:17.421222,headphones,Desktop,Product Page,True,"['Sony WH-1000XM5', 'Bose 700', 'Sennheiser Momentum 4']",0.79,True,Bose 700,False
3319,4687,829935,2025-01-07 15:03:30.421222,phone case,Desktop,Product Page,True,"['OtterBox Defender', 'Spigen Tough Armor', 'Apple Silicone Case']",2.32,True,OtterBox Defender,True
3320,8968,282558,2025-01-08 16:38:11.421222,phone case,Mobile,Homepage,True,"['OtterBox Defender', 'Spigen Tough Armor', 'Apple Silicone Case']",1.22,True,Apple Silicone Case,False
3321,8746,719317,2025-01-29 17:59:00.421222,headphones,Desktop,Category Page,True,"['Sony WH-1000XM5', 'Bose 700', 'Sennheiser Momentum 4']",1.87,True,Bose 700,False
3322,3373,169860,2025-01-24 06:04:41.421222,wireless earbuds,Mobile,Product Page,True,"['AirPods Pro', 'Sony WF-1000XM4', 'Bose QuietComfort Earbuds']",2.94,True,Sony WF-1000XM4,False
3323,1680,437046,2025-02-03 11:40:01.421222,wireless earbuds,Mobile,Product Page,True,"['AirPods Pro', 'Sony WF-1000XM4', 'Bose QuietComfort Earbuds']",0.67,True,AirPods Pro,False
3324,3410,692376,2025-01-30 11:38:35.421222,coffee mug,Tablet,Product Page,True,"['Ceramic Mug', 'Travel Mug', 'Insulated Mug']",0.7,False,,False
3325,7140,886250,2025-01-25 08:22:38.421222,gaming chair,Tablet,Category Page,True,"['DXRacer', 'Secretlab Titan', 'Razer Iskur']",0.69,False,,False
3326,6630,309206,2025-01-12 08:15:02.421222,socks,Desktop,Product Page,False,[],3.39,False,,False
3327,9915,988140,2025-01-08 18:10:16.421222,mouse,Tablet,Homepage,True,"['Logitech MX Master 3', 'Razer DeathAdder', 'SteelSeries Rival 5']",2.18,True,Logitech MX Master 3,True
3328,2896,535375,2025-01-28 18:37:14.421222,coffee mug,Mobile,Category Page,True,"['Ceramic Mug', 'Travel Mug', 'Insulated Mug']",1.64,True,Ceramic Mug,False
3329,4184,896173,2025-02-01 04:18:54.421222,headphones,Desktop,Product Page,True,"['Sony WH-1000XM5', 'Bose 700', 'Sennheiser Momentum 4']",3.39,False,,False
3330,2547,790169,2025-01-28 14:26:58.421222,phone case,Tablet,Product Page,True,"['OtterBox Defender', 'Spigen Tough Armor', 'Apple Silicone Case']",1.32,True,OtterBox Defender,True
3331,7294,709899,2025-01-21 00:23:44.421222,mouse,Desktop,Homepage,True,"['Logitech MX Master 3', 'Razer DeathAdder', 'SteelSeries Rival 5']",2.84,True,Razer DeathAdder,False
3332,7287,558105,2025-02-01 02:53:38.421222,laptop,Desktop,Homepage,True,"['Dell XPS 13', 'MacBook Air', 'HP Spectre x360']",1.89,False,,False
3333,8371,642528,2025-01-22 01:39:03.421222,gaming chair,Tablet,Homepage,True,"['DXRacer', 'Secretlab Titan', 'Razer Iskur']",2.26,True,Razer Iskur,False
3334,7049,820759,2025-01-08 16:27:17.421222,water bottle,Mobile,Homepage,False,[],2.29,False,,False
3335,8215,99067,2025-01-26 19:09:16.421222,socks,Mobile,Homepage,False,[],2.85,False,,False
3336,8650,278282,2025-01-11 20:58:48.421222,gaming chair,Mobile,Homepage,True,"['DXRacer', 'Secretlab Titan', 'Razer Iskur']",3.31,True,Secretlab Titan,True
3337,4326,776967,2025-02-02 01:39:41.421222,gaming chair,Tablet,Product Page,True,"['DXRacer', 'Secretlab Titan', 'Razer Iskur']",1.99,True,Secretlab Titan,False
3338,6047,781901,2025-01-24 14:06:56.421222,mouse,Desktop,Product Page,True,"['Logitech MX Master 3', 'Razer DeathAdder', 'SteelSeries Rival 5']",2.52,False,,False
3339,3449,602042,2025-02-04 00:04:23.421222,smartphone,Mobile,Homepage,True,"['iPhone 15', 'Samsung Galaxy S24', 'Google Pixel 8']",1.49,True,Google Pixel 8,False
3340,9466,176037,2025-01-25 22:58:09.421222,external hard drive,Mobile,Category Page,True,"['Seagate 2TB', 'WD My Passport', 'Samsung T7']",3.01,True,Samsung T7,True
3341,4943,849285,2025-01-30 10:55:36.421222,external hard drive,Tablet,Product Page,True,"['Seagate 2TB', 'WD My Passport', 'Samsung T7']",2.92,False,,False
3342,8977,900053,2025-01-13 11:55:23.421222,socks,Desktop,Homepage,False,[],0.83,False,,False
3343,2817,337736,2025-01-30 20:54:53.421222,external hard drive,Mobile,Category Page,True,"['Seagate 2TB', 'WD My Passport', 'Samsung T7']",2.83,True,Samsung T7,False
3344,6640,647534,2025-01-10 09:36:34.421222,keyboard,Mobile,Category Page,True,"['Logitech MX Keys', 'Razer BlackWidow', 'Corsair K95']",1.55,False,,False
3345,4828,903784,2025-01-23 02:36:19.421222,gaming chair,Desktop,Product Page,True,"['DXRacer', 'Secretlab Titan', 'Razer Iskur']",0.32,True,DXRacer,False
3346,3980,96869,2025-01-15 15:56:41.421222,phone case,Mobile,Category Page,True,"['OtterBox Defender', 'Spigen Tough Armor', 'Apple Silicone Case']",2.18,True,OtterBox Defender,False
3347,2781,489570,2025-01-25 02:45:12.421222,socks,Mobile,Homepage,False,[],0.28,False,,False
3348,6750,944830,2025-01-30 17:19:28.421222,shoes,Tablet,Product Page,False,[],3.06,False,,False
3349,1058,986105,2025-01-28 16:27:52.421222,socks,Tablet,Category Page,False,[],3.21,False,,False
3350,6287,726667,2025-01-07 18:20:24.421222,phone case,Desktop,Category Page,True,"['OtterBox Defender', 'Spigen Tough Armor', 'Apple Silicone Case']",1.32,False,,False
3351,7852,803985,2025-01-28 15:53:13.421222,dresses,Tablet,Product Page,False,[],0.42,False,,False
3352,1822,82922,2025-01-05 15:21:24.421222,keyboard,Tablet,Product Page,True,"['Logitech MX Keys', 'Razer BlackWidow', 'Corsair K95']",3.41,True,Razer BlackWidow,True
3353,9948,635593,2025-01-09 20:57:14.421222,shoes,Mobile,Category Page,False,[],3.19,False,,False
3354,8771,668067,2025-01-24 00:00:52.421222,keyboard,Desktop,Homepage,True,"['Logitech MX Keys', 'Razer BlackWidow', 'Corsair K95']",0.54,True,Razer BlackWidow,False
3355,9209,433897,2025-01-16 18:12:28.421222,phone case,Desktop,Category Page,True,"['OtterBox Defender', 'Spigen Tough Armor', 'Apple Silicone Case']",0.92,False,,False
3356,9118,457602,2025-01-12 13:28:36.421222,laptop,Tablet,Category Page,True,"['Dell XPS 13', 'MacBook Air', 'HP Spectre x360']",2.16,False,,False
3357,9532,505619,2025-01-28 10:16:44.421222,shoes,Tablet,Homepage,False,[],0.65,False,,False
3358,3141,212329,2025-01-07 17:24:10.421222,mouse,Desktop,Product Page,True,"['Logitech MX Master 3', 'Razer DeathAdder', 'SteelSeries Rival 5']",1.79,True,Razer DeathAdder,False
3359,7028,168992,2025-02-01 23:12:29.421222,keyboard,Tablet,Category Page,True,"['Logitech MX Keys', 'Razer BlackWidow', 'Corsair K95']",1.68,True,Logitech MX Keys,False
3360,4596,66478,2025-01-13 10:20:34.421222,gaming chair,Tablet,Homepage,True,"['DXRacer', 'Secretlab Titan', 'Razer Iskur']",3.4,True,Razer Iskur,True
3361,9054,464571,2025-01-14 01:32:37.421222,wireless earbuds,Mobile,Homepage,True,"['AirPods Pro', 'Sony WF-1000XM4', 'Bose QuietComfort Earbuds']",2.98,False,,False
3362,5597,873690,2025-01-10 10:29:32.421222,coffee mug,Desktop,Homepage,True,"['Ceramic Mug', 'Travel Mug', 'Insulated Mug']",1.91,False,,False
3363,6093,122995,2025-01-10 00:06:42.421222,shoes,Desktop,Product Page,False,[],0.33,False,,False
3364,2091,818514,2025-01-19 08:08:55.421222,smartphone,Desktop,Category Page,True,"['iPhone 15', 'Samsung Galaxy S24', 'Google Pixel 8']",2.86,True,Samsung Galaxy S24,False
3365,3515,744396,2025-01-20 07:48:37.421222,phone case,Tablet,Homepage,True,"['OtterBox Defender', 'Spigen Tough Armor', 'Apple Silicone Case']",2.63,True,Spigen Tough Armor,False
3366,8860,894033,2025-01-27 07:19:55.421222,socks,Tablet,Category Page,False,[],3.12,False,,False
3367,9084,858738,2025-02-01 05:57:37.421222,coffee mug,Desktop,Product Page,True,"['Ceramic Mug', 'Travel Mug', 'Insulated Mug']",2.47,True,Ceramic Mug,False
3368,1727,878533,2025-01-17 23:46:45.421222,mouse,Mobile,Category Page,True,"['Logitech MX Master 3', 'Razer DeathAdder', 'SteelSeries Rival 5']",2.36,True,SteelSeries Rival 5,False
3369,2284,707032,2025-01-12 04:10:28.421222,laptop,Desktop,Homepage,True,"['Dell XPS 13', 'MacBook Air', 'HP Spectre x360']",2.39,False,,False
3370,1253,62760,2025-01-07 03:28:48.421222,dresses,Desktop,Product Page,False,[],3.15,False,,False
3371,3004,212382,2025-01-13 07:46:59.421222,mouse,Mobile,Category Page,True,"['Logitech MX Master 3', 'Razer DeathAdder', 'SteelSeries Rival 5']",0.33,True,Razer DeathAdder,False
3372,8949,468806,2025-02-02 19:50:00.421222,shoes,Mobile,Homepage,False,[],3.21,False,,False
3373,7389,521908,2025-01-05 14:57:58.421222,shoes,Tablet,Product Page,False,[],2.52,False,,False
3374,2164,647237,2025-01-10 02:58:28.421222,wireless earbuds,Mobile,Category Page,True,"['AirPods Pro', 'Sony WF-1000XM4', 'Bose QuietComfort Earbuds']",1.66,True,Bose QuietComfort Earbuds,False
3375,4558,91543,2025-01-17 06:01:56.421222,shoes,Mobile,Product Page,False,[],1.36,False,,False
3376,3153,865925,2025-01-29 01:45:27.421222,socks,Desktop,Product Page,False,[],2.89,False,,False
3377,7980,668545,2025-01-10 20:18:53.421222,laptop,Mobile,Category Page,True,"['Dell XPS 13', 'MacBook Air', 'HP Spectre x360']",2.67,True,Dell XPS 13,True
3378,3016,941598,2025-02-01 09:26:02.421222,keyboard,Mobile,Product Page,True,"['Logitech MX Keys', 'Razer BlackWidow', 'Corsair K95']",0.93,False,,False
3379,9855,806033,2025-01-12 13:45:29.421222,dresses,Mobile,Product Page,False,[],2.88,False,,False
3380,3190,613095,2025-01-08 15:36:32.421222,smartphone,Tablet,Category Page,True,"['iPhone 15', 'Samsung Galaxy S24', 'Google Pixel 8']",1.57,False,,False
3381,7476,679479,2025-01-29 10:49:07.421222,wireless earbuds,Tablet,Category Page,True,"['AirPods Pro', 'Sony WF-1000XM4', 'Bose QuietComfort Earbuds']",2.88,True,Sony WF-1000XM4,True
3382,5304,224648,2025-01-26 07:54:38.421222,gaming chair,Mobile,Homepage,True,"['DXRacer', 'Secretlab Titan', 'Razer Iskur']",2.89,True,DXRacer,False
3383,8599,640364,2025-01-06 21:53:28.421222,mouse,Tablet,Category Page,True,"['Logitech MX Master 3', 'Razer DeathAdder', 'SteelSeries Rival 5']",3.2,True,Logitech MX Master 3,True
3384,7015,185421,2025-01-14 06:48:00.421222,smartphone,Tablet,Category Page,True,"['iPhone 15', 'Samsung Galaxy S24', 'Google Pixel 8']",2.47,True,Google Pixel 8,False
3385,9440,514003,2025-01-15 05:34:48.421222,coffee mug,Mobile,Product Page,True,"['Ceramic Mug', 'Travel Mug', 'Insulated Mug']",2.41,False,,False
3386,2372,674646,2025-01-29 07:57:29.421222,socks,Tablet,Product Page,False,[],0.76,False,,False
3387,4560,268708,2025-01-15 03:41:59.421222,wireless earbuds,Desktop,Product Page,True,"['AirPods Pro', 'Sony WF-1000XM4', 'Bose QuietComfort Earbuds']",2.81,True,Bose QuietComfort Earbuds,False
3388,5599,475283,2025-01-11 14:16:19.421222,dresses,Tablet,Category Page,False,[],0.88,False,,False
3389,7179,356450,2025-01-25 06:50:20.421222,water bottle,Desktop,Homepage,False,[],2.43,False,,False
3390,5100,218100,2025-01-11 06:09:39.421222,phone case,Mobile,Category Page,True,"['OtterBox Defender', 'Spigen Tough Armor', 'Apple Silicone Case']",1.77,False,,False
3391,3318,348397,2025-02-03 17:48:04.421222,gaming chair,Tablet,Homepage,True,"['DXRacer', 'Secretlab Titan', 'Razer Iskur']",0.91,True,DXRacer,True
3392,5887,201097,2025-02-03 15:13:33.421222,shoes,Desktop,Product Page,False,[],2.75,False,,False
3393,2982,282338,2025-01-25 13:41:56.421222,wireless earbuds,Tablet,Category Page,True,"['AirPods Pro', 'Sony WF-1000XM4', 'Bose QuietComfort Earbuds']",0.61,True,AirPods Pro,False
3394,6919,180721,2025-01-06 07:23:52.421222,dresses,Desktop,Product Page,False,[],0.79,False,,False
3395,6697,894644,2025-01-22 20:34:02.421222,shoes,Desktop,Category Page,False,[],1.62,False,,False
3396,2552,521223,2025-01-12 16:24:27.421222,socks,Mobile,Homepage,False,[],1.13,False,,False
3397,6597,759481,2025-01-21 12:18:04.421222,laptop,Tablet,Product Page,True,"['Dell XPS 13', 'MacBook Air', 'HP Spectre x360']",2.34,True,Dell XPS 13,False
3398,6623,614011,2025-01-06 04:23:14.421222,coffee mug,Desktop,Category Page,True,"['Ceramic Mug', 'Travel Mug', 'Insulated Mug']",1.29,True,Travel Mug,False
3399,2064,333238,2025-01-29 16:46:21.421222,keyboard,Desktop,Category Page,True,"['Logitech MX Keys', 'Razer BlackWidow', 'Corsair K95']",3.38,True,Logitech MX Keys,False
3400,8514,539465,2025-01-18 06:55:26.421222,gaming chair,Tablet,Homepage,True,"['DXRacer', 'Secretlab Titan', 'Razer Iskur']",3.35,True,DXRacer,False
3401,5023,753355,2025-02-03 06:32:00.421222,coffee mug,Tablet,Product Page,True,"['Ceramic Mug', 'Travel Mug', 'Insulated Mug']",3.32,True,Insulated Mug,False
3402,6949,725260,2025-01-24 19:44:06.421222,mouse,Desktop,Homepage,True,"['Logitech MX Master 3', 'Razer DeathAdder', 'SteelSeries Rival 5']",0.34,True,Logitech MX Master 3,False
3403,4633,164964,2025-01-09 10:35:35.421222,keyboard,Mobile,Product Page,True,"['Logitech MX Keys', 'Razer BlackWidow', 'Corsair K95']",0.65,True,Razer BlackWidow,False
3404,8451,398786,2025-01-09 09:21:59.421222,phone case,Mobile,Category Page,True,"['OtterBox Defender', 'Spigen Tough Armor', 'Apple Silicone Case']",0.62,False,,False
3405,2483,284664,2025-01-19 09:00:40.421222,external hard drive,Desktop,Product Page,True,"['Seagate 2TB', 'WD My Passport', 'Samsung T7']",1.3,False,,False
3406,6820,879646,2025-01-23 11:12:06.421222,gaming chair,Desktop,Homepage,True,"['DXRacer', 'Secretlab Titan', 'Razer Iskur']",2.98,True,DXRacer,False
3407,7766,67443,2025-01-13 18:08:49.421222,gaming chair,Tablet,Product Page,True,"['DXRacer', 'Secretlab Titan', 'Razer Iskur']",2.29,True,Secretlab Titan,False
3408,6226,729506,2025-01-07 20:01:08.421222,shoes,Desktop,Category Page,False,[],1.8,False,,False
3409,1256,810496,2025-01-29 15:55:27.421222,phone case,Desktop,Category Page,True,"['OtterBox Defender', 'Spigen Tough Armor', 'Apple Silicone Case']",3.25,True,Apple Silicone Case,False
3410,5451,197833,2025-01-27 04:26:12.421222,water bottle,Desktop,Category Page,False,[],1.69,False,,False
3411,9170,508880,2025-01-24 21:03:32.421222,socks,Desktop,Homepage,False,[],2.61,False,,False
3412,4024,317536,2025-02-03 19:49:29.421222,mouse,Desktop,Product Page,True,"['Logitech MX Master 3', 'Razer DeathAdder', 'SteelSeries Rival 5']",2.37,True,SteelSeries Rival 5,False
3413,3125,141119,2025-01-10 16:25:52.421222,coffee mug,Tablet,Product Page,True,"['Ceramic Mug', 'Travel Mug', 'Insulated Mug']",0.71,True,Insulated Mug,True
3414,5999,726062,2025-01-26 20:45:25.421222,coffee mug,Desktop,Homepage,True,"['Ceramic Mug', 'Travel Mug', 'Insulated Mug']",0.21,False,,False
3415,9896,404928,2025-01-28 20:29:04.421222,dresses,Desktop,Product Page,False,[],0.64,False,,False
3416,1776,288163,2025-01-08 23:10:25.421222,laptop,Tablet,Category Page,True,"['Dell XPS 13', 'MacBook Air', 'HP Spectre x360']",2.71,True,MacBook Air,False
3417,3968,470309,2025-01-08 04:25:16.421222,headphones,Tablet,Homepage,True,"['Sony WH-1000XM5', 'Bose 700', 'Sennheiser Momentum 4']",0.41,True,Bose 700,False
3418,2849,673477,2025-01-17 14:55:53.421222,mouse,Tablet,Homepage,True,"['Logitech MX Master 3', 'Razer DeathAdder', 'SteelSeries Rival 5']",0.26,True,Razer DeathAdder,False
3419,7659,708697,2025-01-24 23:13:09.421222,external hard drive,Desktop,Product Page,True,"['Seagate 2TB', 'WD My Passport', 'Samsung T7']",2.84,True,WD My Passport,True
3420,5386,169211,2025-01-12 04:22:17.421222,dresses,Tablet,Category Page,False,[],3.35,False,,False
3421,2577,560913,2025-01-05 22:33:15.421222,water bottle,Mobile,Homepage,False,[],1.03,False,,False
3422,9664,254710,2025-01-24 18:35:18.421222,smartphone,Desktop,Product Page,True,"['iPhone 15', 'Samsung Galaxy S24', 'Google Pixel 8']",0.89,True,Google Pixel 8,False
3423,9778,819675,2025-01-12 08:41:48.421222,wireless earbuds,Tablet,Category Page,True,"['AirPods Pro', 'Sony WF-1000XM4', 'Bose QuietComfort Earbuds']",0.99,True,AirPods Pro,False
3424,3298,932496,2025-01-12 15:57:49.421222,mouse,Desktop,Homepage,True,"['Logitech MX Master 3', 'Razer DeathAdder', 'SteelSeries Rival 5']",1.04,True,Logitech MX Master 3,False
3425,4212,610113,2025-01-29 07:55:58.421222,wireless earbuds,Desktop,Homepage,True,"['AirPods Pro', 'Sony WF-1000XM4', 'Bose QuietComfort Earbuds']",2.03,True,Bose QuietComfort Earbuds,False
3426,3059,477914,2025-01-31 22:41:14.421222,keyboard,Tablet,Category Page,True,"['Logitech MX Keys', 'Razer BlackWidow', 'Corsair K95']",1.49,False,,False
3427,2349,597614,2025-01-10 10:56:02.421222,shoes,Desktop,Category Page,False,[],2.79,False,,False
3428,8832,581413,2025-01-21 13:35:43.421222,shoes,Mobile,Homepage,False,[],2.92,False,,False
3429,9069,699045,2025-01-06 18:02:53.421222,gaming chair,Mobile,Homepage,True,"['DXRacer', 'Secretlab Titan', 'Razer Iskur']",0.82,True,Razer Iskur,True
3430,2534,795598,2025-02-03 03:06:02.421222,coffee mug,Tablet,Product Page,True,"['Ceramic Mug', 'Travel Mug', 'Insulated Mug']",1.01,False,,False
3431,3789,825035,2025-01-30 06:11:55.421222,mouse,Tablet,Product Page,True,"['Logitech MX Master 3', 'Razer DeathAdder', 'SteelSeries Rival 5']",1.3,True,Razer DeathAdder,True
3432,4261,496096,2025-02-03 15:34:48.421222,gaming chair,Tablet,Homepage,True,"['DXRacer', 'Secretlab Titan', 'Razer Iskur']",1.91,False,,False
3433,3448,181200,2025-01-26 22:31:16.421222,smartphone,Desktop,Homepage,True,"['iPhone 15', 'Samsung Galaxy S24', 'Google Pixel 8']",1.2,True,Samsung Galaxy S24,False
3434,3477,544867,2025-01-19 11:28:57.421222,phone case,Mobile,Category Page,True,"['OtterBox Defender', 'Spigen Tough Armor', 'Apple Silicone Case']",1.08,True,Apple Silicone Case,True
3435,5595,221433,2025-01-18 13:14:22.421222,mouse,Mobile,Category Page,True,"['Logitech MX Master 3', 'Razer DeathAdder', 'SteelSeries Rival 5']",0.7,True,Razer DeathAdder,True
3436,5424,306059,2025-01-25 10:35:23.421222,phone case,Desktop,Product Page,True,"['OtterBox Defender', 'Spigen Tough Armor', 'Apple Silicone Case']",3.32,False,,False
3437,8892,485667,2025-01-31 18:36:16.421222,headphones,Tablet,Category Page,True,"['Sony WH-1000XM5', 'Bose 700', 'Sennheiser Momentum 4']",1.31,False,,False
3438,3914,844427,2025-01-13 01:55:07.421222,phone case,Mobile,Category Page,True,"['OtterBox Defender', 'Spigen Tough Armor', 'Apple Silicone Case']",1.65,True,Spigen Tough Armor,False
3439,5130,446472,2025-01-14 09:51:58.421222,smartphone,Desktop,Category Page,True,"['iPhone 15', 'Samsung Galaxy S24', 'Google Pixel 8']",0.36,True,Samsung Galaxy S24,False
3440,5094,815650,2025-02-02 09:37:59.421222,socks,Mobile,Product Page,False,[],2.41,False,,False
3441,5241,275841,2025-01-22 02:44:07.421222,gaming chair,Tablet,Category Page,True,"['DXRacer', 'Secretlab Titan', 'Razer Iskur']",0.25,True,DXRacer,True
3442,8603,759877,2025-01-30 07:32:32.421222,smartphone,Tablet,Category Page,True,"['iPhone 15', 'Samsung Galaxy S24', 'Google Pixel 8']",3.3,True,Google Pixel 8,False
3443,6879,641746,2025-01-27 11:25:32.421222,dresses,Mobile,Product Page,False,[],2.39,False,,False
3444,1166,453206,2025-01-27 01:34:15.421222,socks,Desktop,Homepage,False,[],1.05,False,,False
3445,8605,585481,2025-01-20 13:03:56.421222,gaming chair,Desktop,Product Page,True,"['DXRacer', 'Secretlab Titan', 'Razer Iskur']",3.35,True,Secretlab Titan,False
3446,9335,171457,2025-01-18 21:43:00.421222,gaming chair,Mobile,Category Page,True,"['DXRacer', 'Secretlab Titan', 'Razer Iskur']",1.06,False,,False
3447,7240,941349,2025-02-03 15:46:20.421222,keyboard,Mobile,Product Page,True,"['Logitech MX Keys', 'Razer BlackWidow', 'Corsair K95']",2.4,True,Corsair K95,True
3448,8766,191485,2025-01-21 14:01:40.421222,mouse,Tablet,Category Page,True,"['Logitech MX Master 3', 'Razer DeathAdder', 'SteelSeries Rival 5']",1.19,True,Razer DeathAdder,False
3449,7864,301569,2025-02-02 01:23:43.421222,external hard drive,Mobile,Product Page,True,"['Seagate 2TB', 'WD My Passport', 'Samsung T7']",2.12,True,Samsung T7,False
3450,9126,169630,2025-01-26 01:03:04.421222,wireless earbuds,Mobile,Category Page,True,"['AirPods Pro', 'Sony WF-1000XM4', 'Bose QuietComfort Earbuds']",2.31,False,,False
3451,8976,946532,2025-02-02 22:48:50.421222,shoes,Desktop,Homepage,False,[],1.13,False,,False
3452,8187,120000,2025-01-06 03:02:12.421222,smartphone,Mobile,Homepage,True,"['iPhone 15', 'Samsung Galaxy S24', 'Google Pixel 8']",0.51,False,,False
3453,7065,904767,2025-01-22 13:23:50.421222,laptop,Desktop,Category Page,True,"['Dell XPS 13', 'MacBook Air', 'HP Spectre x360']",2.93,False,,False
3454,6348,122891,2025-01-15 01:17:28.421222,smartphone,Desktop,Category Page,True,"['iPhone 15', 'Samsung Galaxy S24', 'Google Pixel 8']",3.3,False,,False
3455,6273,123288,2025-01-12 11:12:33.421222,keyboard,Desktop,Category Page,True,"['Logitech MX Keys', 'Razer BlackWidow', 'Corsair K95']",0.74,True,Razer BlackWidow,False
3456,2435,712745,2025-01-29 14:32:50.421222,keyboard,Tablet,Category Page,True,"['Logitech MX Keys', 'Razer BlackWidow', 'Corsair K95']",3.4,True,Corsair K95,True
3457,8644,464220,2025-01-30 16:19:13.421222,gaming chair,Desktop,Product Page,True,"['DXRacer', 'Secretlab Titan', 'Razer Iskur']",1.17,True,Secretlab Titan,False
3458,5995,632591,2025-01-30 23:05:55.421222,gaming chair,Tablet,Homepage,True,"['DXRacer', 'Secretlab Titan', 'Razer Iskur']",0.61,True,Razer Iskur,False
3459,2001,961727,2025-01-08 23:44:35.421222,phone case,Tablet,Homepage,True,"['OtterBox Defender', 'Spigen Tough Armor', 'Apple Silicone Case']",3.27,True,OtterBox Defender,False
3460,7287,932069,2025-01-21 13:58:30.421222,coffee mug,Desktop,Product Page,True,"['Ceramic Mug', 'Travel Mug', 'Insulated Mug']",3.35,False,,False
3461,2220,743811,2025-01-06 05:36:11.421222,wireless earbuds,Mobile,Homepage,True,"['AirPods Pro', 'Sony WF-1000XM4', 'Bose QuietComfort Earbuds']",2.81,True,Bose QuietComfort Earbuds,True
3462,6643,731059,2025-01-25 20:03:31.421222,gaming chair,Desktop,Product Page,True,"['DXRacer', 'Secretlab Titan', 'Razer Iskur']",0.76,True,Razer Iskur,False
3463,7479,413526,2025-01-14 02:30:05.421222,shoes,Mobile,Category Page,False,[],0.22,False,,False
3464,3546,228249,2025-01-06 21:54:02.421222,socks,Mobile,Category Page,False,[],0.98,False,,False
3465,9232,897702,2025-01-18 10:40:09.421222,water bottle,Desktop,Category Page,False,[],1.71,False,,False
3466,1569,995778,2025-01-26 21:28:10.421222,laptop,Mobile,Category Page,True,"['Dell XPS 13', 'MacBook Air', 'HP Spectre x360']",0.31,True,HP Spectre x360,False
3467,9348,549073,2025-02-01 03:09:40.421222,gaming chair,Mobile,Category Page,True,"['DXRacer', 'Secretlab Titan', 'Razer Iskur']",2.3,True,Secretlab Titan,False
3468,6675,895029,2025-01-20 02:55:08.421222,dresses,Tablet,Category Page,False,[],3.31,False,,False
3469,7088,497654,2025-01-23 07:04:25.421222,coffee mug,Desktop,Product Page,True,"['Ceramic Mug', 'Travel Mug', 'Insulated Mug']",2.31,True,Travel Mug,True
3470,8693,911122,2025-01-12 20:56:04.421222,shoes,Desktop,Homepage,False,[],2.2,False,,False
3471,5099,198172,2025-01-16 07:20:08.421222,phone case,Desktop,Product Page,True,"['OtterBox Defender', 'Spigen Tough Armor', 'Apple Silicone Case']",1.73,True,Apple Silicone Case,False
3472,9357,289764,2025-02-02 04:45:50.421222,headphones,Tablet,Product Page,True,"['Sony WH-1000XM5', 'Bose 700', 'Sennheiser Momentum 4']",3.23,True,Bose 700,False
3473,1538,337060,2025-01-21 07:46:39.421222,dresses,Tablet,Homepage,False,[],2.27,False,,False
3474,8896,410503,2025-01-27 02:14:34.421222,water bottle,Mobile,Product Page,False,[],2.3,False,,False
3475,3816,423588,2025-01-17 16:11:56.421222,keyboard,Mobile,Homepage,True,"['Logitech MX Keys', 'Razer BlackWidow', 'Corsair K95']",1.31,True,Razer BlackWidow,False
3476,1229,273271,2025-01-22 23:50:50.421222,phone case,Tablet,Homepage,True,"['OtterBox Defender', 'Spigen Tough Armor', 'Apple Silicone Case']",2.3,False,,False
3477,7984,860810,2025-01-18 06:59:01.421222,headphones,Desktop,Product Page,True,"['Sony WH-1000XM5', 'Bose 700', 'Sennheiser Momentum 4']",1.46,True,Bose 700,False
3478,3315,875779,2025-01-28 15:16:25.421222,shoes,Mobile,Category Page,False,[],3.06,False,,False
3479,6667,218727,2025-01-31 17:47:47.421222,socks,Tablet,Homepage,False,[],0.74,False,,False
3480,9317,592452,2025-01-27 18:18:09.421222,phone case,Mobile,Product Page,True,"['OtterBox Defender', 'Spigen Tough Armor', 'Apple Silicone Case']",2.98,True,Apple Silicone Case,False
3481,4407,481007,2025-01-17 16:31:03.421222,phone case,Desktop,Category Page,True,"['OtterBox Defender', 'Spigen Tough Armor', 'Apple Silicone Case']",2.13,False,,False
3482,3577,231696,2025-01-15 10:22:26.421222,water bottle,Tablet,Product Page,False,[],2.74,False,,False
3483,6927,418741,2025-01-19 10:11:04.421222,coffee mug,Desktop,Category Page,True,"['Ceramic Mug', 'Travel Mug', 'Insulated Mug']",2.42,True,Ceramic Mug,False
3484,7649,444313,2025-01-09 08:36:18.421222,coffee mug,Mobile,Product Page,True,"['Ceramic Mug', 'Travel Mug', 'Insulated Mug']",2.96,True,Insulated Mug,False
3485,4887,984671,2025-01-09 17:43:35.421222,smartphone,Mobile,Homepage,True,"['iPhone 15', 'Samsung Galaxy S24', 'Google Pixel 8']",2.13,False,,False
3486,2706,156822,2025-01-08 12:44:10.421222,external hard drive,Desktop,Homepage,True,"['Seagate 2TB', 'WD My Passport', 'Samsung T7']",0.71,True,Samsung T7,True
3487,8076,350611,2025-01-21 21:11:27.421222,water bottle,Mobile,Homepage,False,[],1.47,False,,False
3488,5968,131139,2025-01-17 23:33:32.421222,wireless earbuds,Mobile,Product Page,True,"['AirPods Pro', 'Sony WF-1000XM4', 'Bose QuietComfort Earbuds']",1.32,True,AirPods Pro,False
3489,2131,693410,2025-01-29 23:44:32.421222,gaming chair,Tablet,Category Page,True,"['DXRacer', 'Secretlab Titan', 'Razer Iskur']",0.96,True,Secretlab Titan,False
3490,3887,397144,2025-01-08 00:15:12.421222,smartphone,Mobile,Product Page,True,"['iPhone 15', 'Samsung Galaxy S24', 'Google Pixel 8']",1.42,False,,False
3491,4551,991405,2025-01-31 01:01:52.421222,coffee mug,Mobile,Homepage,True,"['Ceramic Mug', 'Travel Mug', 'Insulated Mug']",1.98,True,Insulated Mug,False
3492,8847,880472,2025-01-22 10:31:48.421222,socks,Mobile,Category Page,False,[],1.29,False,,False
3493,9123,378268,2025-01-29 15:22:52.421222,phone case,Tablet,Category Page,True,"['OtterBox Defender', 'Spigen Tough Armor', 'Apple Silicone Case']",3.42,False,,False
3494,9379,347554,2025-01-20 23:52:00.421222,mouse,Mobile,Category Page,True,"['Logitech MX Master 3', 'Razer DeathAdder', 'SteelSeries Rival 5']",2.52,False,,False
3495,3014,221808,2025-01-28 09:38:04.421222,keyboard,Desktop,Category Page,True,"['Logitech MX Keys', 'Razer BlackWidow', 'Corsair K95']",1.61,True,Corsair K95,False
3496,3274,754201,2025-02-01 17:59:16.421222,coffee mug,Tablet,Product Page,True,"['Ceramic Mug', 'Travel Mug', 'Insulated Mug']",1.79,False,,False
3497,3421,692176,2025-01-25 04:16:30.421222,dresses,Mobile,Product Page,False,[],1.45,False,,False
3498,4990,551415,2025-01-28 20:13:30.421222,shoes,Tablet,Product Page,False,[],2.85,False,,False
3499,6579,917907,2025-01-14 16:00:55.421222,socks,Desktop,Homepage,False,[],2.21,False,,False
3500,2119,862605,2025-01-10 17:44:33.421222,wireless earbuds,Tablet,Product Page,True,"['AirPods Pro', 'Sony WF-1000XM4', 'Bose QuietComfort Earbuds']",1.97,False,,False
3501,9647,995622,2025-01-18 08:09:06.421222,water bottle,Desktop,Homepage,False,[],2.23,False,,False
3502,2268,995967,2025-01-21 02:28:38.421222,socks,Mobile,Product Page,False,[],2.2,False,,False
3503,6794,218210,2025-01-31 01:49:24.421222,keyboard,Tablet,Product Page,True,"['Logitech MX Keys', 'Razer BlackWidow', 'Corsair K95']",0.96,True,Logitech MX Keys,False
3504,9258,369012,2025-01-20 11:32:55.421222,laptop,Desktop,Homepage,True,"['Dell XPS 13', 'MacBook Air', 'HP Spectre x360']",1.56,True,MacBook Air,False
3505,8563,378973,2025-01-14 06:54:33.421222,coffee mug,Tablet,Category Page,True,"['Ceramic Mug', 'Travel Mug', 'Insulated Mug']",1.34,True,Ceramic Mug,False
3506,2018,881079,2025-01-19 13:28:25.421222,phone case,Mobile,Product Page,True,"['OtterBox Defender', 'Spigen Tough Armor', 'Apple Silicone Case']",0.39,True,OtterBox Defender,False
3507,7103,448110,2025-01-25 07:04:01.421222,external hard drive,Tablet,Homepage,True,"['Seagate 2TB', 'WD My Passport', 'Samsung T7']",0.2,False,,False
3508,1502,587910,2025-01-24 11:23:18.421222,wireless earbuds,Mobile,Product Page,True,"['AirPods Pro', 'Sony WF-1000XM4', 'Bose QuietComfort Earbuds']",3.23,True,AirPods Pro,True
3509,9240,998407,2025-01-29 22:14:56.421222,smartphone,Mobile,Homepage,True,"['iPhone 15', 'Samsung Galaxy S24', 'Google Pixel 8']",2.45,False,,False
3510,1381,915822,2025-01-05 16:13:57.421222,coffee mug,Tablet,Product Page,True,"['Ceramic Mug', 'Travel Mug', 'Insulated Mug']",1.3,True,Ceramic Mug,False
3511,2917,349936,2025-01-25 05:13:46.421222,keyboard,Tablet,Homepage,True,"['Logitech MX Keys', 'Razer BlackWidow', 'Corsair K95']",2.07,False,,False
3512,3922,396335,2025-01-31 21:12:51.421222,laptop,Desktop,Category Page,True,"['Dell XPS 13', 'MacBook Air', 'HP Spectre x360']",3.03,False,,False
3513,9591,823639,2025-01-06 02:15:49.421222,socks,Tablet,Product Page,False,[],2.92,False,,False
3514,5792,704383,2025-01-19 20:46:46.421222,smartphone,Desktop,Category Page,True,"['iPhone 15', 'Samsung Galaxy S24', 'Google Pixel 8']",2.38,True,Samsung Galaxy S24,False
3515,7116,817577,2025-01-18 05:03:53.421222,mouse,Mobile,Product Page,True,"['Logitech MX Master 3', 'Razer DeathAdder', 'SteelSeries Rival 5']",1.35,True,Logitech MX Master 3,True
3516,8850,944851,2025-01-13 19:55:52.421222,coffee mug,Tablet,Category Page,True,"['Ceramic Mug', 'Travel Mug', 'Insulated Mug']",3.49,True,Insulated Mug,False
3517,6012,663853,2025-01-13 19:59:02.421222,socks,Desktop,Product Page,False,[],2.95,False,,False
3518,5858,669915,2025-01-30 07:44:44.421222,external hard drive,Mobile,Category Page,True,"['Seagate 2TB', 'WD My Passport', 'Samsung T7']",1.77,True,Seagate 2TB,False
3519,7075,952323,2025-01-21 02:39:55.421222,wireless earbuds,Mobile,Product Page,True,"['AirPods Pro', 'Sony WF-1000XM4', 'Bose QuietComfort Earbuds']",0.22,True,Sony WF-1000XM4,False
3520,2427,747050,2025-01-19 06:00:23.421222,water bottle,Tablet,Product Page,False,[],2.68,False,,False
3521,5605,296579,2025-02-02 20:42:47.421222,wireless earbuds,Tablet,Homepage,True,"['AirPods Pro', 'Sony WF-1000XM4', 'Bose QuietComfort Earbuds']",1.02,True,Sony WF-1000XM4,False
3522,6414,203622,2025-01-16 01:05:39.421222,dresses,Tablet,Category Page,False,[],2.19,False,,False
3523,9040,876657,2025-02-02 20:06:34.421222,keyboard,Tablet,Category Page,True,"['Logitech MX Keys', 'Razer BlackWidow', 'Corsair K95']",1.58,False,,False
3524,4497,995849,2025-01-08 18:08:00.421222,headphones,Tablet,Category Page,True,"['Sony WH-1000XM5', 'Bose 700', 'Sennheiser Momentum 4']",3.34,True,Sennheiser Momentum 4,True
3525,2567,419470,2025-01-21 17:31:00.421222,external hard drive,Desktop,Homepage,True,"['Seagate 2TB', 'WD My Passport', 'Samsung T7']",1.06,True,WD My Passport,False
3526,7468,473371,2025-01-08 10:17:32.421222,headphones,Mobile,Product Page,True,"['Sony WH-1000XM5', 'Bose 700', 'Sennheiser Momentum 4']",2.57,False,,False
3527,4045,871451,2025-02-02 02:45:32.421222,socks,Mobile,Product Page,False,[],1.91,False,,False
3528,2768,594901,2025-01-16 12:06:00.421222,gaming chair,Desktop,Category Page,True,"['DXRacer', 'Secretlab Titan', 'Razer Iskur']",2.12,True,Razer Iskur,True
3529,6964,222836,2025-01-11 12:23:15.421222,laptop,Mobile,Homepage,True,"['Dell XPS 13', 'MacBook Air', 'HP Spectre x360']",3.48,False,,False
3530,3949,516455,2025-01-18 20:04:12.421222,external hard drive,Desktop,Product Page,True,"['Seagate 2TB', 'WD My Passport', 'Samsung T7']",1.65,False,,False
3531,5735,903748,2025-01-21 05:58:43.421222,headphones,Desktop,Category Page,True,"['Sony WH-1000XM5', 'Bose 700', 'Sennheiser Momentum 4']",1.1,True,Sony WH-1000XM5,False
3532,1312,150997,2025-01-06 12:50:30.421222,wireless earbuds,Mobile,Category Page,True,"['AirPods Pro', 'Sony WF-1000XM4', 'Bose QuietComfort Earbuds']",2.63,True,Bose QuietComfort Earbuds,False
3533,6179,267847,2025-01-29 05:11:10.421222,water bottle,Tablet,Product Page,False,[],0.81,False,,False
3534,9425,754673,2025-01-30 18:17:32.421222,laptop,Mobile,Product Page,True,"['Dell XPS 13', 'MacBook Air', 'HP Spectre x360']",1.54,True,MacBook Air,False
3535,9079,611999,2025-01-22 11:53:56.421222,mouse,Tablet,Product Page,True,"['Logitech MX Master 3', 'Razer DeathAdder', 'SteelSeries Rival 5']",0.34,False,,False
3536,5739,218372,2025-01-07 09:28:33.421222,socks,Mobile,Product Page,False,[],0.51,False,,False
3537,8403,548107,2025-01-14 06:41:40.421222,mouse,Tablet,Product Page,True,"['Logitech MX Master 3', 'Razer DeathAdder', 'SteelSeries Rival 5']",0.76,True,SteelSeries Rival 5,False
3538,6241,482931,2025-01-29 12:45:26.421222,socks,Mobile,Category Page,False,[],1.07,False,,False
3539,8548,137243,2025-01-23 10:40:00.421222,dresses,Mobile,Product Page,False,[],2.3,False,,False
3540,1133,791241,2025-01-17 02:59:16.421222,wireless earbuds,Mobile,Category Page,True,"['AirPods Pro', 'Sony WF-1000XM4', 'Bose QuietComfort Earbuds']",2.94,True,AirPods Pro,False
3541,7697,647844,2025-01-13 01:57:57.421222,water bottle,Mobile,Product Page,False,[],1.03,False,,False
3542,8725,151901,2025-01-21 11:16:30.421222,headphones,Tablet,Category Page,True,"['Sony WH-1000XM5', 'Bose 700', 'Sennheiser Momentum 4']",1.86,False,,False
3543,7623,169855,2025-01-05 12:15:15.421222,water bottle,Tablet,Product Page,False,[],2.25,False,,False
3544,1746,475621,2025-02-01 00:15:42.421222,gaming chair,Desktop,Category Page,True,"['DXRacer', 'Secretlab Titan', 'Razer Iskur']",2.19,False,,False
3545,2071,188840,2025-01-15 10:54:38.421222,water bottle,Desktop,Product Page,False,[],0.21,False,,False
3546,1541,387052,2025-01-12 09:43:13.421222,phone case,Desktop,Product Page,True,"['OtterBox Defender', 'Spigen Tough Armor', 'Apple Silicone Case']",3.17,False,,False
3547,5530,107075,2025-01-28 08:06:08.421222,wireless earbuds,Tablet,Category Page,True,"['AirPods Pro', 'Sony WF-1000XM4', 'Bose QuietComfort Earbuds']",0.53,False,,False
3548,4629,990509,2025-01-14 00:27:22.421222,coffee mug,Mobile,Product Page,True,"['Ceramic Mug', 'Travel Mug', 'Insulated Mug']",3.31,True,Insulated Mug,False
3549,7492,513182,2025-01-09 12:20:58.421222,smartphone,Tablet,Homepage,True,"['iPhone 15', 'Samsung Galaxy S24', 'Google Pixel 8']",0.45,False,,False
3550,1041,141720,2025-01-23 06:17:24.421222,external hard drive,Desktop,Category Page,True,"['Seagate 2TB', 'WD My Passport', 'Samsung T7']",0.92,True,Seagate 2TB,False
3551,4560,481017,2025-01-16 03:26:37.421222,shoes,Mobile,Homepage,False,[],2.0,False,,False
3552,1661,410012,2025-01-06 22:13:12.421222,gaming chair,Desktop,Category Page,True,"['DXRacer', 'Secretlab Titan', 'Razer Iskur']",0.35,True,DXRacer,False
3553,7704,555262,2025-01-26 08:23:15.421222,gaming chair,Desktop,Homepage,True,"['DXRacer', 'Secretlab Titan', 'Razer Iskur']",0.65,False,,False
3554,3577,961003,2025-01-26 05:39:21.421222,wireless earbuds,Tablet,Homepage,True,"['AirPods Pro', 'Sony WF-1000XM4', 'Bose QuietComfort Earbuds']",2.89,True,AirPods Pro,False
3555,5704,435573,2025-01-31 21:24:32.421222,water bottle,Mobile,Category Page,False,[],3.26,False,,False
3556,7043,537513,2025-02-01 12:53:32.421222,smartphone,Desktop,Homepage,True,"['iPhone 15', 'Samsung Galaxy S24', 'Google Pixel 8']",1.85,False,,False
3557,6547,708331,2025-01-19 23:01:18.421222,mouse,Desktop,Product Page,True,"['Logitech MX Master 3', 'Razer DeathAdder', 'SteelSeries Rival 5']",3.2,True,SteelSeries Rival 5,True
3558,9029,719537,2025-01-13 18:09:36.421222,laptop,Tablet,Category Page,True,"['Dell XPS 13', 'MacBook Air', 'HP Spectre x360']",1.3,False,,False
3559,6483,194397,2025-01-31 11:28:44.421222,coffee mug,Tablet,Category Page,True,"['Ceramic Mug', 'Travel Mug', 'Insulated Mug']",1.09,False,,False
3560,5446,986104,2025-01-24 17:54:31.421222,gaming chair,Tablet,Homepage,True,"['DXRacer', 'Secretlab Titan', 'Razer Iskur']",0.8,True,Secretlab Titan,False
3561,6750,646940,2025-01-06 14:19:19.421222,external hard drive,Mobile,Product Page,True,"['Seagate 2TB', 'WD My Passport', 'Samsung T7']",1.19,True,WD My Passport,False
3562,2546,276610,2025-01-17 16:50:47.421222,phone case,Mobile,Category Page,True,"['OtterBox Defender', 'Spigen Tough Armor', 'Apple Silicone Case']",0.85,True,OtterBox Defender,False
3563,8960,180729,2025-01-10 09:34:13.421222,dresses,Tablet,Product Page,False,[],3.28,False,,False
3564,2487,248312,2025-01-22 03:28:32.421222,keyboard,Tablet,Product Page,True,"['Logitech MX Keys', 'Razer BlackWidow', 'Corsair K95']",0.39,False,,False
3565,9008,123740,2025-01-21 21:48:52.421222,laptop,Mobile,Product Page,True,"['Dell XPS 13', 'MacBook Air', 'HP Spectre x360']",1.98,True,MacBook Air,False
3566,5510,285544,2025-01-06 01:51:50.421222,mouse,Tablet,Homepage,True,"['Logitech MX Master 3', 'Razer DeathAdder', 'SteelSeries Rival 5']",0.22,False,,False
3567,4183,991405,2025-02-02 08:46:33.421222,dresses,Desktop,Category Page,False,[],2.84,False,,False
3568,8477,835560,2025-01-05 16:53:12.421222,mouse,Mobile,Homepage,True,"['Logitech MX Master 3', 'Razer DeathAdder', 'SteelSeries Rival 5']",1.06,True,Logitech MX Master 3,False
3569,9275,944151,2025-01-10 10:02:35.421222,keyboard,Tablet,Homepage,True,"['Logitech MX Keys', 'Razer BlackWidow', 'Corsair K95']",0.73,True,Corsair K95,False
3570,4157,380525,2025-01-14 02:32:10.421222,headphones,Tablet,Homepage,True,"['Sony WH-1000XM5', 'Bose 700', 'Sennheiser Momentum 4']",1.28,False,,False
3571,5768,939134,2025-01-10 11:45:34.421222,keyboard,Mobile,Product Page,True,"['Logitech MX Keys', 'Razer BlackWidow', 'Corsair K95']",2.45,False,,False
3572,4422,745139,2025-01-22 11:34:36.421222,wireless earbuds,Mobile,Category Page,True,"['AirPods Pro', 'Sony WF-1000XM4', 'Bose QuietComfort Earbuds']",1.47,False,,False
3573,9535,880970,2025-01-08 14:17:45.421222,shoes,Tablet,Product Page,False,[],2.28,False,,False
3574,8260,804666,2025-01-14 13:01:52.421222,smartphone,Mobile,Homepage,True,"['iPhone 15', 'Samsung Galaxy S24', 'Google Pixel 8']",2.34,True,Google Pixel 8,False
3575,4417,820983,2025-01-07 02:25:57.421222,laptop,Tablet,Product Page,True,"['Dell XPS 13', 'MacBook Air', 'HP Spectre x360']",2.45,False,,False
3576,7801,762081,2025-01-17 17:48:48.421222,wireless earbuds,Mobile,Category Page,True,"['AirPods Pro', 'Sony WF-1000XM4', 'Bose QuietComfort Earbuds']",0.37,True,Bose QuietComfort Earbuds,False
3577,1076,989733,2025-01-25 06:08:02.421222,shoes,Tablet,Category Page,False,[],3.25,False,,False
3578,2245,535180,2025-01-15 17:51:21.421222,external hard drive,Tablet,Homepage,True,"['Seagate 2TB', 'WD My Passport', 'Samsung T7']",3.17,True,WD My Passport,False
3579,2883,987703,2025-01-25 09:19:33.421222,laptop,Mobile,Homepage,True,"['Dell XPS 13', 'MacBook Air', 'HP Spectre x360']",3.14,True,HP Spectre x360,False
3580,1251,796807,2025-01-22 13:33:10.421222,water bottle,Mobile,Product Page,False,[],0.24,False,,False
3581,1204,573498,2025-01-30 08:40:49.421222,mouse,Desktop,Homepage,True,"['Logitech MX Master 3', 'Razer DeathAdder', 'SteelSeries Rival 5']",2.28,True,Logitech MX Master 3,False
3582,3619,520392,2025-02-03 08:31:12.421222,socks,Tablet,Homepage,False,[],0.65,False,,False
3583,4755,862535,2025-01-15 03:46:15.421222,shoes,Desktop,Product Page,False,[],2.63,False,,False
3584,3594,860476,2025-01-19 21:03:17.421222,keyboard,Mobile,Product Page,True,"['Logitech MX Keys', 'Razer BlackWidow', 'Corsair K95']",0.47,False,,False
3585,8531,832320,2025-01-22 10:55:21.421222,gaming chair,Desktop,Product Page,True,"['DXRacer', 'Secretlab Titan', 'Razer Iskur']",1.49,True,Razer Iskur,False
3586,1925,810599,2025-02-01 13:15:14.421222,keyboard,Mobile,Homepage,True,"['Logitech MX Keys', 'Razer BlackWidow', 'Corsair K95']",3.39,True,Corsair K95,False
3587,2885,231185,2025-01-25 09:46:43.421222,headphones,Desktop,Product Page,True,"['Sony WH-1000XM5', 'Bose 700', 'Sennheiser Momentum 4']",2.6,True,Bose 700,True
3588,8234,358065,2025-01-23 00:54:07.421222,smartphone,Mobile,Product Page,True,"['iPhone 15', 'Samsung Galaxy S24', 'Google Pixel 8']",2.06,True,iPhone 15,False
3589,1937,489511,2025-01-14 23:16:20.421222,smartphone,Desktop,Category Page,True,"['iPhone 15', 'Samsung Galaxy S24', 'Google Pixel 8']",1.09,True,Google Pixel 8,False
3590,5153,708248,2025-01-25 16:47:45.421222,headphones,Desktop,Product Page,True,"['Sony WH-1000XM5', 'Bose 700', 'Sennheiser Momentum 4']",2.84,True,Bose 700,True
3591,1827,418357,2025-02-01 07:52:15.421222,external hard drive,Mobile,Product Page,True,"['Seagate 2TB', 'WD My Passport', 'Samsung T7']",0.99,False,,False
3592,4695,908367,2025-01-21 09:37:31.421222,wireless earbuds,Desktop,Homepage,True,"['AirPods Pro', 'Sony WF-1000XM4', 'Bose QuietComfort Earbuds']",2.41,True,Sony WF-1000XM4,False
3593,3999,362806,2025-01-15 03:59:23.421222,coffee mug,Tablet,Product Page,True,"['Ceramic Mug', 'Travel Mug', 'Insulated Mug']",0.42,False,,False
3594,7429,860083,2025-01-18 12:06:12.421222,laptop,Tablet,Product Page,True,"['Dell XPS 13', 'MacBook Air', 'HP Spectre x360']",0.44,True,Dell XPS 13,False
3595,1610,615356,2025-01-13 12:28:47.421222,keyboard,Desktop,Product Page,True,"['Logitech MX Keys', 'Razer BlackWidow', 'Corsair K95']",1.29,True,Corsair K95,False
3596,6919,589530,2025-01-21 01:21:53.421222,external hard drive,Mobile,Homepage,True,"['Seagate 2TB', 'WD My Passport', 'Samsung T7']",1.73,True,Samsung T7,False
3597,1658,242195,2025-01-12 17:19:44.421222,phone case,Mobile,Homepage,True,"['OtterBox Defender', 'Spigen Tough Armor', 'Apple Silicone Case']",3.39,False,,False
3598,1519,496694,2025-02-04 07:49:04.421222,phone case,Desktop,Category Page,True,"['OtterBox Defender', 'Spigen Tough Armor', 'Apple Silicone Case']",2.89,True,Spigen Tough Armor,False
3599,7881,209097,2025-01-14 08:24:43.421222,gaming chair,Tablet,Category Page,True,"['DXRacer', 'Secretlab Titan', 'Razer Iskur']",1.0,True,Secretlab Titan,False
3600,3775,319798,2025-01-13 09:57:12.421222,smartphone,Tablet,Category Page,True,"['iPhone 15', 'Samsung Galaxy S24', 'Google Pixel 8']",1.64,True,Google Pixel 8,False
3601,7422,142158,2025-01-16 07:03:29.421222,water bottle,Desktop,Homepage,False,[],1.97,False,,False
3602,3696,593028,2025-01-26 11:32:03.421222,shoes,Tablet,Category Page,False,[],1.17,False,,False
3603,9876,981913,2025-01-29 08:55:56.421222,external hard drive,Mobile,Product Page,True,"['Seagate 2TB', 'WD My Passport', 'Samsung T7']",0.82,True,Seagate 2TB,False
3604,8176,313592,2025-01-19 02:07:14.421222,coffee mug,Tablet,Homepage,True,"['Ceramic Mug', 'Travel Mug', 'Insulated Mug']",2.88,True,Ceramic Mug,True
3605,8816,457394,2025-01-07 13:59:28.421222,mouse,Desktop,Category Page,True,"['Logitech MX Master 3', 'Razer DeathAdder', 'SteelSeries Rival 5']",3.07,False,,False
3606,6417,337302,2025-01-17 14:37:33.421222,gaming chair,Tablet,Homepage,True,"['DXRacer', 'Secretlab Titan', 'Razer Iskur']",0.81,True,Secretlab Titan,True
3607,9116,972829,2025-01-08 02:22:50.421222,dresses,Tablet,Homepage,False,[],0.28,False,,False
3608,5961,343300,2025-01-05 17:01:31.421222,smartphone,Mobile,Product Page,True,"['iPhone 15', 'Samsung Galaxy S24', 'Google Pixel 8']",2.39,True,iPhone 15,False
3609,5520,553014,2025-01-21 22:47:48.421222,wireless earbuds,Desktop,Homepage,True,"['AirPods Pro', 'Sony WF-1000XM4', 'Bose QuietComfort Earbuds']",2.77,True,AirPods Pro,False
3610,2332,349616,2025-01-29 23:56:00.421222,dresses,Desktop,Homepage,False,[],3.21,False,,False
3611,8382,184837,2025-01-29 13:48:49.421222,shoes,Desktop,Product Page,False,[],1.64,False,,False
3612,4389,955891,2025-01-18 22:22:45.421222,shoes,Mobile,Homepage,False,[],3.08,False,,False
3613,4539,836246,2025-01-15 22:16:05.421222,laptop,Mobile,Category Page,True,"['Dell XPS 13', 'MacBook Air', 'HP Spectre x360']",3.21,True,HP Spectre x360,True
3614,9531,771995,2025-01-23 10:43:19.421222,external hard drive,Desktop,Product Page,True,"['Seagate 2TB', 'WD My Passport', 'Samsung T7']",2.58,True,Seagate 2TB,False
3615,5042,358330,2025-02-02 08:20:01.421222,water bottle,Mobile,Product Page,False,[],2.31,False,,False
3616,7235,706652,2025-01-11 20:35:37.421222,water bottle,Mobile,Product Page,False,[],3.48,False,,False
3617,3261,577747,2025-01-21 10:46:30.421222,mouse,Mobile,Category Page,True,"['Logitech MX Master 3', 'Razer DeathAdder', 'SteelSeries Rival 5']",1.64,False,,False
3618,2359,932561,2025-01-12 06:08:17.421222,dresses,Mobile,Homepage,False,[],1.43,False,,False
3619,2122,422733,2025-01-15 11:03:18.421222,external hard drive,Desktop,Homepage,True,"['Seagate 2TB', 'WD My Passport', 'Samsung T7']",2.69,False,,False
3620,6136,573548,2025-01-14 23:59:06.421222,keyboard,Mobile,Category Page,True,"['Logitech MX Keys', 'Razer BlackWidow', 'Corsair K95']",1.46,True,Logitech MX Keys,False
3621,1952,578288,2025-01-05 13:45:06.421222,smartphone,Tablet,Product Page,True,"['iPhone 15', 'Samsung Galaxy S24', 'Google Pixel 8']",3.37,True,iPhone 15,False
3622,1619,567213,2025-01-14 02:11:36.421222,water bottle,Tablet,Homepage,False,[],1.33,False,,False
3623,3366,654269,2025-01-23 13:51:13.421222,headphones,Mobile,Homepage,True,"['Sony WH-1000XM5', 'Bose 700', 'Sennheiser Momentum 4']",3.25,True,Bose 700,False
3624,7000,685871,2025-01-25 21:45:48.421222,smartphone,Mobile,Homepage,True,"['iPhone 15', 'Samsung Galaxy S24', 'Google Pixel 8']",2.39,True,iPhone 15,False
3625,2486,487182,2025-01-07 15:04:38.421222,coffee mug,Tablet,Category Page,True,"['Ceramic Mug', 'Travel Mug', 'Insulated Mug']",2.47,True,Insulated Mug,False
3626,4861,166563,2025-01-19 09:16:32.421222,shoes,Tablet,Homepage,False,[],0.6,False,,False
3627,9672,805090,2025-01-27 13:51:02.421222,keyboard,Tablet,Category Page,True,"['Logitech MX Keys', 'Razer BlackWidow', 'Corsair K95']",1.18,False,,False
3628,6232,575162,2025-01-05 11:31:21.421222,coffee mug,Tablet,Product Page,True,"['Ceramic Mug', 'Travel Mug', 'Insulated Mug']",0.61,False,,False
3629,6863,327859,2025-01-26 14:08:15.421222,gaming chair,Tablet,Category Page,True,"['DXRacer', 'Secretlab Titan', 'Razer Iskur']",2.58,True,DXRacer,True
3630,7548,892404,2025-01-10 10:31:10.421222,mouse,Tablet,Homepage,True,"['Logitech MX Master 3', 'Razer DeathAdder', 'SteelSeries Rival 5']",0.32,True,Logitech MX Master 3,True
3631,6010,240986,2025-01-12 21:45:54.421222,laptop,Mobile,Homepage,True,"['Dell XPS 13', 'MacBook Air', 'HP Spectre x360']",2.1,True,HP Spectre x360,False
3632,6436,253726,2025-01-23 05:18:31.421222,water bottle,Tablet,Homepage,False,[],3.19,False,,False
3633,5827,266938,2025-01-07 07:27:41.421222,smartphone,Tablet,Homepage,True,"['iPhone 15', 'Samsung Galaxy S24', 'Google Pixel 8']",2.34,False,,False
3634,7814,936566,2025-01-17 21:09:46.421222,keyboard,Mobile,Product Page,True,"['Logitech MX Keys', 'Razer BlackWidow', 'Corsair K95']",1.19,True,Razer BlackWidow,False
3635,9356,805168,2025-01-15 03:48:41.421222,laptop,Tablet,Category Page,True,"['Dell XPS 13', 'MacBook Air', 'HP Spectre x360']",1.09,True,Dell XPS 13,True
3636,5706,793329,2025-01-26 10:27:00.421222,mouse,Tablet,Homepage,True,"['Logitech MX Master 3', 'Razer DeathAdder', 'SteelSeries Rival 5']",2.46,True,SteelSeries Rival 5,True
3637,7454,570579,2025-01-28 20:42:21.421222,coffee mug,Tablet,Homepage,True,"['Ceramic Mug', 'Travel Mug', 'Insulated Mug']",3.41,True,Ceramic Mug,False
3638,6457,988048,2025-01-25 08:42:22.421222,laptop,Tablet,Product Page,True,"['Dell XPS 13', 'MacBook Air', 'HP Spectre x360']",1.67,False,,False
3639,4752,288421,2025-01-20 05:44:40.421222,water bottle,Tablet,Product Page,False,[],0.73,False,,False
3640,1577,547965,2025-01-08 15:13:23.421222,socks,Mobile,Homepage,False,[],3.37,False,,False
3641,2375,196221,2025-01-29 22:01:42.421222,keyboard,Tablet,Category Page,True,"['Logitech MX Keys', 'Razer BlackWidow', 'Corsair K95']",2.59,True,Corsair K95,False
3642,3190,354916,2025-01-22 19:07:58.421222,gaming chair,Tablet,Product Page,True,"['DXRacer', 'Secretlab Titan', 'Razer Iskur']",3.37,False,,False
3643,2701,874269,2025-01-11 14:58:32.421222,keyboard,Tablet,Product Page,True,"['Logitech MX Keys', 'Razer BlackWidow', 'Corsair K95']",0.27,True,Logitech MX Keys,True
3644,4551,191187,2025-02-02 14:34:23.421222,mouse,Tablet,Product Page,True,"['Logitech MX Master 3', 'Razer DeathAdder', 'SteelSeries Rival 5']",1.22,True,Razer DeathAdder,False
3645,9166,63236,2025-01-05 12:47:59.421222,dresses,Desktop,Homepage,False,[],0.33,False,,False
3646,8823,298934,2025-01-12 17:11:43.421222,wireless earbuds,Desktop,Product Page,True,"['AirPods Pro', 'Sony WF-1000XM4', 'Bose QuietComfort Earbuds']",2.09,True,Bose QuietComfort Earbuds,False
3647,1884,199513,2025-01-29 08:21:43.421222,gaming chair,Desktop,Product Page,True,"['DXRacer', 'Secretlab Titan', 'Razer Iskur']",1.91,True,Razer Iskur,False
3648,8622,476698,2025-01-16 14:03:44.421222,keyboard,Desktop,Category Page,True,"['Logitech MX Keys', 'Razer BlackWidow', 'Corsair K95']",2.81,True,Logitech MX Keys,False
3649,5117,759466,2025-01-29 01:09:19.421222,laptop,Tablet,Product Page,True,"['Dell XPS 13', 'MacBook Air', 'HP Spectre x360']",0.72,False,,False
3650,7739,956498,2025-01-15 06:59:13.421222,phone case,Mobile,Product Page,True,"['OtterBox Defender', 'Spigen Tough Armor', 'Apple Silicone Case']",3.36,False,,False
3651,4978,725971,2025-01-20 05:26:37.421222,water bottle,Desktop,Category Page,False,[],0.83,False,,False
3652,8692,616396,2025-01-13 21:57:56.421222,wireless earbuds,Mobile,Category Page,True,"['AirPods Pro', 'Sony WF-1000XM4', 'Bose QuietComfort Earbuds']",2.58,False,,False
3653,3982,262384,2025-01-29 04:25:13.421222,external hard drive,Tablet,Product Page,True,"['Seagate 2TB', 'WD My Passport', 'Samsung T7']",0.51,True,Seagate 2TB,False
3654,7909,559104,2025-01-28 09:35:00.421222,keyboard,Desktop,Homepage,True,"['Logitech MX Keys', 'Razer BlackWidow', 'Corsair K95']",1.45,True,Logitech MX Keys,False
3655,6424,250055,2025-02-03 04:11:34.421222,smartphone,Mobile,Homepage,True,"['iPhone 15', 'Samsung Galaxy S24', 'Google Pixel 8']",0.21,True,Samsung Galaxy S24,False
3656,1926,240123,2025-01-28 03:54:40.421222,phone case,Desktop,Category Page,True,"['OtterBox Defender', 'Spigen Tough Armor', 'Apple Silicone Case']",2.76,False,,False
3657,8666,710851,2025-01-14 06:09:42.421222,wireless earbuds,Mobile,Category Page,True,"['AirPods Pro', 'Sony WF-1000XM4', 'Bose QuietComfort Earbuds']",0.62,False,,False
3658,4271,864295,2025-01-18 02:46:28.421222,gaming chair,Tablet,Product Page,True,"['DXRacer', 'Secretlab Titan', 'Razer Iskur']",1.11,True,Secretlab Titan,False
3659,4567,901967,2025-01-10 07:21:05.421222,shoes,Mobile,Product Page,False,[],0.36,False,,False
3660,1133,590018,2025-01-16 06:28:06.421222,mouse,Tablet,Category Page,True,"['Logitech MX Master 3', 'Razer DeathAdder', 'SteelSeries Rival 5']",2.54,True,SteelSeries Rival 5,False
3661,6372,885796,2025-02-02 00:41:15.421222,water bottle,Tablet,Product Page,False,[],0.92,False,,False
3662,7548,85681,2025-01-18 12:01:01.421222,laptop,Tablet,Product Page,True,"['Dell XPS 13', 'MacBook Air', 'HP Spectre x360']",3.45,True,Dell XPS 13,False
3663,8735,94400,2025-01-18 03:29:12.421222,smartphone,Mobile,Homepage,True,"['iPhone 15', 'Samsung Galaxy S24', 'Google Pixel 8']",2.6,False,,False
3664,7767,969288,2025-01-13 09:58:54.421222,coffee mug,Tablet,Homepage,True,"['Ceramic Mug', 'Travel Mug', 'Insulated Mug']",1.83,True,Travel Mug,True
3665,7103,687753,2025-01-30 04:58:30.421222,headphones,Desktop,Category Page,True,"['Sony WH-1000XM5', 'Bose 700', 'Sennheiser Momentum 4']",0.26,True,Sony WH-1000XM5,False
3666,3557,339517,2025-02-03 22:45:44.421222,shoes,Mobile,Product Page,False,[],0.54,False,,False
3667,5642,418796,2025-01-27 03:42:23.421222,wireless earbuds,Tablet,Category Page,True,"['AirPods Pro', 'Sony WF-1000XM4', 'Bose QuietComfort Earbuds']",2.91,False,,False
3668,9337,217744,2025-01-25 15:44:40.421222,smartphone,Desktop,Product Page,True,"['iPhone 15', 'Samsung Galaxy S24', 'Google Pixel 8']",1.62,False,,False
3669,1580,404751,2025-01-23 21:30:46.421222,wireless earbuds,Tablet,Category Page,True,"['AirPods Pro', 'Sony WF-1000XM4', 'Bose QuietComfort Earbuds']",0.76,True,Bose QuietComfort Earbuds,False
3670,5189,823733,2025-01-08 22:18:46.421222,keyboard,Tablet,Product Page,True,"['Logitech MX Keys', 'Razer BlackWidow', 'Corsair K95']",0.23,True,Logitech MX Keys,False
3671,7195,314544,2025-01-28 14:09:11.421222,headphones,Desktop,Product Page,True,"['Sony WH-1000XM5', 'Bose 700', 'Sennheiser Momentum 4']",0.72,True,Sennheiser Momentum 4,False
3672,6229,260640,2025-01-18 01:46:21.421222,external hard drive,Mobile,Homepage,True,"['Seagate 2TB', 'WD My Passport', 'Samsung T7']",1.57,True,Samsung T7,False
3673,2012,84255,2025-02-02 08:06:55.421222,shoes,Tablet,Product Page,False,[],0.75,False,,False
3674,5770,755501,2025-01-18 23:46:39.421222,socks,Desktop,Product Page,False,[],1.12,False,,False
3675,6135,901234,2025-02-03 23:01:59.421222,keyboard,Mobile,Homepage,True,"['Logitech MX Keys', 'Razer BlackWidow', 'Corsair K95']",2.88,False,,False
3676,9452,755436,2025-01-15 06:50:38.421222,smartphone,Tablet,Homepage,True,"['iPhone 15', 'Samsung Galaxy S24', 'Google Pixel 8']",1.76,True,Samsung Galaxy S24,False
3677,5244,719058,2025-01-06 12:05:09.421222,headphones,Mobile,Category Page,True,"['Sony WH-1000XM5', 'Bose 700', 'Sennheiser Momentum 4']",1.62,True,Sony WH-1000XM5,False
3678,4075,582190,2025-01-09 03:14:03.421222,mouse,Mobile,Homepage,True,"['Logitech MX Master 3', 'Razer DeathAdder', 'SteelSeries Rival 5']",1.14,True,Logitech MX Master 3,False
3679,3164,719074,2025-01-25 00:41:00.421222,smartphone,Tablet,Homepage,True,"['iPhone 15', 'Samsung Galaxy S24', 'Google Pixel 8']",2.53,True,Google Pixel 8,True
3680,8282,478038,2025-02-01 15:01:11.421222,mouse,Tablet,Product Page,True,"['Logitech MX Master 3', 'Razer DeathAdder', 'SteelSeries Rival 5']",3.44,False,,False
3681,6308,472771,2025-01-07 02:33:32.421222,mouse,Tablet,Product Page,True,"['Logitech MX Master 3', 'Razer DeathAdder', 'SteelSeries Rival 5']",2.42,True,SteelSeries Rival 5,False
3682,9243,51988,2025-01-10 01:19:30.421222,wireless earbuds,Mobile,Homepage,True,"['AirPods Pro', 'Sony WF-1000XM4', 'Bose QuietComfort Earbuds']",2.16,True,Bose QuietComfort Earbuds,True
3683,7186,652882,2025-01-10 04:02:51.421222,keyboard,Mobile,Category Page,True,"['Logitech MX Keys', 'Razer BlackWidow', 'Corsair K95']",2.1,True,Razer BlackWidow,False
3684,8744,89617,2025-01-31 03:33:46.421222,laptop,Mobile,Category Page,True,"['Dell XPS 13', 'MacBook Air', 'HP Spectre x360']",2.03,True,Dell XPS 13,False
3685,1995,511224,2025-01-10 10:22:02.421222,water bottle,Tablet,Homepage,False,[],1.12,False,,False
3686,2290,872880,2025-01-20 05:08:18.421222,socks,Mobile,Homepage,False,[],1.13,False,,False
3687,9924,851684,2025-01-11 08:42:47.421222,external hard drive,Tablet,Category Page,True,"['Seagate 2TB', 'WD My Passport', 'Samsung T7']",3.04,True,Samsung T7,False
3688,5798,502758,2025-01-21 08:18:17.421222,shoes,Mobile,Product Page,False,[],2.18,False,,False
3689,8914,50063,2025-01-22 02:39:54.421222,shoes,Tablet,Product Page,False,[],1.16,False,,False
3690,7017,599328,2025-01-05 22:07:47.421222,headphones,Tablet,Homepage,True,"['Sony WH-1000XM5', 'Bose 700', 'Sennheiser Momentum 4']",1.85,True,Sennheiser Momentum 4,False
3691,1773,821207,2025-01-14 09:41:23.421222,water bottle,Mobile,Category Page,False,[],1.39,False,,False
3692,1113,92609,2025-02-04 00:49:37.421222,coffee mug,Desktop,Category Page,True,"['Ceramic Mug', 'Travel Mug', 'Insulated Mug']",2.2,True,Insulated Mug,False
3693,1364,903065,2025-02-03 12:47:26.421222,shoes,Tablet,Product Page,False,[],0.52,False,,False
3694,1168,315679,2025-01-25 20:50:18.421222,phone case,Tablet,Category Page,True,"['OtterBox Defender', 'Spigen Tough Armor', 'Apple Silicone Case']",2.21,True,Spigen Tough Armor,True
3695,2800,481218,2025-01-31 05:28:00.421222,water bottle,Mobile,Homepage,False,[],1.47,False,,False
3696,5424,85284,2025-01-12 03:58:34.421222,external hard drive,Mobile,Product Page,True,"['Seagate 2TB', 'WD My Passport', 'Samsung T7']",2.93,True,Samsung T7,False
3697,6145,871315,2025-01-11 03:19:03.421222,headphones,Mobile,Category Page,True,"['Sony WH-1000XM5', 'Bose 700', 'Sennheiser Momentum 4']",2.5,False,,False
3698,7407,460112,2025-02-02 15:22:49.421222,headphones,Mobile,Homepage,True,"['Sony WH-1000XM5', 'Bose 700', 'Sennheiser Momentum 4']",1.77,True,Sony WH-1000XM5,False
3699,7269,867873,2025-01-31 05:05:59.421222,laptop,Desktop,Category Page,True,"['Dell XPS 13', 'MacBook Air', 'HP Spectre x360']",1.19,True,MacBook Air,False
3700,5166,150242,2025-02-01 09:37:52.421222,shoes,Mobile,Homepage,False,[],2.89,False,,False
3701,1270,931446,2025-01-31 22:23:00.421222,external hard drive,Mobile,Homepage,True,"['Seagate 2TB', 'WD My Passport', 'Samsung T7']",1.42,False,,False
3702,5674,433302,2025-01-22 23:52:40.421222,keyboard,Tablet,Product Page,True,"['Logitech MX Keys', 'Razer BlackWidow', 'Corsair K95']",2.35,True,Razer BlackWidow,True
3703,7245,795808,2025-01-28 01:09:12.421222,water bottle,Tablet,Homepage,False,[],1.32,False,,False
3704,1819,720936,2025-01-24 18:56:45.421222,smartphone,Tablet,Category Page,True,"['iPhone 15', 'Samsung Galaxy S24', 'Google Pixel 8']",2.06,True,Google Pixel 8,False
3705,7324,245698,2025-01-11 09:23:11.421222,gaming chair,Desktop,Category Page,True,"['DXRacer', 'Secretlab Titan', 'Razer Iskur']",1.11,True,DXRacer,True
3706,5038,621072,2025-02-04 03:42:32.421222,shoes,Mobile,Homepage,False,[],1.82,False,,False
3707,8748,473693,2025-02-03 16:41:03.421222,mouse,Desktop,Category Page,True,"['Logitech MX Master 3', 'Razer DeathAdder', 'SteelSeries Rival 5']",1.19,True,Logitech MX Master 3,False
3708,9187,962499,2025-01-23 05:28:04.421222,laptop,Mobile,Homepage,True,"['Dell XPS 13', 'MacBook Air', 'HP Spectre x360']",0.7,True,HP Spectre x360,False
3709,9658,582435,2025-01-10 00:55:08.421222,dresses,Mobile,Homepage,False,[],1.23,False,,False
3710,3011,961817,2025-01-24 07:31:56.421222,keyboard,Tablet,Homepage,True,"['Logitech MX Keys', 'Razer BlackWidow', 'Corsair K95']",1.02,True,Corsair K95,True
3711,6078,215596,2025-01-15 23:35:32.421222,keyboard,Tablet,Homepage,True,"['Logitech MX Keys', 'Razer BlackWidow', 'Corsair K95']",3.22,True,Logitech MX Keys,False
3712,5708,757472,2025-01-30 22:34:53.421222,laptop,Mobile,Product Page,True,"['Dell XPS 13', 'MacBook Air', 'HP Spectre x360']",1.31,True,HP Spectre x360,False
3713,4391,454180,2025-01-13 11:57:25.421222,wireless earbuds,Desktop,Homepage,True,"['AirPods Pro', 'Sony WF-1000XM4', 'Bose QuietComfort Earbuds']",0.51,True,Bose QuietComfort Earbuds,False
3714,4560,601207,2025-01-31 16:57:02.421222,mouse,Mobile,Product Page,True,"['Logitech MX Master 3', 'Razer DeathAdder', 'SteelSeries Rival 5']",2.14,False,,False
3715,3170,826055,2025-01-18 17:57:03.421222,wireless earbuds,Tablet,Category Page,True,"['AirPods Pro', 'Sony WF-1000XM4', 'Bose QuietComfort Earbuds']",0.71,False,,False
3716,1143,252012,2025-02-01 19:29:53.421222,headphones,Tablet,Homepage,True,"['Sony WH-1000XM5', 'Bose 700', 'Sennheiser Momentum 4']",1.92,True,Sony WH-1000XM5,False
3717,1161,496581,2025-02-04 06:41:46.421222,water bottle,Tablet,Product Page,False,[],0.86,False,,False
3718,3894,415967,2025-01-17 00:02:58.421222,coffee mug,Mobile,Category Page,True,"['Ceramic Mug', 'Travel Mug', 'Insulated Mug']",2.94,True,Travel Mug,True
3719,3340,500515,2025-01-30 18:34:21.421222,smartphone,Desktop,Homepage,True,"['iPhone 15', 'Samsung Galaxy S24', 'Google Pixel 8']",1.23,False,,False
3720,7584,363593,2025-01-18 12:43:05.421222,laptop,Mobile,Category Page,True,"['Dell XPS 13', 'MacBook Air', 'HP Spectre x360']",2.02,True,Dell XPS 13,False
3721,9728,113974,2025-01-14 19:16:17.421222,water bottle,Mobile,Category Page,False,[],1.93,False,,False
3722,6762,133820,2025-01-11 07:00:04.421222,laptop,Desktop,Homepage,True,"['Dell XPS 13', 'MacBook Air', 'HP Spectre x360']",0.8,True,MacBook Air,False
3723,6773,870962,2025-01-11 02:47:07.421222,dresses,Tablet,Homepage,False,[],0.85,False,,False
3724,3543,991408,2025-01-25 15:42:44.421222,dresses,Desktop,Product Page,False,[],2.66,False,,False
3725,5716,984900,2025-01-27 16:06:15.421222,gaming chair,Mobile,Product Page,True,"['DXRacer', 'Secretlab Titan', 'Razer Iskur']",1.71,True,Razer Iskur,False
3726,5108,495943,2025-01-25 23:34:15.421222,phone case,Tablet,Category Page,True,"['OtterBox Defender', 'Spigen Tough Armor', 'Apple Silicone Case']",1.16,True,Apple Silicone Case,False
3727,1783,409979,2025-01-07 11:51:16.421222,gaming chair,Tablet,Product Page,True,"['DXRacer', 'Secretlab Titan', 'Razer Iskur']",2.78,True,Razer Iskur,True
3728,8220,68977,2025-02-02 06:19:49.421222,shoes,Mobile,Product Page,False,[],0.36,False,,False
3729,8130,379901,2025-01-12 19:07:58.421222,laptop,Mobile,Homepage,True,"['Dell XPS 13', 'MacBook Air', 'HP Spectre x360']",0.75,False,,False
3730,5478,980678,2025-01-26 03:42:10.421222,headphones,Tablet,Product Page,True,"['Sony WH-1000XM5', 'Bose 700', 'Sennheiser Momentum 4']",3.09,False,,False
3731,1831,409219,2025-01-09 08:48:27.421222,wireless earbuds,Tablet,Homepage,True,"['AirPods Pro', 'Sony WF-1000XM4', 'Bose QuietComfort Earbuds']",2.0,True,Bose QuietComfort Earbuds,True
3732,5252,657687,2025-01-08 20:52:37.421222,external hard drive,Desktop,Homepage,True,"['Seagate 2TB', 'WD My Passport', 'Samsung T7']",0.65,True,WD My Passport,False
3733,8911,111243,2025-01-31 15:02:37.421222,water bottle,Mobile,Homepage,False,[],0.42,False,,False
3734,8089,771248,2025-01-07 16:15:14.421222,coffee mug,Desktop,Homepage,True,"['Ceramic Mug', 'Travel Mug', 'Insulated Mug']",0.71,True,Insulated Mug,True
3735,6830,881706,2025-01-14 05:30:22.421222,mouse,Tablet,Homepage,True,"['Logitech MX Master 3', 'Razer DeathAdder', 'SteelSeries Rival 5']",0.52,True,SteelSeries Rival 5,False
3736,3442,968543,2025-01-09 19:17:02.421222,socks,Mobile,Homepage,False,[],2.79,False,,False
3737,7539,123659,2025-01-12 16:35:42.421222,phone case,Tablet,Homepage,True,"['OtterBox Defender', 'Spigen Tough Armor', 'Apple Silicone Case']",1.13,False,,False
3738,4791,661563,2025-01-18 03:42:59.421222,socks,Mobile,Category Page,False,[],3.25,False,,False
3739,3646,811715,2025-01-30 04:44:32.421222,keyboard,Mobile,Homepage,True,"['Logitech MX Keys', 'Razer BlackWidow', 'Corsair K95']",1.48,True,Logitech MX Keys,False
3740,6516,955256,2025-01-23 00:34:37.421222,phone case,Tablet,Homepage,True,"['OtterBox Defender', 'Spigen Tough Armor', 'Apple Silicone Case']",2.69,False,,False
3741,6164,971439,2025-01-29 00:40:53.421222,keyboard,Mobile,Category Page,True,"['Logitech MX Keys', 'Razer BlackWidow', 'Corsair K95']",2.78,True,Corsair K95,False
3742,8407,731574,2025-01-20 11:38:51.421222,socks,Mobile,Homepage,False,[],1.62,False,,False
3743,8817,129470,2025-01-24 12:01:52.421222,mouse,Desktop,Product Page,True,"['Logitech MX Master 3', 'Razer DeathAdder', 'SteelSeries Rival 5']",1.74,False,,False
3744,6657,764826,2025-01-13 09:05:00.421222,shoes,Tablet,Homepage,False,[],1.0,False,,False
3745,3229,940378,2025-01-25 20:50:08.421222,shoes,Desktop,Product Page,False,[],1.49,False,,False
3746,6055,507665,2025-01-21 02:49:21.421222,phone case,Tablet,Category Page,True,"['OtterBox Defender', 'Spigen Tough Armor', 'Apple Silicone Case']",0.8,True,Spigen Tough Armor,False
3747,6310,798037,2025-02-02 13:02:46.421222,keyboard,Mobile,Category Page,True,"['Logitech MX Keys', 'Razer BlackWidow', 'Corsair K95']",1.59,True,Razer BlackWidow,False
3748,5577,953960,2025-01-15 07:15:44.421222,mouse,Mobile,Category Page,True,"['Logitech MX Master 3', 'Razer DeathAdder', 'SteelSeries Rival 5']",0.95,True,Razer DeathAdder,False
3749,9524,536296,2025-01-27 12:46:13.421222,water bottle,Tablet,Product Page,False,[],2.3,False,,False
3750,4102,449520,2025-01-05 14:23:44.421222,laptop,Desktop,Category Page,True,"['Dell XPS 13', 'MacBook Air', 'HP Spectre x360']",1.72,True,HP Spectre x360,False
3751,6487,145784,2025-01-17 19:03:20.421222,gaming chair,Mobile,Category Page,True,"['DXRacer', 'Secretlab Titan', 'Razer Iskur']",3.31,True,DXRacer,False
3752,9006,580703,2025-01-08 05:23:38.421222,phone case,Tablet,Category Page,True,"['OtterBox Defender', 'Spigen Tough Armor', 'Apple Silicone Case']",0.65,True,Spigen Tough Armor,False
3753,8392,145438,2025-01-22 16:50:09.421222,laptop,Desktop,Homepage,True,"['Dell XPS 13', 'MacBook Air', 'HP Spectre x360']",1.49,True,MacBook Air,False
3754,6686,145244,2025-01-21 08:27:17.421222,phone case,Tablet,Category Page,True,"['OtterBox Defender', 'Spigen Tough Armor', 'Apple Silicone Case']",1.32,False,,False
3755,6529,534830,2025-01-16 08:27:35.421222,wireless earbuds,Tablet,Category Page,True,"['AirPods Pro', 'Sony WF-1000XM4', 'Bose QuietComfort Earbuds']",2.08,False,,False
3756,3874,502692,2025-01-05 20:52:18.421222,gaming chair,Desktop,Homepage,True,"['DXRacer', 'Secretlab Titan', 'Razer Iskur']",0.84,True,DXRacer,True
3757,2709,956710,2025-01-10 02:06:45.421222,shoes,Desktop,Homepage,False,[],0.89,False,,False
3758,2539,397428,2025-01-26 08:38:43.421222,laptop,Tablet,Homepage,True,"['Dell XPS 13', 'MacBook Air', 'HP Spectre x360']",2.34,True,HP Spectre x360,False
3759,4031,391177,2025-01-22 07:00:29.421222,external hard drive,Desktop,Product Page,True,"['Seagate 2TB', 'WD My Passport', 'Samsung T7']",2.59,True,Samsung T7,False
3760,6065,235184,2025-01-25 20:16:44.421222,wireless earbuds,Tablet,Product Page,True,"['AirPods Pro', 'Sony WF-1000XM4', 'Bose QuietComfort Earbuds']",3.1,True,Bose QuietComfort Earbuds,False
3761,4095,244248,2025-01-05 12:39:11.421222,gaming chair,Tablet,Homepage,True,"['DXRacer', 'Secretlab Titan', 'Razer Iskur']",1.77,True,Secretlab Titan,False
3762,2653,963841,2025-01-11 05:45:02.421222,coffee mug,Desktop,Homepage,True,"['Ceramic Mug', 'Travel Mug', 'Insulated Mug']",2.04,True,Travel Mug,False
3763,5640,763443,2025-01-17 09:45:33.421222,shoes,Tablet,Category Page,False,[],2.99,False,,False
3764,6412,403614,2025-01-23 16:12:04.421222,wireless earbuds,Mobile,Homepage,True,"['AirPods Pro', 'Sony WF-1000XM4', 'Bose QuietComfort Earbuds']",2.7,True,AirPods Pro,False
3765,5465,948066,2025-01-20 15:47:59.421222,smartphone,Desktop,Homepage,True,"['iPhone 15', 'Samsung Galaxy S24', 'Google Pixel 8']",2.46,True,Google Pixel 8,False
3766,3111,169802,2025-01-09 17:15:53.421222,mouse,Tablet,Product Page,True,"['Logitech MX Master 3', 'Razer DeathAdder', 'SteelSeries Rival 5']",2.78,True,Logitech MX Master 3,True
3767,3965,741382,2025-01-16 07:54:23.421222,socks,Desktop,Category Page,False,[],1.01,False,,False
3768,6234,222536,2025-01-30 15:46:26.421222,laptop,Desktop,Homepage,True,"['Dell XPS 13', 'MacBook Air', 'HP Spectre x360']",0.56,True,Dell XPS 13,False
3769,4930,595223,2025-01-17 17:23:10.421222,laptop,Tablet,Product Page,True,"['Dell XPS 13', 'MacBook Air', 'HP Spectre x360']",2.1,False,,False
3770,2249,688097,2025-01-23 13:45:25.421222,shoes,Mobile,Category Page,False,[],0.76,False,,False
3771,9385,883538,2025-01-10 23:30:23.421222,phone case,Desktop,Category Page,True,"['OtterBox Defender', 'Spigen Tough Armor', 'Apple Silicone Case']",0.53,False,,False
3772,6935,461277,2025-01-15 04:53:39.421222,keyboard,Tablet,Product Page,True,"['Logitech MX Keys', 'Razer BlackWidow', 'Corsair K95']",2.01,True,Logitech MX Keys,False
3773,4691,133402,2025-01-26 02:03:59.421222,dresses,Tablet,Homepage,False,[],2.81,False,,False
3774,2279,933803,2025-02-02 15:39:05.421222,mouse,Mobile,Homepage,True,"['Logitech MX Master 3', 'Razer DeathAdder', 'SteelSeries Rival 5']",2.58,True,Razer DeathAdder,False
3775,2767,792416,2025-01-07 15:46:15.421222,mouse,Desktop,Category Page,True,"['Logitech MX Master 3', 'Razer DeathAdder', 'SteelSeries Rival 5']",0.51,True,Razer DeathAdder,False
3776,9292,835891,2025-01-12 04:20:27.421222,external hard drive,Mobile,Homepage,True,"['Seagate 2TB', 'WD My Passport', 'Samsung T7']",3.29,True,Seagate 2TB,False
3777,2848,928448,2025-01-17 21:00:06.421222,headphones,Mobile,Category Page,True,"['Sony WH-1000XM5', 'Bose 700', 'Sennheiser Momentum 4']",2.92,False,,False
3778,2296,501592,2025-01-21 02:27:41.421222,laptop,Tablet,Product Page,True,"['Dell XPS 13', 'MacBook Air', 'HP Spectre x360']",1.8,True,MacBook Air,False
3779,3956,605959,2025-01-26 13:46:27.421222,wireless earbuds,Desktop,Product Page,True,"['AirPods Pro', 'Sony WF-1000XM4', 'Bose QuietComfort Earbuds']",1.18,True,AirPods Pro,False
3780,4837,375339,2025-01-12 17:32:59.421222,smartphone,Tablet,Homepage,True,"['iPhone 15', 'Samsung Galaxy S24', 'Google Pixel 8']",2.71,True,Samsung Galaxy S24,False
3781,4896,706628,2025-01-22 10:24:40.421222,laptop,Desktop,Homepage,True,"['Dell XPS 13', 'MacBook Air', 'HP Spectre x360']",1.39,True,MacBook Air,False
3782,3599,783339,2025-01-27 17:37:53.421222,socks,Mobile,Product Page,False,[],1.06,False,,False
3783,4783,261858,2025-01-05 14:04:14.421222,gaming chair,Desktop,Homepage,True,"['DXRacer', 'Secretlab Titan', 'Razer Iskur']",0.91,True,Razer Iskur,False
3784,8243,496309,2025-01-16 20:36:13.421222,phone case,Desktop,Homepage,True,"['OtterBox Defender', 'Spigen Tough Armor', 'Apple Silicone Case']",2.83,True,OtterBox Defender,False
3785,1310,968973,2025-01-08 03:44:54.421222,water bottle,Mobile,Product Page,False,[],1.7,False,,False
3786,7684,500487,2025-01-10 06:27:32.421222,dresses,Mobile,Product Page,False,[],3.29,False,,False
3787,7264,772294,2025-01-13 08:13:39.421222,wireless earbuds,Mobile,Product Page,True,"['AirPods Pro', 'Sony WF-1000XM4', 'Bose QuietComfort Earbuds']",0.78,True,Bose QuietComfort Earbuds,False
3788,4275,77649,2025-02-03 08:52:13.421222,dresses,Tablet,Category Page,False,[],1.08,False,,False
3789,2688,131905,2025-01-28 00:49:41.421222,laptop,Desktop,Homepage,True,"['Dell XPS 13', 'MacBook Air', 'HP Spectre x360']",3.33,True,Dell XPS 13,True
3790,9617,236247,2025-01-23 10:56:27.421222,gaming chair,Mobile,Product Page,True,"['DXRacer', 'Secretlab Titan', 'Razer Iskur']",1.12,True,Secretlab Titan,False
3791,1203,473767,2025-01-12 03:48:28.421222,phone case,Mobile,Category Page,True,"['OtterBox Defender', 'Spigen Tough Armor', 'Apple Silicone Case']",1.89,False,,False
3792,3141,314245,2025-01-12 15:01:47.421222,smartphone,Tablet,Category Page,True,"['iPhone 15', 'Samsung Galaxy S24', 'Google Pixel 8']",1.04,True,Samsung Galaxy S24,False
3793,4424,765686,2025-01-08 01:23:18.421222,shoes,Mobile,Product Page,False,[],2.32,False,,False
3794,7284,644389,2025-01-06 08:20:15.421222,laptop,Desktop,Homepage,True,"['Dell XPS 13', 'MacBook Air', 'HP Spectre x360']",3.0,True,Dell XPS 13,False
3795,2354,486563,2025-01-26 04:49:01.421222,dresses,Tablet,Product Page,False,[],3.44,False,,False
3796,6515,410000,2025-01-17 03:15:01.421222,headphones,Desktop,Product Page,True,"['Sony WH-1000XM5', 'Bose 700', 'Sennheiser Momentum 4']",3.32,False,,False
3797,4292,623674,2025-01-30 08:20:54.421222,socks,Desktop,Category Page,False,[],1.88,False,,False
3798,3664,785517,2025-01-22 09:14:19.421222,external hard drive,Desktop,Product Page,True,"['Seagate 2TB', 'WD My Passport', 'Samsung T7']",0.36,True,Seagate 2TB,False
3799,1889,532713,2025-01-27 17:59:50.421222,coffee mug,Tablet,Category Page,True,"['Ceramic Mug', 'Travel Mug', 'Insulated Mug']",3.39,True,Insulated Mug,False
3800,9768,212860,2025-02-01 20:51:22.421222,socks,Mobile,Homepage,False,[],1.78,False,,False
3801,1267,652001,2025-01-18 22:00:04.421222,dresses,Desktop,Product Page,False,[],0.25,False,,False
3802,1710,610042,2025-02-02 12:10:33.421222,shoes,Mobile,Category Page,False,[],1.94,False,,False
3803,4528,278633,2025-01-18 10:54:15.421222,water bottle,Tablet,Product Page,False,[],0.4,False,,False
3804,5718,720263,2025-01-19 09:17:09.421222,shoes,Tablet,Category Page,False,[],3.15,False,,False
3805,3039,677555,2025-01-27 14:06:21.421222,external hard drive,Mobile,Category Page,True,"['Seagate 2TB', 'WD My Passport', 'Samsung T7']",3.13,True,Samsung T7,False
3806,2119,369241,2025-01-19 10:48:08.421222,gaming chair,Tablet,Homepage,True,"['DXRacer', 'Secretlab Titan', 'Razer Iskur']",2.16,True,Secretlab Titan,False
3807,2827,521462,2025-01-07 04:47:25.421222,dresses,Tablet,Homepage,False,[],0.61,False,,False
3808,7574,885537,2025-01-25 09:36:06.421222,shoes,Desktop,Homepage,False,[],2.86,False,,False
3809,2048,75432,2025-02-03 09:56:55.421222,external hard drive,Desktop,Homepage,True,"['Seagate 2TB', 'WD My Passport', 'Samsung T7']",2.44,True,Samsung T7,False
3810,2473,265612,2025-01-29 08:41:07.421222,mouse,Desktop,Category Page,True,"['Logitech MX Master 3', 'Razer DeathAdder', 'SteelSeries Rival 5']",1.56,False,,False
3811,6994,961284,2025-01-12 05:05:07.421222,wireless earbuds,Desktop,Category Page,True,"['AirPods Pro', 'Sony WF-1000XM4', 'Bose QuietComfort Earbuds']",2.44,False,,False
3812,8441,295120,2025-01-13 10:34:33.421222,water bottle,Mobile,Homepage,False,[],1.8,False,,False
3813,7351,519893,2025-02-04 05:08:47.421222,water bottle,Desktop,Product Page,False,[],2.31,False,,False
3814,3412,107408,2025-01-16 20:56:27.421222,socks,Mobile,Homepage,False,[],0.4,False,,False
3815,1705,646373,2025-01-12 11:01:35.421222,socks,Tablet,Homepage,False,[],2.55,False,,False
3816,4072,769496,2025-01-31 21:54:17.421222,phone case,Mobile,Category Page,True,"['OtterBox Defender', 'Spigen Tough Armor', 'Apple Silicone Case']",0.66,True,Apple Silicone Case,False
3817,7081,972241,2025-01-20 14:13:21.421222,water bottle,Tablet,Homepage,False,[],2.35,False,,False
3818,3234,590801,2025-01-13 09:38:03.421222,water bottle,Tablet,Homepage,False,[],1.92,False,,False
3819,7202,717239,2025-01-09 20:54:42.421222,mouse,Tablet,Homepage,True,"['Logitech MX Master 3', 'Razer DeathAdder', 'SteelSeries Rival 5']",0.23,True,SteelSeries Rival 5,False
3820,8178,955470,2025-02-01 10:17:21.421222,gaming chair,Desktop,Homepage,True,"['DXRacer', 'Secretlab Titan', 'Razer Iskur']",1.0,True,Razer Iskur,False
3821,5284,517298,2025-01-16 15:12:25.421222,keyboard,Desktop,Category Page,True,"['Logitech MX Keys', 'Razer BlackWidow', 'Corsair K95']",2.23,True,Razer BlackWidow,False
3822,4567,283127,2025-01-24 08:29:11.421222,coffee mug,Tablet,Category Page,True,"['Ceramic Mug', 'Travel Mug', 'Insulated Mug']",2.5,True,Travel Mug,True
3823,5556,779493,2025-01-23 19:56:35.421222,wireless earbuds,Desktop,Product Page,True,"['AirPods Pro', 'Sony WF-1000XM4', 'Bose QuietComfort Earbuds']",2.66,False,,False
3824,6120,840259,2025-01-14 06:29:33.421222,coffee mug,Desktop,Homepage,True,"['Ceramic Mug', 'Travel Mug', 'Insulated Mug']",2.86,True,Insulated Mug,False
3825,9904,63413,2025-01-23 22:29:05.421222,gaming chair,Tablet,Homepage,True,"['DXRacer', 'Secretlab Titan', 'Razer Iskur']",2.83,True,DXRacer,False
3826,7955,633629,2025-01-08 22:51:43.421222,phone case,Mobile,Product Page,True,"['OtterBox Defender', 'Spigen Tough Armor', 'Apple Silicone Case']",1.37,True,Apple Silicone Case,True
3827,2012,314338,2025-02-02 21:32:23.421222,mouse,Mobile,Category Page,True,"['Logitech MX Master 3', 'Razer DeathAdder', 'SteelSeries Rival 5']",1.82,True,SteelSeries Rival 5,False
3828,6073,477443,2025-01-12 06:04:44.421222,external hard drive,Tablet,Category Page,True,"['Seagate 2TB', 'WD My Passport', 'Samsung T7']",2.89,False,,False
3829,3960,246472,2025-02-02 12:52:37.421222,socks,Desktop,Homepage,False,[],1.57,False,,False
3830,9919,475908,2025-01-10 01:23:56.421222,wireless earbuds,Desktop,Category Page,True,"['AirPods Pro', 'Sony WF-1000XM4', 'Bose QuietComfort Earbuds']",1.78,True,Sony WF-1000XM4,False
3831,7536,541956,2025-01-14 04:04:22.421222,water bottle,Desktop,Category Page,False,[],2.1,False,,False
3832,6956,665009,2025-01-11 12:22:52.421222,water bottle,Mobile,Homepage,False,[],2.67,False,,False
3833,8549,509933,2025-01-07 16:13:29.421222,headphones,Desktop,Category Page,True,"['Sony WH-1000XM5', 'Bose 700', 'Sennheiser Momentum 4']",1.31,False,,False
3834,7796,402441,2025-02-01 15:12:11.421222,shoes,Mobile,Product Page,False,[],1.83,False,,False
3835,2510,94652,2025-01-08 01:28:04.421222,laptop,Desktop,Homepage,True,"['Dell XPS 13', 'MacBook Air', 'HP Spectre x360']",0.66,True,MacBook Air,False
3836,5357,127157,2025-01-10 15:13:57.421222,phone case,Desktop,Product Page,True,"['OtterBox Defender', 'Spigen Tough Armor', 'Apple Silicone Case']",3.48,True,OtterBox Defender,False
3837,4438,455246,2025-01-27 12:33:51.421222,coffee mug,Mobile,Category Page,True,"['Ceramic Mug', 'Travel Mug', 'Insulated Mug']",3.48,True,Ceramic Mug,False
3838,4126,943528,2025-02-03 21:55:52.421222,headphones,Desktop,Category Page,True,"['Sony WH-1000XM5', 'Bose 700', 'Sennheiser Momentum 4']",1.41,True,Sony WH-1000XM5,True
3839,4786,983820,2025-02-03 21:22:13.421222,smartphone,Mobile,Product Page,True,"['iPhone 15', 'Samsung Galaxy S24', 'Google Pixel 8']",1.24,True,iPhone 15,False
3840,6382,219517,2025-01-19 12:37:41.421222,gaming chair,Mobile,Product Page,True,"['DXRacer', 'Secretlab Titan', 'Razer Iskur']",1.55,False,,False
3841,9707,727201,2025-01-22 15:23:02.421222,water bottle,Tablet,Category Page,False,[],3.5,False,,False
3842,2432,808481,2025-01-17 05:58:25.421222,keyboard,Desktop,Category Page,True,"['Logitech MX Keys', 'Razer BlackWidow', 'Corsair K95']",2.86,False,,False
3843,6552,450510,2025-01-10 02:00:26.421222,keyboard,Desktop,Homepage,True,"['Logitech MX Keys', 'Razer BlackWidow', 'Corsair K95']",3.47,True,Logitech MX Keys,False
3844,7671,444121,2025-02-04 04:28:07.421222,dresses,Desktop,Homepage,False,[],1.29,False,,False
3845,8657,420222,2025-01-09 16:22:01.421222,socks,Mobile,Product Page,False,[],2.5,False,,False
3846,4435,237498,2025-01-19 10:35:07.421222,wireless earbuds,Mobile,Homepage,True,"['AirPods Pro', 'Sony WF-1000XM4', 'Bose QuietComfort Earbuds']",2.64,True,Sony WF-1000XM4,False
3847,2325,80584,2025-01-16 10:31:48.421222,dresses,Tablet,Product Page,False,[],0.65,False,,False
3848,9955,677078,2025-02-04 03:06:17.421222,keyboard,Desktop,Product Page,True,"['Logitech MX Keys', 'Razer BlackWidow', 'Corsair K95']",1.05,True,Logitech MX Keys,False
3849,6839,415728,2025-01-16 13:01:14.421222,headphones,Mobile,Product Page,True,"['Sony WH-1000XM5', 'Bose 700', 'Sennheiser Momentum 4']",0.5,False,,False
3850,7560,405180,2025-01-19 15:22:14.421222,keyboard,Tablet,Product Page,True,"['Logitech MX Keys', 'Razer BlackWidow', 'Corsair K95']",2.7,False,,False
3851,6879,495236,2025-02-04 03:16:21.421222,coffee mug,Desktop,Category Page,True,"['Ceramic Mug', 'Travel Mug', 'Insulated Mug']",2.33,True,Ceramic Mug,False
3852,4264,960561,2025-01-16 09:15:36.421222,mouse,Desktop,Category Page,True,"['Logitech MX Master 3', 'Razer DeathAdder', 'SteelSeries Rival 5']",3.24,False,,False
3853,2619,886865,2025-01-11 16:11:42.421222,wireless earbuds,Mobile,Homepage,True,"['AirPods Pro', 'Sony WF-1000XM4', 'Bose QuietComfort Earbuds']",3.17,True,Sony WF-1000XM4,False
3854,7854,873616,2025-01-13 04:06:24.421222,wireless earbuds,Desktop,Homepage,True,"['AirPods Pro', 'Sony WF-1000XM4', 'Bose QuietComfort Earbuds']",0.76,True,AirPods Pro,False
3855,9441,960342,2025-01-21 10:34:45.421222,smartphone,Tablet,Category Page,True,"['iPhone 15', 'Samsung Galaxy S24', 'Google Pixel 8']",1.54,False,,False
3856,9240,104652,2025-02-03 16:40:42.421222,smartphone,Tablet,Product Page,True,"['iPhone 15', 'Samsung Galaxy S24', 'Google Pixel 8']",0.64,True,Samsung Galaxy S24,False
3857,9890,71955,2025-01-31 00:20:12.421222,laptop,Mobile,Category Page,True,"['Dell XPS 13', 'MacBook Air', 'HP Spectre x360']",2.26,True,HP Spectre x360,False
3858,5976,738809,2025-01-17 11:00:03.421222,headphones,Tablet,Product Page,True,"['Sony WH-1000XM5', 'Bose 700', 'Sennheiser Momentum 4']",1.41,True,Sennheiser Momentum 4,False
3859,8155,233004,2025-01-08 08:16:43.421222,gaming chair,Tablet,Category Page,True,"['DXRacer', 'Secretlab Titan', 'Razer Iskur']",1.97,True,Razer Iskur,True
3860,4173,200772,2025-01-10 10:53:48.421222,external hard drive,Tablet,Category Page,True,"['Seagate 2TB', 'WD My Passport', 'Samsung T7']",0.78,True,WD My Passport,False
3861,3871,759349,2025-01-07 10:10:33.421222,coffee mug,Tablet,Homepage,True,"['Ceramic Mug', 'Travel Mug', 'Insulated Mug']",2.07,True,Travel Mug,False
3862,6095,715793,2025-01-21 18:11:55.421222,external hard drive,Desktop,Homepage,True,"['Seagate 2TB', 'WD My Passport', 'Samsung T7']",0.91,True,Samsung T7,False
3863,9135,501469,2025-01-16 02:44:54.421222,phone case,Tablet,Category Page,True,"['OtterBox Defender', 'Spigen Tough Armor', 'Apple Silicone Case']",1.29,True,Apple Silicone Case,False
3864,7518,391760,2025-01-24 04:58:04.421222,water bottle,Desktop,Product Page,False,[],2.93,False,,False
3865,1484,350701,2025-01-24 08:29:07.421222,wireless earbuds,Tablet,Category Page,True,"['AirPods Pro', 'Sony WF-1000XM4', 'Bose QuietComfort Earbuds']",2.29,True,Bose QuietComfort Earbuds,True
3866,3508,344820,2025-01-10 02:45:10.421222,water bottle,Desktop,Category Page,False,[],1.86,False,,False
3867,5142,618218,2025-01-23 10:21:35.421222,dresses,Tablet,Homepage,False,[],2.34,False,,False
3868,5125,543498,2025-01-10 03:15:55.421222,wireless earbuds,Tablet,Product Page,True,"['AirPods Pro', 'Sony WF-1000XM4', 'Bose QuietComfort Earbuds']",1.07,False,,False
3869,3503,848204,2025-01-06 21:36:24.421222,laptop,Mobile,Product Page,True,"['Dell XPS 13', 'MacBook Air', 'HP Spectre x360']",1.9,False,,False
3870,8203,805519,2025-01-19 20:08:44.421222,wireless earbuds,Tablet,Homepage,True,"['AirPods Pro', 'Sony WF-1000XM4', 'Bose QuietComfort Earbuds']",3.11,True,Sony WF-1000XM4,False
3871,2007,455373,2025-01-18 22:46:19.421222,headphones,Desktop,Category Page,True,"['Sony WH-1000XM5', 'Bose 700', 'Sennheiser Momentum 4']",2.04,True,Sennheiser Momentum 4,False
3872,4276,70190,2025-01-31 19:11:13.421222,mouse,Mobile,Category Page,True,"['Logitech MX Master 3', 'Razer DeathAdder', 'SteelSeries Rival 5']",2.82,True,Logitech MX Master 3,False
3873,1110,794549,2025-01-05 11:07:44.421222,keyboard,Desktop,Category Page,True,"['Logitech MX Keys', 'Razer BlackWidow', 'Corsair K95']",0.9,True,Razer BlackWidow,False
3874,5991,909394,2025-01-18 14:40:11.421222,headphones,Tablet,Product Page,True,"['Sony WH-1000XM5', 'Bose 700', 'Sennheiser Momentum 4']",3.42,True,Sennheiser Momentum 4,False
3875,5037,783232,2025-02-01 04:39:26.421222,smartphone,Mobile,Category Page,True,"['iPhone 15', 'Samsung Galaxy S24', 'Google Pixel 8']",3.25,False,,False
3876,2177,79256,2025-01-09 00:10:54.421222,coffee mug,Tablet,Homepage,True,"['Ceramic Mug', 'Travel Mug', 'Insulated Mug']",2.87,True,Ceramic Mug,False
3877,6910,622887,2025-01-20 21:33:46.421222,smartphone,Desktop,Product Page,True,"['iPhone 15', 'Samsung Galaxy S24', 'Google Pixel 8']",0.5,True,Google Pixel 8,False
3878,6108,846997,2025-01-11 20:26:51.421222,keyboard,Mobile,Product Page,True,"['Logitech MX Keys', 'Razer BlackWidow', 'Corsair K95']",1.93,False,,False
3879,7926,486882,2025-02-02 10:33:50.421222,shoes,Tablet,Product Page,False,[],0.87,False,,False
3880,4359,266284,2025-01-08 05:17:43.421222,dresses,Mobile,Category Page,False,[],3.49,False,,False
3881,6830,247030,2025-02-01 02:56:55.421222,dresses,Desktop,Product Page,False,[],3.19,False,,False
3882,6626,741752,2025-01-09 05:11:39.421222,mouse,Desktop,Category Page,True,"['Logitech MX Master 3', 'Razer DeathAdder', 'SteelSeries Rival 5']",2.52,True,Razer DeathAdder,False
3883,4457,996770,2025-01-17 09:57:12.421222,dresses,Mobile,Homepage,False,[],2.87,False,,False
3884,7953,402339,2025-01-12 13:40:52.421222,headphones,Tablet,Product Page,True,"['Sony WH-1000XM5', 'Bose 700', 'Sennheiser Momentum 4']",3.12,True,Bose 700,False
3885,6656,511611,2025-01-15 08:02:21.421222,laptop,Mobile,Product Page,True,"['Dell XPS 13', 'MacBook Air', 'HP Spectre x360']",3.24,True,MacBook Air,False
3886,5468,455238,2025-01-10 03:44:44.421222,shoes,Desktop,Category Page,False,[],0.51,False,,False
3887,2512,698939,2025-02-03 17:26:14.421222,shoes,Desktop,Homepage,False,[],3.18,False,,False
3888,8492,722982,2025-01-23 08:55:49.421222,dresses,Desktop,Product Page,False,[],1.58,False,,False
3889,8441,991831,2025-01-06 02:29:51.421222,gaming chair,Tablet,Homepage,True,"['DXRacer', 'Secretlab Titan', 'Razer Iskur']",1.07,True,Razer Iskur,False
3890,6935,213195,2025-01-11 03:39:21.421222,gaming chair,Desktop,Category Page,True,"['DXRacer', 'Secretlab Titan', 'Razer Iskur']",2.77,True,Secretlab Titan,False
3891,6299,228591,2025-01-08 06:18:42.421222,water bottle,Mobile,Product Page,False,[],1.87,False,,False
3892,6296,984264,2025-01-17 03:46:51.421222,socks,Mobile,Product Page,False,[],2.96,False,,False
3893,3640,541087,2025-01-29 22:11:53.421222,shoes,Desktop,Homepage,False,[],0.29,False,,False
3894,4879,728645,2025-01-09 20:15:46.421222,keyboard,Mobile,Homepage,True,"['Logitech MX Keys', 'Razer BlackWidow', 'Corsair K95']",3.36,True,Razer BlackWidow,True
3895,9548,155027,2025-01-10 07:48:46.421222,dresses,Tablet,Category Page,False,[],0.48,False,,False
3896,2693,310294,2025-02-01 15:48:56.421222,keyboard,Tablet,Category Page,True,"['Logitech MX Keys', 'Razer BlackWidow', 'Corsair K95']",1.94,True,Logitech MX Keys,False
3897,4259,380829,2025-01-15 22:17:21.421222,keyboard,Desktop,Homepage,True,"['Logitech MX Keys', 'Razer BlackWidow', 'Corsair K95']",1.19,True,Corsair K95,True
3898,7105,568872,2025-01-29 13:41:11.421222,headphones,Mobile,Product Page,True,"['Sony WH-1000XM5', 'Bose 700', 'Sennheiser Momentum 4']",1.26,True,Bose 700,False
3899,6829,714104,2025-02-02 05:50:14.421222,phone case,Tablet,Product Page,True,"['OtterBox Defender', 'Spigen Tough Armor', 'Apple Silicone Case']",2.59,True,OtterBox Defender,True
3900,8709,733224,2025-02-03 13:48:38.421222,dresses,Desktop,Homepage,False,[],1.0,False,,False
3901,6295,938083,2025-01-24 02:24:23.421222,gaming chair,Desktop,Homepage,True,"['DXRacer', 'Secretlab Titan', 'Razer Iskur']",3.16,True,Secretlab Titan,False
3902,6242,634707,2025-01-14 17:12:17.421222,wireless earbuds,Tablet,Product Page,True,"['AirPods Pro', 'Sony WF-1000XM4', 'Bose QuietComfort Earbuds']",0.26,True,Sony WF-1000XM4,False
3903,9495,747260,2025-01-27 08:52:17.421222,laptop,Mobile,Homepage,True,"['Dell XPS 13', 'MacBook Air', 'HP Spectre x360']",0.93,True,Dell XPS 13,False
3904,7865,749908,2025-01-11 19:37:40.421222,water bottle,Desktop,Homepage,False,[],2.75,False,,False
3905,3124,648291,2025-01-14 00:44:00.421222,phone case,Tablet,Homepage,True,"['OtterBox Defender', 'Spigen Tough Armor', 'Apple Silicone Case']",0.36,False,,False
3906,5456,274333,2025-01-27 13:10:19.421222,phone case,Mobile,Homepage,True,"['OtterBox Defender', 'Spigen Tough Armor', 'Apple Silicone Case']",3.22,True,OtterBox Defender,False
3907,9948,287055,2025-01-19 17:09:41.421222,dresses,Tablet,Category Page,False,[],0.24,False,,False
3908,7746,569842,2025-01-17 20:04:28.421222,water bottle,Mobile,Category Page,False,[],1.08,False,,False
3909,4765,389121,2025-01-11 17:57:10.421222,shoes,Tablet,Category Page,False,[],1.3,False,,False
3910,6803,555793,2025-01-09 02:33:07.421222,keyboard,Tablet,Product Page,True,"['Logitech MX Keys', 'Razer BlackWidow', 'Corsair K95']",1.25,True,Corsair K95,False
3911,6474,356837,2025-01-20 21:09:24.421222,phone case,Tablet,Homepage,True,"['OtterBox Defender', 'Spigen Tough Armor', 'Apple Silicone Case']",0.66,False,,False
3912,3023,677853,2025-01-28 11:02:20.421222,dresses,Mobile,Homepage,False,[],2.97,False,,False
3913,4353,493246,2025-01-10 10:37:52.421222,headphones,Desktop,Category Page,True,"['Sony WH-1000XM5', 'Bose 700', 'Sennheiser Momentum 4']",0.5,False,,False
3914,3603,314021,2025-01-21 11:14:32.421222,external hard drive,Tablet,Category Page,True,"['Seagate 2TB', 'WD My Passport', 'Samsung T7']",0.37,False,,False
3915,9582,118205,2025-01-27 01:41:40.421222,phone case,Desktop,Homepage,True,"['OtterBox Defender', 'Spigen Tough Armor', 'Apple Silicone Case']",0.52,False,,False
3916,7056,913392,2025-01-05 11:16:25.421222,shoes,Mobile,Product Page,False,[],1.42,False,,False
3917,5696,242936,2025-01-21 23:07:13.421222,phone case,Desktop,Product Page,True,"['OtterBox Defender', 'Spigen Tough Armor', 'Apple Silicone Case']",1.32,True,Apple Silicone Case,False
3918,3758,719355,2025-01-06 09:41:37.421222,smartphone,Mobile,Product Page,True,"['iPhone 15', 'Samsung Galaxy S24', 'Google Pixel 8']",1.94,False,,False
3919,2008,131236,2025-01-21 23:37:48.421222,dresses,Mobile,Product Page,False,[],0.22,False,,False
3920,4076,95932,2025-01-24 03:50:12.421222,external hard drive,Desktop,Product Page,True,"['Seagate 2TB', 'WD My Passport', 'Samsung T7']",2.0,True,Samsung T7,False
3921,9893,230160,2025-01-31 01:17:44.421222,smartphone,Desktop,Homepage,True,"['iPhone 15', 'Samsung Galaxy S24', 'Google Pixel 8']",0.56,True,Google Pixel 8,True
3922,1278,648780,2025-01-11 09:56:49.421222,headphones,Desktop,Category Page,True,"['Sony WH-1000XM5', 'Bose 700', 'Sennheiser Momentum 4']",2.19,True,Bose 700,True
3923,2351,567220,2025-01-08 18:46:20.421222,dresses,Tablet,Category Page,False,[],1.83,False,,False
3924,5267,999434,2025-01-19 18:05:55.421222,external hard drive,Desktop,Category Page,True,"['Seagate 2TB', 'WD My Passport', 'Samsung T7']",2.36,True,WD My Passport,False
3925,5583,341747,2025-01-31 00:47:57.421222,laptop,Desktop,Category Page,True,"['Dell XPS 13', 'MacBook Air', 'HP Spectre x360']",2.63,True,HP Spectre x360,False
3926,2656,250514,2025-01-17 10:25:30.421222,water bottle,Desktop,Product Page,False,[],0.52,False,,False
3927,6498,709465,2025-01-19 17:10:34.421222,dresses,Tablet,Product Page,False,[],1.27,False,,False
3928,8152,959511,2025-01-15 12:39:54.421222,socks,Mobile,Product Page,False,[],1.06,False,,False
3929,5935,484542,2025-01-31 08:32:44.421222,dresses,Mobile,Homepage,False,[],1.78,False,,False
3930,8929,690778,2025-01-10 23:01:17.421222,headphones,Desktop,Category Page,True,"['Sony WH-1000XM5', 'Bose 700', 'Sennheiser Momentum 4']",3.26,True,Sony WH-1000XM5,False
3931,6973,837528,2025-01-17 04:24:59.421222,wireless earbuds,Tablet,Product Page,True,"['AirPods Pro', 'Sony WF-1000XM4', 'Bose QuietComfort Earbuds']",1.25,True,Sony WF-1000XM4,False
3932,9725,55327,2025-01-19 20:39:38.421222,headphones,Mobile,Category Page,True,"['Sony WH-1000XM5', 'Bose 700', 'Sennheiser Momentum 4']",0.28,False,,False
3933,3995,262808,2025-01-10 00:15:10.421222,water bottle,Desktop,Product Page,False,[],2.55,False,,False
3934,1373,605933,2025-01-12 16:13:46.421222,coffee mug,Desktop,Homepage,True,"['Ceramic Mug', 'Travel Mug', 'Insulated Mug']",2.44,True,Insulated Mug,False
3935,2916,549131,2025-01-24 14:58:17.421222,dresses,Desktop,Product Page,False,[],3.3,False,,False
3936,6444,719972,2025-01-24 08:49:27.421222,headphones,Tablet,Product Page,True,"['Sony WH-1000XM5', 'Bose 700', 'Sennheiser Momentum 4']",0.41,False,,False
3937,6444,599536,2025-01-20 04:41:42.421222,wireless earbuds,Tablet,Product Page,True,"['AirPods Pro', 'Sony WF-1000XM4', 'Bose QuietComfort Earbuds']",2.5,True,Sony WF-1000XM4,True
3938,8145,276634,2025-01-24 04:04:45.421222,shoes,Tablet,Homepage,False,[],2.8,False,,False
3939,7355,523006,2025-01-12 18:21:05.421222,laptop,Mobile,Product Page,True,"['Dell XPS 13', 'MacBook Air', 'HP Spectre x360']",2.67,True,Dell XPS 13,True
3940,5839,799777,2025-01-13 08:47:10.421222,wireless earbuds,Tablet,Product Page,True,"['AirPods Pro', 'Sony WF-1000XM4', 'Bose QuietComfort Earbuds']",2.56,True,Bose QuietComfort Earbuds,False
3941,9426,143405,2025-01-09 19:56:18.421222,external hard drive,Desktop,Category Page,True,"['Seagate 2TB', 'WD My Passport', 'Samsung T7']",2.8,True,WD My Passport,False
3942,1412,924788,2025-01-22 08:39:48.421222,external hard drive,Mobile,Product Page,True,"['Seagate 2TB', 'WD My Passport', 'Samsung T7']",2.67,True,WD My Passport,False
3943,7995,207718,2025-01-08 13:15:24.421222,keyboard,Mobile,Category Page,True,"['Logitech MX Keys', 'Razer BlackWidow', 'Corsair K95']",2.29,True,Logitech MX Keys,False
3944,2092,950595,2025-01-14 10:56:18.421222,headphones,Tablet,Category Page,True,"['Sony WH-1000XM5', 'Bose 700', 'Sennheiser Momentum 4']",2.97,True,Sennheiser Momentum 4,False
3945,3621,256506,2025-01-12 23:29:39.421222,external hard drive,Desktop,Product Page,True,"['Seagate 2TB', 'WD My Passport', 'Samsung T7']",0.52,False,,False
3946,9459,989116,2025-01-21 01:53:02.421222,socks,Mobile,Category Page,False,[],3.13,False,,False
3947,1092,590198,2025-01-07 14:18:07.421222,dresses,Desktop,Homepage,False,[],1.06,False,,False
3948,1110,502798,2025-01-17 18:25:06.421222,smartphone,Tablet,Homepage,True,"['iPhone 15', 'Samsung Galaxy S24', 'Google Pixel 8']",2.8,False,,False
3949,9830,427964,2025-01-15 06:02:21.421222,dresses,Desktop,Homepage,False,[],0.4,False,,False
3950,3948,577240,2025-01-14 02:03:53.421222,headphones,Tablet,Product Page,True,"['Sony WH-1000XM5', 'Bose 700', 'Sennheiser Momentum 4']",3.3,True,Bose 700,False
3951,5247,774791,2025-01-27 08:46:08.421222,headphones,Desktop,Homepage,True,"['Sony WH-1000XM5', 'Bose 700', 'Sennheiser Momentum 4']",3.28,False,,False
3952,7421,728908,2025-01-30 01:34:52.421222,smartphone,Mobile,Homepage,True,"['iPhone 15', 'Samsung Galaxy S24', 'Google Pixel 8']",1.26,False,,False
3953,6494,60178,2025-01-18 20:10:37.421222,wireless earbuds,Tablet,Product Page,True,"['AirPods Pro', 'Sony WF-1000XM4', 'Bose QuietComfort Earbuds']",2.79,True,Sony WF-1000XM4,True
3954,8943,666426,2025-01-29 09:03:39.421222,shoes,Mobile,Homepage,False,[],2.46,False,,False
3955,5903,161058,2025-01-08 14:21:59.421222,external hard drive,Tablet,Category Page,True,"['Seagate 2TB', 'WD My Passport', 'Samsung T7']",2.72,False,,False
3956,5986,206484,2025-01-12 15:29:22.421222,external hard drive,Desktop,Homepage,True,"['Seagate 2TB', 'WD My Passport', 'Samsung T7']",3.22,True,Samsung T7,False
3957,6427,531235,2025-01-31 15:39:23.421222,external hard drive,Tablet,Homepage,True,"['Seagate 2TB', 'WD My Passport', 'Samsung T7']",2.5,False,,False
3958,2338,626048,2025-02-01 17:25:38.421222,headphones,Desktop,Category Page,True,"['Sony WH-1000XM5', 'Bose 700', 'Sennheiser Momentum 4']",1.25,True,Sennheiser Momentum 4,False
3959,3054,662112,2025-01-25 03:32:08.421222,water bottle,Desktop,Homepage,False,[],1.48,False,,False
3960,4575,665476,2025-01-30 00:43:02.421222,gaming chair,Tablet,Category Page,True,"['DXRacer', 'Secretlab Titan', 'Razer Iskur']",2.12,True,Secretlab Titan,False
3961,3737,382031,2025-01-15 00:35:40.421222,coffee mug,Desktop,Category Page,True,"['Ceramic Mug', 'Travel Mug', 'Insulated Mug']",1.05,True,Ceramic Mug,False
3962,1799,732468,2025-02-02 22:01:03.421222,keyboard,Desktop,Product Page,True,"['Logitech MX Keys', 'Razer BlackWidow', 'Corsair K95']",2.77,True,Logitech MX Keys,False
3963,5538,189345,2025-01-10 08:31:18.421222,water bottle,Mobile,Homepage,False,[],3.48,False,,False
3964,9778,734470,2025-01-11 22:57:11.421222,external hard drive,Desktop,Product Page,True,"['Seagate 2TB', 'WD My Passport', 'Samsung T7']",1.29,True,WD My Passport,False
3965,1961,298067,2025-01-21 22:03:58.421222,phone case,Mobile,Category Page,True,"['OtterBox Defender', 'Spigen Tough Armor', 'Apple Silicone Case']",1.72,True,Spigen Tough Armor,False
3966,1671,585635,2025-01-07 02:34:49.421222,phone case,Mobile,Category Page,True,"['OtterBox Defender', 'Spigen Tough Armor', 'Apple Silicone Case']",2.28,False,,False
3967,6245,246499,2025-01-06 02:17:28.421222,water bottle,Desktop,Category Page,False,[],0.35,False,,False
3968,9824,558534,2025-01-19 17:09:27.421222,wireless earbuds,Desktop,Product Page,True,"['AirPods Pro', 'Sony WF-1000XM4', 'Bose QuietComfort Earbuds']",0.63,True,Bose QuietComfort Earbuds,False
3969,9160,538973,2025-01-31 20:26:01.421222,headphones,Desktop,Product Page,True,"['Sony WH-1000XM5', 'Bose 700', 'Sennheiser Momentum 4']",3.01,False,,False
3970,5389,522072,2025-01-29 13:43:08.421222,mouse,Desktop,Homepage,True,"['Logitech MX Master 3', 'Razer DeathAdder', 'SteelSeries Rival 5']",1.0,False,,False
3971,8729,920200,2025-01-27 06:00:17.421222,headphones,Desktop,Product Page,True,"['Sony WH-1000XM5', 'Bose 700', 'Sennheiser Momentum 4']",1.08,True,Bose 700,False
3972,8857,512053,2025-01-09 10:36:19.421222,headphones,Desktop,Category Page,True,"['Sony WH-1000XM5', 'Bose 700', 'Sennheiser Momentum 4']",1.79,True,Sennheiser Momentum 4,True
3973,4233,563074,2025-01-20 23:59:34.421222,shoes,Mobile,Category Page,False,[],3.1,False,,False
3974,9293,141095,2025-01-26 12:55:03.421222,coffee mug,Tablet,Category Page,True,"['Ceramic Mug', 'Travel Mug', 'Insulated Mug']",0.31,False,,False
3975,5650,548756,2025-02-01 17:22:19.421222,coffee mug,Desktop,Category Page,True,"['Ceramic Mug', 'Travel Mug', 'Insulated Mug']",1.09,True,Travel Mug,False
3976,1213,626049,2025-01-24 04:08:00.421222,shoes,Tablet,Category Page,False,[],1.94,False,,False
3977,2194,566807,2025-01-27 05:33:25.421222,wireless earbuds,Tablet,Product Page,True,"['AirPods Pro', 'Sony WF-1000XM4', 'Bose QuietComfort Earbuds']",0.51,True,Sony WF-1000XM4,True
3978,1503,135229,2025-01-23 05:55:01.421222,dresses,Desktop,Category Page,False,[],2.97,False,,False
3979,1127,835494,2025-01-29 12:05:51.421222,wireless earbuds,Desktop,Product Page,True,"['AirPods Pro', 'Sony WF-1000XM4', 'Bose QuietComfort Earbuds']",2.94,True,Bose QuietComfort Earbuds,False
3980,6683,676892,2025-01-26 14:26:08.421222,dresses,Tablet,Homepage,False,[],1.8,False,,False
3981,7528,648524,2025-01-22 19:47:45.421222,coffee mug,Mobile,Category Page,True,"['Ceramic Mug', 'Travel Mug', 'Insulated Mug']",2.53,True,Ceramic Mug,False
3982,3549,976350,2025-01-07 09:32:16.421222,smartphone,Desktop,Product Page,True,"['iPhone 15', 'Samsung Galaxy S24', 'Google Pixel 8']",1.52,False,,False
3983,8259,525937,2025-02-03 16:35:45.421222,gaming chair,Desktop,Category Page,True,"['DXRacer', 'Secretlab Titan', 'Razer Iskur']",0.2,True,DXRacer,False
3984,7782,417535,2025-01-29 12:30:07.421222,water bottle,Mobile,Homepage,False,[],1.25,False,,False
3985,7218,753290,2025-01-25 18:03:11.421222,shoes,Mobile,Category Page,False,[],1.57,False,,False
3986,5868,140885,2025-01-13 03:11:01.421222,smartphone,Tablet,Homepage,True,"['iPhone 15', 'Samsung Galaxy S24', 'Google Pixel 8']",3.31,True,Google Pixel 8,False
3987,5049,695622,2025-01-19 00:49:32.421222,laptop,Tablet,Category Page,True,"['Dell XPS 13', 'MacBook Air', 'HP Spectre x360']",0.95,True,Dell XPS 13,False
3988,1530,930917,2025-01-19 16:32:41.421222,socks,Desktop,Category Page,False,[],2.69,False,,False
3989,4160,743224,2025-02-01 12:21:16.421222,water bottle,Tablet,Category Page,False,[],2.65,False,,False
3990,3254,381407,2025-01-25 21:24:37.421222,socks,Tablet,Product Page,False,[],2.49,False,,False
3991,9578,564356,2025-01-30 12:42:54.421222,smartphone,Desktop,Category Page,True,"['iPhone 15', 'Samsung Galaxy S24', 'Google Pixel 8']",0.55,True,Google Pixel 8,False
3992,3754,594383,2025-02-02 08:21:19.421222,water bottle,Tablet,Category Page,False,[],3.31,False,,False
3993,6827,351935,2025-01-30 03:42:07.421222,headphones,Desktop,Homepage,True,"['Sony WH-1000XM5', 'Bose 700', 'Sennheiser Momentum 4']",1.53,True,Bose 700,False
3994,9247,634295,2025-01-17 04:15:26.421222,headphones,Desktop,Category Page,True,"['Sony WH-1000XM5', 'Bose 700', 'Sennheiser Momentum 4']",2.56,True,Sony WH-1000XM5,False
3995,5994,110780,2025-01-05 17:00:30.421222,smartphone,Tablet,Product Page,True,"['iPhone 15', 'Samsung Galaxy S24', 'Google Pixel 8']",2.55,True,Google Pixel 8,False
3996,4351,410526,2025-01-24 19:54:38.421222,coffee mug,Tablet,Product Page,True,"['Ceramic Mug', 'Travel Mug', 'Insulated Mug']",1.48,True,Travel Mug,False
3997,1401,471203,2025-01-16 09:45:54.421222,keyboard,Desktop,Homepage,True,"['Logitech MX Keys', 'Razer BlackWidow', 'Corsair K95']",1.45,True,Corsair K95,True
3998,6650,904050,2025-01-26 02:57:13.421222,keyboard,Desktop,Product Page,True,"['Logitech MX Keys', 'Razer BlackWidow', 'Corsair K95']",1.25,False,,False
3999,4719,172369,2025-01-11 03:28:56.421222,coffee mug,Tablet,Category Page,True,"['Ceramic Mug', 'Travel Mug', 'Insulated Mug']",2.92,True,Insulated Mug,False
4000,9585,543412,2025-01-26 21:29:10.421222,external hard drive,Desktop,Product Page,True,"['Seagate 2TB', 'WD My Passport', 'Samsung T7']",2.67,False,,False
4001,8793,821357,2025-01-23 02:28:56.421222,wireless earbuds,Tablet,Homepage,True,"['AirPods Pro', 'Sony WF-1000XM4', 'Bose QuietComfort Earbuds']",3.12,True,Sony WF-1000XM4,False
4002,4694,915929,2025-01-17 14:54:23.421222,external hard drive,Desktop,Category Page,True,"['Seagate 2TB', 'WD My Passport', 'Samsung T7']",3.42,True,WD My Passport,False
4003,4001,900828,2025-01-31 12:28:08.421222,gaming chair,Mobile,Product Page,True,"['DXRacer', 'Secretlab Titan', 'Razer Iskur']",1.53,True,Razer Iskur,False
4004,5191,431889,2025-01-25 15:01:05.421222,external hard drive,Desktop,Category Page,True,"['Seagate 2TB', 'WD My Passport', 'Samsung T7']",3.46,False,,False
4005,1381,482105,2025-01-20 11:43:20.421222,laptop,Mobile,Homepage,True,"['Dell XPS 13', 'MacBook Air', 'HP Spectre x360']",0.4,False,,False
4006,9163,358539,2025-01-20 03:20:41.421222,wireless earbuds,Desktop,Category Page,True,"['AirPods Pro', 'Sony WF-1000XM4', 'Bose QuietComfort Earbuds']",0.59,True,Sony WF-1000XM4,False
4007,8031,166549,2025-02-04 09:50:26.421222,socks,Tablet,Homepage,False,[],0.29,False,,False
4008,4227,457515,2025-02-03 23:03:09.421222,wireless earbuds,Desktop,Category Page,True,"['AirPods Pro', 'Sony WF-1000XM4', 'Bose QuietComfort Earbuds']",1.71,False,,False
4009,8841,288219,2025-01-12 11:49:32.421222,external hard drive,Tablet,Homepage,True,"['Seagate 2TB', 'WD My Passport', 'Samsung T7']",1.47,True,Samsung T7,False
4010,7859,734583,2025-01-06 01:32:20.421222,socks,Mobile,Homepage,False,[],0.4,False,,False
4011,8048,108100,2025-01-17 15:40:47.421222,mouse,Mobile,Category Page,True,"['Logitech MX Master 3', 'Razer DeathAdder', 'SteelSeries Rival 5']",2.03,False,,False
4012,9727,339181,2025-01-27 15:17:49.421222,water bottle,Tablet,Homepage,False,[],2.55,False,,False
4013,3398,698775,2025-01-13 03:57:57.421222,laptop,Tablet,Homepage,True,"['Dell XPS 13', 'MacBook Air', 'HP Spectre x360']",2.04,True,Dell XPS 13,False
4014,3781,455755,2025-01-21 13:13:01.421222,water bottle,Desktop,Homepage,False,[],2.5,False,,False
4015,1362,216825,2025-01-10 21:19:17.421222,smartphone,Mobile,Category Page,True,"['iPhone 15', 'Samsung Galaxy S24', 'Google Pixel 8']",3.41,True,Google Pixel 8,False
4016,7219,471502,2025-01-05 21:44:10.421222,mouse,Desktop,Category Page,True,"['Logitech MX Master 3', 'Razer DeathAdder', 'SteelSeries Rival 5']",1.98,True,Razer DeathAdder,False
4017,6227,788621,2025-01-19 09:35:03.421222,headphones,Desktop,Product Page,True,"['Sony WH-1000XM5', 'Bose 700', 'Sennheiser Momentum 4']",3.05,True,Bose 700,True
4018,5794,403788,2025-01-26 23:43:23.421222,mouse,Desktop,Category Page,True,"['Logitech MX Master 3', 'Razer DeathAdder', 'SteelSeries Rival 5']",1.26,True,Razer DeathAdder,False
4019,8315,760624,2025-01-06 19:05:27.421222,mouse,Desktop,Homepage,True,"['Logitech MX Master 3', 'Razer DeathAdder', 'SteelSeries Rival 5']",2.94,False,,False
4020,8848,945307,2025-01-23 02:11:12.421222,headphones,Desktop,Product Page,True,"['Sony WH-1000XM5', 'Bose 700', 'Sennheiser Momentum 4']",2.98,True,Sony WH-1000XM5,True
4021,5149,660270,2025-01-20 10:48:53.421222,shoes,Desktop,Product Page,False,[],0.85,False,,False
4022,3747,609080,2025-01-06 00:59:48.421222,dresses,Tablet,Product Page,False,[],1.13,False,,False
4023,9972,360912,2025-01-18 02:04:00.421222,socks,Mobile,Product Page,False,[],0.89,False,,False
4024,4376,830816,2025-01-09 15:05:08.421222,phone case,Desktop,Homepage,True,"['OtterBox Defender', 'Spigen Tough Armor', 'Apple Silicone Case']",3.26,True,Spigen Tough Armor,True
4025,6620,465288,2025-01-13 11:56:23.421222,phone case,Desktop,Homepage,True,"['OtterBox Defender', 'Spigen Tough Armor', 'Apple Silicone Case']",0.23,True,Spigen Tough Armor,False
4026,5739,374807,2025-01-27 17:30:39.421222,headphones,Mobile,Category Page,True,"['Sony WH-1000XM5', 'Bose 700', 'Sennheiser Momentum 4']",1.76,True,Sennheiser Momentum 4,True
4027,5559,357449,2025-01-11 07:55:29.421222,smartphone,Desktop,Category Page,True,"['iPhone 15', 'Samsung Galaxy S24', 'Google Pixel 8']",3.36,True,Google Pixel 8,True
4028,4950,619941,2025-02-03 07:39:36.421222,gaming chair,Desktop,Homepage,True,"['DXRacer', 'Secretlab Titan', 'Razer Iskur']",0.95,True,Razer Iskur,False
4029,3333,581777,2025-02-01 15:06:32.421222,smartphone,Tablet,Category Page,True,"['iPhone 15', 'Samsung Galaxy S24', 'Google Pixel 8']",3.46,True,Samsung Galaxy S24,True
4030,4247,185627,2025-01-14 14:04:32.421222,smartphone,Mobile,Category Page,True,"['iPhone 15', 'Samsung Galaxy S24', 'Google Pixel 8']",1.9,True,Google Pixel 8,False
4031,1799,188638,2025-01-22 10:39:32.421222,water bottle,Desktop,Category Page,False,[],3.47,False,,False
4032,4470,838084,2025-02-02 19:34:48.421222,smartphone,Tablet,Category Page,True,"['iPhone 15', 'Samsung Galaxy S24', 'Google Pixel 8']",0.84,True,iPhone 15,False
4033,6297,829798,2025-01-07 06:29:31.421222,headphones,Tablet,Category Page,True,"['Sony WH-1000XM5', 'Bose 700', 'Sennheiser Momentum 4']",0.26,True,Bose 700,False
4034,7194,666316,2025-01-25 09:45:02.421222,water bottle,Desktop,Product Page,False,[],0.57,False,,False
4035,2136,292466,2025-01-22 08:04:25.421222,gaming chair,Mobile,Homepage,True,"['DXRacer', 'Secretlab Titan', 'Razer Iskur']",2.06,True,Razer Iskur,False
4036,8858,850461,2025-01-15 04:01:56.421222,smartphone,Desktop,Homepage,True,"['iPhone 15', 'Samsung Galaxy S24', 'Google Pixel 8']",0.64,True,iPhone 15,True
4037,9405,120934,2025-01-19 13:57:50.421222,dresses,Tablet,Homepage,False,[],2.55,False,,False
4038,7340,891169,2025-01-06 07:11:03.421222,gaming chair,Tablet,Homepage,True,"['DXRacer', 'Secretlab Titan', 'Razer Iskur']",0.89,True,Razer Iskur,True
4039,5602,62994,2025-02-02 16:50:59.421222,socks,Tablet,Homepage,False,[],0.52,False,,False
4040,7398,794970,2025-01-10 22:55:56.421222,gaming chair,Mobile,Category Page,True,"['DXRacer', 'Secretlab Titan', 'Razer Iskur']",1.99,False,,False
4041,3466,789126,2025-01-07 15:01:36.421222,socks,Mobile,Product Page,False,[],2.34,False,,False
4042,5352,562433,2025-01-27 13:38:41.421222,mouse,Desktop,Product Page,True,"['Logitech MX Master 3', 'Razer DeathAdder', 'SteelSeries Rival 5']",2.07,True,Logitech MX Master 3,False
4043,4571,420170,2025-01-17 12:51:51.421222,laptop,Mobile,Product Page,True,"['Dell XPS 13', 'MacBook Air', 'HP Spectre x360']",0.73,True,MacBook Air,False
4044,2433,282638,2025-01-11 17:11:01.421222,wireless earbuds,Mobile,Category Page,True,"['AirPods Pro', 'Sony WF-1000XM4', 'Bose QuietComfort Earbuds']",3.47,False,,False
4045,1089,500420,2025-01-28 04:07:21.421222,gaming chair,Tablet,Homepage,True,"['DXRacer', 'Secretlab Titan', 'Razer Iskur']",3.2,True,Razer Iskur,False
4046,4020,444469,2025-02-02 23:08:40.421222,laptop,Tablet,Homepage,True,"['Dell XPS 13', 'MacBook Air', 'HP Spectre x360']",1.19,True,MacBook Air,False
4047,9746,229136,2025-01-05 19:20:49.421222,wireless earbuds,Tablet,Category Page,True,"['AirPods Pro', 'Sony WF-1000XM4', 'Bose QuietComfort Earbuds']",1.0,False,,False
4048,2741,458345,2025-01-12 17:03:09.421222,headphones,Tablet,Homepage,True,"['Sony WH-1000XM5', 'Bose 700', 'Sennheiser Momentum 4']",3.05,True,Sony WH-1000XM5,False
4049,2924,358572,2025-01-13 04:23:57.421222,wireless earbuds,Desktop,Category Page,True,"['AirPods Pro', 'Sony WF-1000XM4', 'Bose QuietComfort Earbuds']",2.22,False,,False
4050,5638,453301,2025-01-22 18:13:14.421222,socks,Tablet,Homepage,False,[],0.52,False,,False
4051,4986,906697,2025-01-08 02:52:03.421222,headphones,Desktop,Homepage,True,"['Sony WH-1000XM5', 'Bose 700', 'Sennheiser Momentum 4']",0.24,True,Bose 700,False
4052,7488,695585,2025-02-01 20:56:50.421222,water bottle,Mobile,Homepage,False,[],3.45,False,,False
4053,1189,504354,2025-01-24 08:46:55.421222,wireless earbuds,Desktop,Category Page,True,"['AirPods Pro', 'Sony WF-1000XM4', 'Bose QuietComfort Earbuds']",0.47,True,Bose QuietComfort Earbuds,False
4054,8281,311702,2025-01-30 21:59:57.421222,phone case,Mobile,Category Page,True,"['OtterBox Defender', 'Spigen Tough Armor', 'Apple Silicone Case']",1.3,True,OtterBox Defender,False
4055,2537,195624,2025-01-17 23:44:05.421222,smartphone,Tablet,Homepage,True,"['iPhone 15', 'Samsung Galaxy S24', 'Google Pixel 8']",1.56,True,iPhone 15,False
4056,9227,835614,2025-01-31 16:52:24.421222,smartphone,Mobile,Category Page,True,"['iPhone 15', 'Samsung Galaxy S24', 'Google Pixel 8']",2.32,False,,False
4057,4876,722597,2025-01-30 14:35:57.421222,smartphone,Tablet,Product Page,True,"['iPhone 15', 'Samsung Galaxy S24', 'Google Pixel 8']",0.76,True,Samsung Galaxy S24,False
4058,8043,190167,2025-01-16 05:58:10.421222,phone case,Mobile,Product Page,True,"['OtterBox Defender', 'Spigen Tough Armor', 'Apple Silicone Case']",0.37,False,,False
4059,7467,170855,2025-01-25 17:03:50.421222,water bottle,Desktop,Homepage,False,[],0.3,False,,False
4060,2598,962242,2025-01-22 13:57:42.421222,socks,Tablet,Homepage,False,[],1.33,False,,False
4061,8886,900303,2025-01-07 07:50:40.421222,phone case,Mobile,Homepage,True,"['OtterBox Defender', 'Spigen Tough Armor', 'Apple Silicone Case']",2.12,True,OtterBox Defender,False
4062,9001,59670,2025-01-13 22:27:25.421222,smartphone,Desktop,Product Page,True,"['iPhone 15', 'Samsung Galaxy S24', 'Google Pixel 8']",3.3,True,Google Pixel 8,True
4063,4129,440996,2025-01-30 00:55:51.421222,dresses,Mobile,Product Page,False,[],3.43,False,,False
4064,1014,82091,2025-01-16 11:39:01.421222,socks,Mobile,Homepage,False,[],0.97,False,,False
4065,4803,345473,2025-01-26 13:51:23.421222,keyboard,Tablet,Homepage,True,"['Logitech MX Keys', 'Razer BlackWidow', 'Corsair K95']",3.15,True,Razer BlackWidow,False
4066,5752,158406,2025-01-15 23:50:18.421222,coffee mug,Mobile,Homepage,True,"['Ceramic Mug', 'Travel Mug', 'Insulated Mug']",2.35,True,Travel Mug,False
4067,6024,343390,2025-01-13 14:38:42.421222,mouse,Mobile,Homepage,True,"['Logitech MX Master 3', 'Razer DeathAdder', 'SteelSeries Rival 5']",2.81,True,Logitech MX Master 3,False
4068,6210,993434,2025-01-15 15:50:06.421222,keyboard,Mobile,Category Page,True,"['Logitech MX Keys', 'Razer BlackWidow', 'Corsair K95']",0.53,True,Razer BlackWidow,True
4069,1179,413165,2025-01-16 09:17:52.421222,keyboard,Desktop,Category Page,True,"['Logitech MX Keys', 'Razer BlackWidow', 'Corsair K95']",0.43,True,Logitech MX Keys,False
4070,8591,560235,2025-01-25 09:35:30.421222,smartphone,Desktop,Homepage,True,"['iPhone 15', 'Samsung Galaxy S24', 'Google Pixel 8']",1.86,True,Google Pixel 8,False
4071,2155,914833,2025-02-02 08:29:06.421222,coffee mug,Mobile,Homepage,True,"['Ceramic Mug', 'Travel Mug', 'Insulated Mug']",1.51,False,,False
4072,7303,939895,2025-01-15 22:00:23.421222,shoes,Mobile,Category Page,False,[],0.67,False,,False
4073,6025,167655,2025-01-27 00:40:37.421222,phone case,Mobile,Category Page,True,"['OtterBox Defender', 'Spigen Tough Armor', 'Apple Silicone Case']",0.44,False,,False
4074,5239,723966,2025-01-31 01:00:17.421222,water bottle,Tablet,Homepage,False,[],1.88,False,,False
4075,8701,950621,2025-01-17 14:47:30.421222,external hard drive,Tablet,Product Page,True,"['Seagate 2TB', 'WD My Passport', 'Samsung T7']",0.84,True,WD My Passport,True
4076,6061,882053,2025-01-13 09:31:06.421222,shoes,Tablet,Homepage,False,[],1.23,False,,False
4077,7567,992716,2025-01-11 20:55:18.421222,external hard drive,Tablet,Homepage,True,"['Seagate 2TB', 'WD My Passport', 'Samsung T7']",3.35,True,Seagate 2TB,False
4078,3492,710797,2025-01-20 03:04:41.421222,mouse,Tablet,Homepage,True,"['Logitech MX Master 3', 'Razer DeathAdder', 'SteelSeries Rival 5']",0.85,True,Logitech MX Master 3,False
4079,3260,90907,2025-01-07 02:03:13.421222,headphones,Desktop,Category Page,True,"['Sony WH-1000XM5', 'Bose 700', 'Sennheiser Momentum 4']",0.94,False,,False
4080,6019,346606,2025-02-04 06:51:29.421222,wireless earbuds,Mobile,Category Page,True,"['AirPods Pro', 'Sony WF-1000XM4', 'Bose QuietComfort Earbuds']",2.72,False,,False
4081,1789,176536,2025-01-07 03:39:38.421222,smartphone,Desktop,Category Page,True,"['iPhone 15', 'Samsung Galaxy S24', 'Google Pixel 8']",0.37,False,,False
4082,3306,404525,2025-01-22 00:46:07.421222,shoes,Tablet,Homepage,False,[],2.0,False,,False
4083,9517,176743,2025-01-20 11:43:54.421222,laptop,Mobile,Homepage,True,"['Dell XPS 13', 'MacBook Air', 'HP Spectre x360']",2.15,False,,False
4084,8417,986444,2025-01-30 00:36:57.421222,external hard drive,Mobile,Product Page,True,"['Seagate 2TB', 'WD My Passport', 'Samsung T7']",3.32,True,Samsung T7,True
4085,5039,922938,2025-01-19 01:47:38.421222,headphones,Tablet,Category Page,True,"['Sony WH-1000XM5', 'Bose 700', 'Sennheiser Momentum 4']",1.29,True,Sennheiser Momentum 4,False
4086,5202,202232,2025-01-21 09:41:37.421222,keyboard,Mobile,Product Page,True,"['Logitech MX Keys', 'Razer BlackWidow', 'Corsair K95']",1.61,False,,False
4087,2092,650603,2025-01-25 09:24:10.421222,external hard drive,Tablet,Product Page,True,"['Seagate 2TB', 'WD My Passport', 'Samsung T7']",0.64,True,Samsung T7,True
4088,8732,52751,2025-01-14 13:12:31.421222,mouse,Mobile,Homepage,True,"['Logitech MX Master 3', 'Razer DeathAdder', 'SteelSeries Rival 5']",3.2,True,Logitech MX Master 3,False
4089,2432,77031,2025-01-08 15:35:23.421222,laptop,Mobile,Product Page,True,"['Dell XPS 13', 'MacBook Air', 'HP Spectre x360']",1.4,True,Dell XPS 13,False
4090,6252,373897,2025-02-01 11:39:32.421222,socks,Tablet,Homepage,False,[],3.09,False,,False
4091,3589,521409,2025-01-20 10:12:07.421222,keyboard,Mobile,Product Page,True,"['Logitech MX Keys', 'Razer BlackWidow', 'Corsair K95']",2.43,True,Corsair K95,True
4092,6877,326730,2025-01-12 03:13:39.421222,socks,Desktop,Category Page,False,[],2.68,False,,False
4093,9757,795401,2025-01-15 19:28:34.421222,external hard drive,Desktop,Homepage,True,"['Seagate 2TB', 'WD My Passport', 'Samsung T7']",2.24,False,,False
4094,1293,855089,2025-01-18 21:11:38.421222,coffee mug,Tablet,Category Page,True,"['Ceramic Mug', 'Travel Mug', 'Insulated Mug']",1.95,True,Travel Mug,False
4095,3341,130511,2025-01-19 18:34:28.421222,headphones,Tablet,Category Page,True,"['Sony WH-1000XM5', 'Bose 700', 'Sennheiser Momentum 4']",0.76,True,Bose 700,False
4096,3613,308115,2025-01-22 10:18:26.421222,mouse,Mobile,Homepage,True,"['Logitech MX Master 3', 'Razer DeathAdder', 'SteelSeries Rival 5']",1.37,False,,False
4097,3071,477178,2025-02-01 04:42:43.421222,gaming chair,Tablet,Category Page,True,"['DXRacer', 'Secretlab Titan', 'Razer Iskur']",2.44,False,,False
4098,1629,910932,2025-01-08 06:59:51.421222,mouse,Tablet,Homepage,True,"['Logitech MX Master 3', 'Razer DeathAdder', 'SteelSeries Rival 5']",0.49,False,,False
4099,3042,228095,2025-01-27 21:55:14.421222,wireless earbuds,Desktop,Category Page,True,"['AirPods Pro', 'Sony WF-1000XM4', 'Bose QuietComfort Earbuds']",2.49,True,Sony WF-1000XM4,True
4100,6547,299146,2025-01-24 05:08:01.421222,keyboard,Desktop,Homepage,True,"['Logitech MX Keys', 'Razer BlackWidow', 'Corsair K95']",2.13,True,Corsair K95,False
4101,1368,223837,2025-01-31 10:39:55.421222,gaming chair,Mobile,Category Page,True,"['DXRacer', 'Secretlab Titan', 'Razer Iskur']",3.24,False,,False
4102,9215,209086,2025-01-19 19:02:11.421222,phone case,Tablet,Category Page,True,"['OtterBox Defender', 'Spigen Tough Armor', 'Apple Silicone Case']",1.92,True,Apple Silicone Case,True
4103,8356,307996,2025-02-02 18:32:00.421222,phone case,Desktop,Homepage,True,"['OtterBox Defender', 'Spigen Tough Armor', 'Apple Silicone Case']",0.85,False,,False
4104,6368,350043,2025-01-30 11:09:10.421222,keyboard,Mobile,Product Page,True,"['Logitech MX Keys', 'Razer BlackWidow', 'Corsair K95']",2.66,False,,False
4105,9564,611052,2025-01-15 19:46:29.421222,smartphone,Desktop,Product Page,True,"['iPhone 15', 'Samsung Galaxy S24', 'Google Pixel 8']",1.53,True,iPhone 15,False
4106,5143,140932,2025-01-17 06:24:03.421222,smartphone,Tablet,Homepage,True,"['iPhone 15', 'Samsung Galaxy S24', 'Google Pixel 8']",2.28,True,Samsung Galaxy S24,False
4107,2940,112189,2025-01-15 23:44:39.421222,smartphone,Tablet,Product Page,True,"['iPhone 15', 'Samsung Galaxy S24', 'Google Pixel 8']",2.5,True,iPhone 15,True
4108,5604,422140,2025-01-25 02:24:38.421222,external hard drive,Tablet,Homepage,True,"['Seagate 2TB', 'WD My Passport', 'Samsung T7']",0.35,True,Seagate 2TB,False
4109,3876,327580,2025-01-12 15:10:38.421222,external hard drive,Tablet,Product Page,True,"['Seagate 2TB', 'WD My Passport', 'Samsung T7']",3.29,True,WD My Passport,False
4110,9989,66345,2025-01-31 05:38:18.421222,mouse,Desktop,Product Page,True,"['Logitech MX Master 3', 'Razer DeathAdder', 'SteelSeries Rival 5']",2.2,True,SteelSeries Rival 5,False
4111,6150,239515,2025-01-10 16:35:01.421222,socks,Mobile,Category Page,False,[],0.49,False,,False
4112,8171,680572,2025-01-21 10:36:51.421222,shoes,Tablet,Homepage,False,[],3.28,False,,False
4113,8364,85986,2025-01-28 15:36:09.421222,dresses,Mobile,Category Page,False,[],3.07,False,,False
4114,8864,506299,2025-01-08 01:21:33.421222,keyboard,Mobile,Homepage,True,"['Logitech MX Keys', 'Razer BlackWidow', 'Corsair K95']",1.56,True,Corsair K95,False
4115,1575,376819,2025-01-28 03:02:28.421222,coffee mug,Desktop,Product Page,True,"['Ceramic Mug', 'Travel Mug', 'Insulated Mug']",3.41,True,Travel Mug,False
4116,8208,584454,2025-01-09 16:32:30.421222,external hard drive,Mobile,Homepage,True,"['Seagate 2TB', 'WD My Passport', 'Samsung T7']",0.95,False,,False
4117,6163,696540,2025-02-03 03:01:08.421222,phone case,Mobile,Product Page,True,"['OtterBox Defender', 'Spigen Tough Armor', 'Apple Silicone Case']",3.41,False,,False
4118,6788,829597,2025-01-31 03:49:35.421222,coffee mug,Desktop,Homepage,True,"['Ceramic Mug', 'Travel Mug', 'Insulated Mug']",1.58,True,Ceramic Mug,True
4119,8136,848809,2025-01-27 23:00:40.421222,external hard drive,Mobile,Category Page,True,"['Seagate 2TB', 'WD My Passport', 'Samsung T7']",2.25,True,WD My Passport,False
4120,1061,209671,2025-01-15 22:21:06.421222,water bottle,Mobile,Product Page,False,[],2.41,False,,False
4121,8761,725284,2025-01-26 16:51:42.421222,wireless earbuds,Mobile,Category Page,True,"['AirPods Pro', 'Sony WF-1000XM4', 'Bose QuietComfort Earbuds']",3.06,False,,False
4122,9298,247645,2025-01-13 03:02:39.421222,socks,Tablet,Category Page,False,[],2.35,False,,False
4123,2653,440224,2025-01-13 01:32:59.421222,gaming chair,Desktop,Homepage,True,"['DXRacer', 'Secretlab Titan', 'Razer Iskur']",1.97,True,Razer Iskur,False
4124,1729,786311,2025-02-02 18:07:35.421222,shoes,Desktop,Category Page,False,[],0.28,False,,False
4125,5585,715053,2025-01-14 04:13:36.421222,smartphone,Desktop,Product Page,True,"['iPhone 15', 'Samsung Galaxy S24', 'Google Pixel 8']",1.95,True,Google Pixel 8,False
4126,9030,617234,2025-01-18 18:17:57.421222,wireless earbuds,Tablet,Homepage,True,"['AirPods Pro', 'Sony WF-1000XM4', 'Bose QuietComfort Earbuds']",2.02,True,AirPods Pro,False
4127,2228,629296,2025-01-16 00:15:18.421222,laptop,Desktop,Homepage,True,"['Dell XPS 13', 'MacBook Air', 'HP Spectre x360']",0.59,True,HP Spectre x360,False
4128,5492,812376,2025-01-12 07:36:02.421222,mouse,Tablet,Category Page,True,"['Logitech MX Master 3', 'Razer DeathAdder', 'SteelSeries Rival 5']",2.43,False,,False
4129,2071,417924,2025-01-06 13:29:46.421222,coffee mug,Mobile,Category Page,True,"['Ceramic Mug', 'Travel Mug', 'Insulated Mug']",3.22,True,Ceramic Mug,True
4130,9724,270403,2025-01-28 06:00:36.421222,smartphone,Tablet,Category Page,True,"['iPhone 15', 'Samsung Galaxy S24', 'Google Pixel 8']",0.54,False,,False
4131,2899,741294,2025-02-04 08:25:55.421222,socks,Desktop,Homepage,False,[],1.21,False,,False
4132,7961,297251,2025-01-15 18:17:30.421222,headphones,Tablet,Homepage,True,"['Sony WH-1000XM5', 'Bose 700', 'Sennheiser Momentum 4']",2.24,False,,False
4133,8187,592249,2025-01-07 11:11:21.421222,laptop,Mobile,Category Page,True,"['Dell XPS 13', 'MacBook Air', 'HP Spectre x360']",0.4,False,,False
4134,2493,221893,2025-01-20 14:36:30.421222,shoes,Desktop,Product Page,False,[],2.92,False,,False
4135,2710,355321,2025-01-15 14:39:15.421222,water bottle,Desktop,Category Page,False,[],2.35,False,,False
4136,2568,800508,2025-01-30 22:30:50.421222,wireless earbuds,Mobile,Product Page,True,"['AirPods Pro', 'Sony WF-1000XM4', 'Bose QuietComfort Earbuds']",1.12,True,AirPods Pro,False
4137,6866,681699,2025-01-13 04:30:54.421222,gaming chair,Mobile,Homepage,True,"['DXRacer', 'Secretlab Titan', 'Razer Iskur']",2.66,False,,False
4138,1115,557932,2025-01-29 18:59:23.421222,wireless earbuds,Tablet,Homepage,True,"['AirPods Pro', 'Sony WF-1000XM4', 'Bose QuietComfort Earbuds']",3.02,False,,False
4139,1941,802826,2025-01-26 11:46:57.421222,external hard drive,Desktop,Category Page,True,"['Seagate 2TB', 'WD My Passport', 'Samsung T7']",2.92,True,Seagate 2TB,False
4140,4901,93637,2025-01-09 03:31:08.421222,mouse,Mobile,Category Page,True,"['Logitech MX Master 3', 'Razer DeathAdder', 'SteelSeries Rival 5']",2.11,True,Logitech MX Master 3,False
4141,9380,581348,2025-01-13 12:47:54.421222,socks,Tablet,Category Page,False,[],1.53,False,,False
4142,9080,573215,2025-01-28 08:26:47.421222,smartphone,Desktop,Product Page,True,"['iPhone 15', 'Samsung Galaxy S24', 'Google Pixel 8']",2.23,False,,False
4143,1191,834457,2025-01-30 03:35:03.421222,keyboard,Mobile,Category Page,True,"['Logitech MX Keys', 'Razer BlackWidow', 'Corsair K95']",2.57,True,Corsair K95,False
4144,6088,227449,2025-02-01 08:02:10.421222,gaming chair,Mobile,Category Page,True,"['DXRacer', 'Secretlab Titan', 'Razer Iskur']",1.37,True,Razer Iskur,False
4145,8826,150728,2025-01-26 15:10:41.421222,dresses,Desktop,Product Page,False,[],2.85,False,,False
4146,9465,342434,2025-02-03 17:23:00.421222,coffee mug,Mobile,Homepage,True,"['Ceramic Mug', 'Travel Mug', 'Insulated Mug']",1.05,True,Ceramic Mug,False
4147,2553,251733,2025-01-29 00:52:31.421222,headphones,Desktop,Product Page,True,"['Sony WH-1000XM5', 'Bose 700', 'Sennheiser Momentum 4']",2.85,True,Sennheiser Momentum 4,False
4148,5954,454923,2025-01-22 00:03:34.421222,socks,Mobile,Category Page,False,[],1.54,False,,False
4149,4087,842422,2025-02-01 19:37:53.421222,keyboard,Tablet,Product Page,True,"['Logitech MX Keys', 'Razer BlackWidow', 'Corsair K95']",3.35,False,,False
4150,2071,494279,2025-01-24 07:00:58.421222,gaming chair,Desktop,Product Page,True,"['DXRacer', 'Secretlab Titan', 'Razer Iskur']",2.39,True,DXRacer,False
4151,9928,78876,2025-01-15 02:37:48.421222,water bottle,Tablet,Homepage,False,[],2.05,False,,False
4152,1283,498127,2025-01-17 08:15:03.421222,dresses,Mobile,Homepage,False,[],2.94,False,,False
4153,7400,555730,2025-01-10 06:20:07.421222,shoes,Desktop,Category Page,False,[],3.28,False,,False
4154,4808,364223,2025-01-07 18:00:16.421222,external hard drive,Tablet,Category Page,True,"['Seagate 2TB', 'WD My Passport', 'Samsung T7']",1.95,True,Samsung T7,True
4155,1021,867506,2025-01-22 15:00:24.421222,gaming chair,Tablet,Product Page,True,"['DXRacer', 'Secretlab Titan', 'Razer Iskur']",3.32,True,Secretlab Titan,True
4156,3813,200001,2025-01-14 00:15:04.421222,smartphone,Mobile,Category Page,True,"['iPhone 15', 'Samsung Galaxy S24', 'Google Pixel 8']",1.5,True,Google Pixel 8,False
4157,1535,82847,2025-01-07 20:19:27.421222,gaming chair,Mobile,Product Page,True,"['DXRacer', 'Secretlab Titan', 'Razer Iskur']",3.46,True,DXRacer,False
4158,5636,215170,2025-02-03 12:28:26.421222,coffee mug,Mobile,Product Page,True,"['Ceramic Mug', 'Travel Mug', 'Insulated Mug']",1.35,True,Insulated Mug,False
4159,2092,142788,2025-01-10 21:01:19.421222,socks,Mobile,Homepage,False,[],0.23,False,,False
4160,5590,357844,2025-01-15 21:39:01.421222,wireless earbuds,Desktop,Category Page,True,"['AirPods Pro', 'Sony WF-1000XM4', 'Bose QuietComfort Earbuds']",0.96,False,,False
4161,5132,754911,2025-01-18 16:22:00.421222,water bottle,Mobile,Homepage,False,[],3.15,False,,False
4162,2189,480530,2025-01-23 11:48:33.421222,phone case,Desktop,Product Page,True,"['OtterBox Defender', 'Spigen Tough Armor', 'Apple Silicone Case']",1.21,True,OtterBox Defender,False
4163,8404,925256,2025-01-21 13:57:51.421222,dresses,Desktop,Product Page,False,[],1.47,False,,False
4164,9325,345028,2025-01-17 18:24:59.421222,water bottle,Mobile,Homepage,False,[],0.98,False,,False
4165,2893,671732,2025-01-10 07:09:03.421222,coffee mug,Desktop,Homepage,True,"['Ceramic Mug', 'Travel Mug', 'Insulated Mug']",2.87,True,Insulated Mug,False
4166,9903,251301,2025-01-08 03:13:13.421222,keyboard,Desktop,Homepage,True,"['Logitech MX Keys', 'Razer BlackWidow', 'Corsair K95']",1.7,True,Logitech MX Keys,False
4167,9885,684056,2025-01-11 09:29:10.421222,socks,Desktop,Homepage,False,[],2.74,False,,False
4168,1677,902468,2025-02-02 19:28:54.421222,shoes,Desktop,Category Page,False,[],0.56,False,,False
4169,2444,173424,2025-01-07 06:20:52.421222,water bottle,Tablet,Homepage,False,[],1.3,False,,False
4170,3901,488375,2025-01-22 16:29:38.421222,laptop,Desktop,Category Page,True,"['Dell XPS 13', 'MacBook Air', 'HP Spectre x360']",1.3,True,HP Spectre x360,False
4171,2765,602714,2025-01-17 04:31:51.421222,wireless earbuds,Desktop,Category Page,True,"['AirPods Pro', 'Sony WF-1000XM4', 'Bose QuietComfort Earbuds']",0.84,True,AirPods Pro,False
4172,3449,849842,2025-01-27 00:41:09.421222,phone case,Tablet,Homepage,True,"['OtterBox Defender', 'Spigen Tough Armor', 'Apple Silicone Case']",0.43,False,,False
4173,6015,706404,2025-01-18 22:43:18.421222,keyboard,Desktop,Category Page,True,"['Logitech MX Keys', 'Razer BlackWidow', 'Corsair K95']",2.64,True,Corsair K95,False
4174,4574,642309,2025-01-05 13:24:19.421222,gaming chair,Tablet,Category Page,True,"['DXRacer', 'Secretlab Titan', 'Razer Iskur']",2.36,True,Secretlab Titan,False
4175,1725,878533,2025-01-22 04:20:04.421222,dresses,Tablet,Homepage,False,[],1.28,False,,False
4176,4023,467422,2025-01-26 15:38:03.421222,socks,Desktop,Homepage,False,[],3.14,False,,False
4177,9525,870230,2025-01-24 00:01:52.421222,coffee mug,Desktop,Category Page,True,"['Ceramic Mug', 'Travel Mug', 'Insulated Mug']",0.46,True,Insulated Mug,True
4178,2188,588824,2025-01-28 00:49:45.421222,smartphone,Mobile,Category Page,True,"['iPhone 15', 'Samsung Galaxy S24', 'Google Pixel 8']",2.25,False,,False
4179,6531,816193,2025-01-08 01:46:46.421222,phone case,Desktop,Category Page,True,"['OtterBox Defender', 'Spigen Tough Armor', 'Apple Silicone Case']",0.28,True,Spigen Tough Armor,False
4180,2103,125535,2025-02-03 03:49:33.421222,smartphone,Tablet,Category Page,True,"['iPhone 15', 'Samsung Galaxy S24', 'Google Pixel 8']",0.47,True,iPhone 15,False
4181,7080,809676,2025-01-11 20:08:25.421222,phone case,Tablet,Homepage,True,"['OtterBox Defender', 'Spigen Tough Armor', 'Apple Silicone Case']",3.12,True,Apple Silicone Case,False
4182,2949,831614,2025-01-09 03:29:02.421222,shoes,Desktop,Category Page,False,[],2.3,False,,False
4183,7082,945933,2025-01-06 07:32:52.421222,headphones,Desktop,Product Page,True,"['Sony WH-1000XM5', 'Bose 700', 'Sennheiser Momentum 4']",2.35,True,Sony WH-1000XM5,False
4184,5322,611665,2025-01-25 01:21:51.421222,phone case,Mobile,Homepage,True,"['OtterBox Defender', 'Spigen Tough Armor', 'Apple Silicone Case']",1.88,True,Spigen Tough Armor,True
4185,4738,249737,2025-01-13 04:37:56.421222,laptop,Mobile,Product Page,True,"['Dell XPS 13', 'MacBook Air', 'HP Spectre x360']",0.88,True,MacBook Air,False
4186,8464,575976,2025-01-05 23:46:11.421222,coffee mug,Desktop,Product Page,True,"['Ceramic Mug', 'Travel Mug', 'Insulated Mug']",0.44,True,Ceramic Mug,True
4187,5914,295714,2025-01-18 03:53:40.421222,mouse,Tablet,Category Page,True,"['Logitech MX Master 3', 'Razer DeathAdder', 'SteelSeries Rival 5']",3.2,True,Razer DeathAdder,True
4188,6473,810035,2025-01-09 22:03:56.421222,phone case,Tablet,Product Page,True,"['OtterBox Defender', 'Spigen Tough Armor', 'Apple Silicone Case']",3.27,False,,False
4189,8684,649573,2025-01-14 12:12:30.421222,socks,Tablet,Homepage,False,[],2.08,False,,False
4190,7566,590961,2025-01-17 14:34:25.421222,mouse,Mobile,Category Page,True,"['Logitech MX Master 3', 'Razer DeathAdder', 'SteelSeries Rival 5']",2.19,True,SteelSeries Rival 5,False
4191,9376,977434,2025-01-13 12:27:28.421222,headphones,Mobile,Product Page,True,"['Sony WH-1000XM5', 'Bose 700', 'Sennheiser Momentum 4']",1.29,False,,False
4192,8324,657444,2025-01-07 20:19:55.421222,dresses,Desktop,Category Page,False,[],1.04,False,,False
4193,7825,552970,2025-01-25 15:14:33.421222,water bottle,Desktop,Homepage,False,[],1.22,False,,False
4194,7620,802897,2025-01-25 14:41:45.421222,mouse,Mobile,Category Page,True,"['Logitech MX Master 3', 'Razer DeathAdder', 'SteelSeries Rival 5']",2.49,True,Razer DeathAdder,False
4195,6068,901172,2025-01-05 20:32:03.421222,keyboard,Mobile,Category Page,True,"['Logitech MX Keys', 'Razer BlackWidow', 'Corsair K95']",2.26,True,Razer BlackWidow,False
4196,9432,649189,2025-01-26 23:26:25.421222,wireless earbuds,Mobile,Category Page,True,"['AirPods Pro', 'Sony WF-1000XM4', 'Bose QuietComfort Earbuds']",2.1,False,,False
4197,1236,511271,2025-01-12 18:44:15.421222,smartphone,Tablet,Category Page,True,"['iPhone 15', 'Samsung Galaxy S24', 'Google Pixel 8']",0.83,False,,False
4198,1208,61695,2025-01-23 14:49:31.421222,water bottle,Tablet,Product Page,False,[],2.06,False,,False
4199,7406,832874,2025-01-07 17:45:28.421222,dresses,Mobile,Product Page,False,[],1.12,False,,False
4200,8509,237363,2025-01-22 00:27:10.421222,shoes,Tablet,Product Page,False,[],2.34,False,,False
4201,6804,862908,2025-01-08 03:48:51.421222,water bottle,Desktop,Homepage,False,[],0.89,False,,False
4202,5637,255794,2025-01-20 01:39:48.421222,phone case,Desktop,Product Page,True,"['OtterBox Defender', 'Spigen Tough Armor', 'Apple Silicone Case']",2.58,True,Spigen Tough Armor,False
4203,1804,90878,2025-02-01 11:11:26.421222,coffee mug,Mobile,Homepage,True,"['Ceramic Mug', 'Travel Mug', 'Insulated Mug']",1.75,True,Travel Mug,False
4204,8067,810784,2025-01-26 11:20:57.421222,coffee mug,Mobile,Product Page,True,"['Ceramic Mug', 'Travel Mug', 'Insulated Mug']",1.69,False,,False
4205,8657,216889,2025-01-16 09:50:06.421222,external hard drive,Tablet,Product Page,True,"['Seagate 2TB', 'WD My Passport', 'Samsung T7']",1.77,True,WD My Passport,False
4206,7250,754110,2025-01-21 10:46:06.421222,dresses,Mobile,Product Page,False,[],2.83,False,,False
4207,7601,880968,2025-01-12 02:26:42.421222,laptop,Tablet,Homepage,True,"['Dell XPS 13', 'MacBook Air', 'HP Spectre x360']",2.18,False,,False
4208,8556,349294,2025-02-02 12:25:28.421222,dresses,Mobile,Category Page,False,[],1.17,False,,False
4209,3489,288317,2025-01-09 10:46:34.421222,socks,Mobile,Homepage,False,[],3.32,False,,False
4210,1297,697345,2025-01-25 23:23:38.421222,coffee mug,Mobile,Homepage,True,"['Ceramic Mug', 'Travel Mug', 'Insulated Mug']",1.66,True,Insulated Mug,False
4211,6075,736109,2025-01-24 01:04:41.421222,wireless earbuds,Mobile,Homepage,True,"['AirPods Pro', 'Sony WF-1000XM4', 'Bose QuietComfort Earbuds']",0.47,True,AirPods Pro,False
4212,2808,294964,2025-01-30 18:55:28.421222,laptop,Desktop,Category Page,True,"['Dell XPS 13', 'MacBook Air', 'HP Spectre x360']",2.26,False,,False
4213,3734,512720,2025-02-03 10:39:35.421222,dresses,Desktop,Category Page,False,[],1.71,False,,False
4214,6958,856968,2025-02-01 11:33:12.421222,smartphone,Desktop,Product Page,True,"['iPhone 15', 'Samsung Galaxy S24', 'Google Pixel 8']",1.19,False,,False
4215,9252,636286,2025-02-01 12:21:25.421222,smartphone,Desktop,Product Page,True,"['iPhone 15', 'Samsung Galaxy S24', 'Google Pixel 8']",1.97,True,Samsung Galaxy S24,False
4216,7519,959558,2025-01-30 08:27:32.421222,socks,Desktop,Homepage,False,[],1.31,False,,False
4217,5318,133166,2025-01-23 21:46:26.421222,external hard drive,Tablet,Homepage,True,"['Seagate 2TB', 'WD My Passport', 'Samsung T7']",1.69,True,WD My Passport,True
4218,4182,472142,2025-01-18 17:00:01.421222,headphones,Tablet,Homepage,True,"['Sony WH-1000XM5', 'Bose 700', 'Sennheiser Momentum 4']",0.78,True,Bose 700,False
4219,8435,929764,2025-01-29 04:00:27.421222,smartphone,Desktop,Product Page,True,"['iPhone 15', 'Samsung Galaxy S24', 'Google Pixel 8']",2.02,True,iPhone 15,False
4220,5559,240737,2025-01-21 20:22:02.421222,shoes,Desktop,Product Page,False,[],0.64,False,,False
4221,5337,732737,2025-02-03 13:18:46.421222,water bottle,Desktop,Homepage,False,[],2.11,False,,False
4222,7075,349424,2025-01-25 20:13:24.421222,mouse,Mobile,Category Page,True,"['Logitech MX Master 3', 'Razer DeathAdder', 'SteelSeries Rival 5']",2.49,True,Razer DeathAdder,True
4223,1291,882754,2025-01-14 11:03:09.421222,water bottle,Mobile,Category Page,False,[],1.3,False,,False
4224,3902,505531,2025-01-05 22:32:54.421222,coffee mug,Tablet,Homepage,True,"['Ceramic Mug', 'Travel Mug', 'Insulated Mug']",2.02,False,,False
4225,8591,889288,2025-02-02 07:57:15.421222,keyboard,Desktop,Homepage,True,"['Logitech MX Keys', 'Razer BlackWidow', 'Corsair K95']",3.26,False,,False
4226,9286,201643,2025-01-28 10:12:12.421222,smartphone,Desktop,Category Page,True,"['iPhone 15', 'Samsung Galaxy S24', 'Google Pixel 8']",0.9,True,iPhone 15,False
4227,3326,556854,2025-01-16 09:04:50.421222,mouse,Mobile,Category Page,True,"['Logitech MX Master 3', 'Razer DeathAdder', 'SteelSeries Rival 5']",3.42,False,,False
4228,1951,335084,2025-01-07 13:15:30.421222,shoes,Mobile,Product Page,False,[],0.48,False,,False
4229,7985,789975,2025-01-08 23:04:59.421222,wireless earbuds,Desktop,Product Page,True,"['AirPods Pro', 'Sony WF-1000XM4', 'Bose QuietComfort Earbuds']",2.45,False,,False
4230,4916,249884,2025-02-02 11:49:02.421222,gaming chair,Tablet,Product Page,True,"['DXRacer', 'Secretlab Titan', 'Razer Iskur']",1.43,True,Razer Iskur,False
4231,4331,672305,2025-01-25 01:58:44.421222,shoes,Tablet,Category Page,False,[],1.61,False,,False
4232,9748,609100,2025-02-03 12:17:03.421222,keyboard,Mobile,Homepage,True,"['Logitech MX Keys', 'Razer BlackWidow', 'Corsair K95']",1.79,True,Razer BlackWidow,False
4233,5017,973695,2025-01-28 16:06:54.421222,dresses,Tablet,Product Page,False,[],3.02,False,,False
4234,9537,148139,2025-01-14 23:28:11.421222,smartphone,Desktop,Homepage,True,"['iPhone 15', 'Samsung Galaxy S24', 'Google Pixel 8']",0.22,False,,False
4235,9374,292988,2025-01-11 18:32:10.421222,coffee mug,Desktop,Product Page,True,"['Ceramic Mug', 'Travel Mug', 'Insulated Mug']",3.1,True,Insulated Mug,False
4236,5983,450866,2025-01-16 02:49:23.421222,mouse,Tablet,Homepage,True,"['Logitech MX Master 3', 'Razer DeathAdder', 'SteelSeries Rival 5']",1.69,True,Razer DeathAdder,False
4237,9919,911759,2025-01-27 04:16:35.421222,keyboard,Desktop,Homepage,True,"['Logitech MX Keys', 'Razer BlackWidow', 'Corsair K95']",2.64,True,Logitech MX Keys,True
4238,8622,408614,2025-01-05 12:30:23.421222,shoes,Desktop,Homepage,False,[],2.24,False,,False
4239,3315,90984,2025-01-05 22:27:44.421222,shoes,Mobile,Category Page,False,[],1.41,False,,False
4240,8234,602300,2025-01-20 23:32:29.421222,keyboard,Tablet,Homepage,True,"['Logitech MX Keys', 'Razer BlackWidow', 'Corsair K95']",3.43,True,Razer BlackWidow,True
4241,6307,629563,2025-01-27 19:41:08.421222,wireless earbuds,Desktop,Product Page,True,"['AirPods Pro', 'Sony WF-1000XM4', 'Bose QuietComfort Earbuds']",0.85,True,Sony WF-1000XM4,False
4242,6884,58709,2025-01-23 11:16:25.421222,dresses,Tablet,Category Page,False,[],3.17,False,,False
4243,2076,272497,2025-01-21 14:20:33.421222,shoes,Mobile,Category Page,False,[],2.66,False,,False
4244,9033,840980,2025-01-25 02:08:41.421222,laptop,Tablet,Product Page,True,"['Dell XPS 13', 'MacBook Air', 'HP Spectre x360']",0.2,True,HP Spectre x360,False
4245,9816,229965,2025-01-09 05:58:05.421222,gaming chair,Mobile,Product Page,True,"['DXRacer', 'Secretlab Titan', 'Razer Iskur']",2.29,True,Secretlab Titan,False
4246,9709,617644,2025-01-20 09:28:52.421222,mouse,Tablet,Category Page,True,"['Logitech MX Master 3', 'Razer DeathAdder', 'SteelSeries Rival 5']",0.27,True,Logitech MX Master 3,True
4247,2670,186315,2025-01-07 05:03:33.421222,coffee mug,Tablet,Category Page,True,"['Ceramic Mug', 'Travel Mug', 'Insulated Mug']",1.36,True,Ceramic Mug,False
4248,7452,981086,2025-01-23 07:15:21.421222,water bottle,Mobile,Homepage,False,[],0.88,False,,False
4249,3781,153955,2025-01-15 12:52:02.421222,laptop,Desktop,Homepage,True,"['Dell XPS 13', 'MacBook Air', 'HP Spectre x360']",2.28,False,,False
4250,4710,977438,2025-01-28 03:00:56.421222,smartphone,Desktop,Category Page,True,"['iPhone 15', 'Samsung Galaxy S24', 'Google Pixel 8']",2.63,False,,False
4251,3703,946598,2025-01-21 22:30:18.421222,gaming chair,Mobile,Category Page,True,"['DXRacer', 'Secretlab Titan', 'Razer Iskur']",2.87,True,Razer Iskur,False
4252,9646,124775,2025-01-22 21:13:13.421222,wireless earbuds,Tablet,Category Page,True,"['AirPods Pro', 'Sony WF-1000XM4', 'Bose QuietComfort Earbuds']",1.83,True,AirPods Pro,True
4253,4614,486490,2025-01-09 09:02:01.421222,coffee mug,Tablet,Homepage,True,"['Ceramic Mug', 'Travel Mug', 'Insulated Mug']",1.49,True,Ceramic Mug,False
4254,1477,553602,2025-02-01 06:06:30.421222,dresses,Desktop,Product Page,False,[],1.27,False,,False
4255,7488,910975,2025-01-13 06:39:16.421222,water bottle,Desktop,Category Page,False,[],0.53,False,,False
4256,2979,676858,2025-01-28 20:42:50.421222,smartphone,Tablet,Category Page,True,"['iPhone 15', 'Samsung Galaxy S24', 'Google Pixel 8']",2.87,False,,False
4257,6242,112456,2025-01-14 13:00:16.421222,gaming chair,Tablet,Homepage,True,"['DXRacer', 'Secretlab Titan', 'Razer Iskur']",1.46,True,Razer Iskur,False
4258,5940,116586,2025-01-31 02:57:47.421222,coffee mug,Tablet,Homepage,True,"['Ceramic Mug', 'Travel Mug', 'Insulated Mug']",0.77,True,Travel Mug,False
4259,1840,389409,2025-01-17 15:46:12.421222,mouse,Desktop,Homepage,True,"['Logitech MX Master 3', 'Razer DeathAdder', 'SteelSeries Rival 5']",1.49,True,SteelSeries Rival 5,False
4260,3706,545927,2025-02-02 14:48:45.421222,wireless earbuds,Mobile,Category Page,True,"['AirPods Pro', 'Sony WF-1000XM4', 'Bose QuietComfort Earbuds']",0.56,True,AirPods Pro,False
4261,3694,587329,2025-01-07 13:30:57.421222,socks,Tablet,Category Page,False,[],0.98,False,,False
4262,6360,918836,2025-01-10 10:50:40.421222,smartphone,Tablet,Homepage,True,"['iPhone 15', 'Samsung Galaxy S24', 'Google Pixel 8']",3.3,True,iPhone 15,True
4263,5848,739074,2025-01-06 16:18:07.421222,gaming chair,Mobile,Product Page,True,"['DXRacer', 'Secretlab Titan', 'Razer Iskur']",3.24,True,DXRacer,False
4264,7511,194776,2025-01-11 03:40:08.421222,shoes,Mobile,Homepage,False,[],0.35,False,,False
4265,2979,265067,2025-01-20 11:30:36.421222,keyboard,Mobile,Product Page,True,"['Logitech MX Keys', 'Razer BlackWidow', 'Corsair K95']",1.73,True,Logitech MX Keys,False
4266,4658,877633,2025-01-11 16:38:46.421222,dresses,Tablet,Category Page,False,[],1.18,False,,False
4267,2735,161347,2025-01-28 12:28:09.421222,coffee mug,Tablet,Category Page,True,"['Ceramic Mug', 'Travel Mug', 'Insulated Mug']",0.85,True,Ceramic Mug,False
4268,3283,407561,2025-01-23 12:18:07.421222,coffee mug,Tablet,Homepage,True,"['Ceramic Mug', 'Travel Mug', 'Insulated Mug']",3.0,True,Insulated Mug,False
4269,6005,709746,2025-01-22 13:16:23.421222,smartphone,Mobile,Product Page,True,"['iPhone 15', 'Samsung Galaxy S24', 'Google Pixel 8']",2.26,True,iPhone 15,False
4270,4657,296684,2025-01-31 17:05:27.421222,dresses,Tablet,Product Page,False,[],1.83,False,,False
4271,9887,188553,2025-01-25 01:48:01.421222,smartphone,Mobile,Homepage,True,"['iPhone 15', 'Samsung Galaxy S24', 'Google Pixel 8']",1.72,True,iPhone 15,False
4272,1880,631774,2025-01-16 07:33:46.421222,gaming chair,Tablet,Homepage,True,"['DXRacer', 'Secretlab Titan', 'Razer Iskur']",1.55,True,Razer Iskur,False
4273,4929,351185,2025-01-20 11:17:24.421222,mouse,Tablet,Category Page,True,"['Logitech MX Master 3', 'Razer DeathAdder', 'SteelSeries Rival 5']",2.93,True,Razer DeathAdder,True
4274,4947,889996,2025-01-22 13:32:30.421222,shoes,Mobile,Homepage,False,[],0.27,False,,False
4275,6503,195560,2025-01-20 20:28:25.421222,water bottle,Desktop,Category Page,False,[],2.75,False,,False
4276,4214,73185,2025-01-14 05:58:14.421222,keyboard,Mobile,Product Page,True,"['Logitech MX Keys', 'Razer BlackWidow', 'Corsair K95']",1.73,True,Corsair K95,False
4277,1052,662013,2025-01-27 11:07:52.421222,smartphone,Desktop,Category Page,True,"['iPhone 15', 'Samsung Galaxy S24', 'Google Pixel 8']",0.35,False,,False
4278,3908,186127,2025-01-17 19:47:22.421222,laptop,Tablet,Product Page,True,"['Dell XPS 13', 'MacBook Air', 'HP Spectre x360']",1.67,True,MacBook Air,False
4279,3185,879498,2025-02-03 06:44:18.421222,phone case,Desktop,Product Page,True,"['OtterBox Defender', 'Spigen Tough Armor', 'Apple Silicone Case']",3.48,False,,False
4280,2631,896308,2025-02-03 02:21:02.421222,dresses,Mobile,Product Page,False,[],2.67,False,,False
4281,7025,414849,2025-01-22 19:50:50.421222,socks,Mobile,Category Page,False,[],3.43,False,,False
4282,3463,354213,2025-01-31 13:15:09.421222,laptop,Mobile,Category Page,True,"['Dell XPS 13', 'MacBook Air', 'HP Spectre x360']",1.54,True,MacBook Air,False
4283,7472,831978,2025-01-24 14:21:41.421222,keyboard,Desktop,Homepage,True,"['Logitech MX Keys', 'Razer BlackWidow', 'Corsair K95']",3.0,False,,False
4284,1040,259295,2025-01-19 15:43:47.421222,coffee mug,Mobile,Homepage,True,"['Ceramic Mug', 'Travel Mug', 'Insulated Mug']",1.34,True,Travel Mug,False
4285,5051,292828,2025-01-07 11:39:14.421222,coffee mug,Desktop,Category Page,True,"['Ceramic Mug', 'Travel Mug', 'Insulated Mug']",2.39,False,,False
4286,8577,553738,2025-01-11 06:38:19.421222,smartphone,Desktop,Homepage,True,"['iPhone 15', 'Samsung Galaxy S24', 'Google Pixel 8']",1.49,True,Google Pixel 8,False
4287,5925,322491,2025-01-26 04:16:43.421222,wireless earbuds,Tablet,Product Page,True,"['AirPods Pro', 'Sony WF-1000XM4', 'Bose QuietComfort Earbuds']",2.38,True,Sony WF-1000XM4,True
4288,3642,510526,2025-01-25 14:12:39.421222,phone case,Tablet,Homepage,True,"['OtterBox Defender', 'Spigen Tough Armor', 'Apple Silicone Case']",1.39,True,Apple Silicone Case,True
4289,5878,879131,2025-02-02 07:18:47.421222,keyboard,Mobile,Homepage,True,"['Logitech MX Keys', 'Razer BlackWidow', 'Corsair K95']",1.32,True,Logitech MX Keys,False
4290,1185,345116,2025-01-11 00:30:40.421222,coffee mug,Tablet,Homepage,True,"['Ceramic Mug', 'Travel Mug', 'Insulated Mug']",1.64,True,Insulated Mug,True
4291,5626,167511,2025-01-13 11:37:51.421222,smartphone,Desktop,Homepage,True,"['iPhone 15', 'Samsung Galaxy S24', 'Google Pixel 8']",1.84,True,Google Pixel 8,True
4292,1058,406842,2025-01-13 16:06:37.421222,socks,Tablet,Category Page,False,[],1.96,False,,False
4293,6993,52760,2025-01-31 16:39:10.421222,gaming chair,Tablet,Category Page,True,"['DXRacer', 'Secretlab Titan', 'Razer Iskur']",3.05,True,Razer Iskur,True
4294,2371,495587,2025-01-11 18:20:45.421222,headphones,Desktop,Homepage,True,"['Sony WH-1000XM5', 'Bose 700', 'Sennheiser Momentum 4']",2.99,False,,False
4295,9639,913136,2025-01-15 18:53:59.421222,gaming chair,Tablet,Homepage,True,"['DXRacer', 'Secretlab Titan', 'Razer Iskur']",2.13,True,DXRacer,False
4296,9871,685041,2025-01-31 15:55:32.421222,wireless earbuds,Desktop,Category Page,True,"['AirPods Pro', 'Sony WF-1000XM4', 'Bose QuietComfort Earbuds']",3.06,True,AirPods Pro,False
4297,8993,760034,2025-01-28 04:30:08.421222,gaming chair,Tablet,Homepage,True,"['DXRacer', 'Secretlab Titan', 'Razer Iskur']",2.49,False,,False
4298,3296,813089,2025-01-17 03:28:25.421222,gaming chair,Desktop,Category Page,True,"['DXRacer', 'Secretlab Titan', 'Razer Iskur']",3.21,False,,False
4299,3872,331528,2025-01-12 22:46:08.421222,laptop,Desktop,Product Page,True,"['Dell XPS 13', 'MacBook Air', 'HP Spectre x360']",2.26,True,MacBook Air,False
4300,8257,127902,2025-01-23 01:05:01.421222,shoes,Tablet,Product Page,False,[],2.87,False,,False
4301,8644,511578,2025-01-10 21:29:30.421222,coffee mug,Desktop,Category Page,True,"['Ceramic Mug', 'Travel Mug', 'Insulated Mug']",0.46,True,Travel Mug,False
4302,5091,463642,2025-01-22 19:10:58.421222,shoes,Desktop,Category Page,False,[],1.0,False,,False
4303,6510,398776,2025-01-15 12:59:16.421222,coffee mug,Desktop,Category Page,True,"['Ceramic Mug', 'Travel Mug', 'Insulated Mug']",2.46,False,,False
4304,2306,617970,2025-01-06 01:08:56.421222,external hard drive,Tablet,Category Page,True,"['Seagate 2TB', 'WD My Passport', 'Samsung T7']",3.45,True,Seagate 2TB,False
4305,9086,999394,2025-01-09 06:00:59.421222,laptop,Mobile,Category Page,True,"['Dell XPS 13', 'MacBook Air', 'HP Spectre x360']",3.04,True,Dell XPS 13,False
4306,7136,973902,2025-01-22 08:01:32.421222,phone case,Mobile,Homepage,True,"['OtterBox Defender', 'Spigen Tough Armor', 'Apple Silicone Case']",2.11,True,Apple Silicone Case,True
4307,2357,360982,2025-01-13 04:06:54.421222,coffee mug,Mobile,Homepage,True,"['Ceramic Mug', 'Travel Mug', 'Insulated Mug']",1.13,False,,False
4308,2727,550146,2025-01-05 10:58:36.421222,laptop,Mobile,Homepage,True,"['Dell XPS 13', 'MacBook Air', 'HP Spectre x360']",2.73,True,Dell XPS 13,True
4309,5616,836722,2025-01-25 09:15:06.421222,keyboard,Tablet,Product Page,True,"['Logitech MX Keys', 'Razer BlackWidow', 'Corsair K95']",1.47,True,Corsair K95,False
4310,6356,914162,2025-01-27 18:05:59.421222,phone case,Desktop,Homepage,True,"['OtterBox Defender', 'Spigen Tough Armor', 'Apple Silicone Case']",1.62,True,Spigen Tough Armor,False
4311,5819,990595,2025-01-21 12:26:36.421222,keyboard,Tablet,Category Page,True,"['Logitech MX Keys', 'Razer BlackWidow', 'Corsair K95']",1.09,True,Corsair K95,False
4312,6841,609450,2025-01-27 15:11:23.421222,phone case,Tablet,Product Page,True,"['OtterBox Defender', 'Spigen Tough Armor', 'Apple Silicone Case']",3.13,True,Apple Silicone Case,False
4313,5268,833467,2025-01-08 06:12:07.421222,external hard drive,Mobile,Category Page,True,"['Seagate 2TB', 'WD My Passport', 'Samsung T7']",3.19,True,WD My Passport,False
4314,7502,821617,2025-01-21 23:36:23.421222,mouse,Mobile,Category Page,True,"['Logitech MX Master 3', 'Razer DeathAdder', 'SteelSeries Rival 5']",2.0,True,SteelSeries Rival 5,False
4315,2675,374555,2025-01-06 05:48:05.421222,wireless earbuds,Mobile,Product Page,True,"['AirPods Pro', 'Sony WF-1000XM4', 'Bose QuietComfort Earbuds']",2.73,False,,False
4316,5894,330825,2025-01-26 00:16:03.421222,wireless earbuds,Tablet,Product Page,True,"['AirPods Pro', 'Sony WF-1000XM4', 'Bose QuietComfort Earbuds']",1.78,True,Sony WF-1000XM4,False
4317,4854,575674,2025-02-01 16:42:47.421222,shoes,Tablet,Homepage,False,[],1.16,False,,False
4318,5840,541253,2025-01-23 06:59:00.421222,gaming chair,Mobile,Category Page,True,"['DXRacer', 'Secretlab Titan', 'Razer Iskur']",1.61,True,DXRacer,True
4319,3480,451319,2025-01-24 21:53:06.421222,mouse,Mobile,Homepage,True,"['Logitech MX Master 3', 'Razer DeathAdder', 'SteelSeries Rival 5']",2.75,False,,False
4320,2111,782756,2025-01-24 01:31:03.421222,wireless earbuds,Mobile,Homepage,True,"['AirPods Pro', 'Sony WF-1000XM4', 'Bose QuietComfort Earbuds']",3.4,False,,False
4321,4810,399139,2025-01-11 04:05:01.421222,coffee mug,Desktop,Category Page,True,"['Ceramic Mug', 'Travel Mug', 'Insulated Mug']",1.95,True,Travel Mug,False
4322,4090,704177,2025-02-03 13:35:45.421222,smartphone,Tablet,Category Page,True,"['iPhone 15', 'Samsung Galaxy S24', 'Google Pixel 8']",2.3,True,Google Pixel 8,False
4323,3984,340616,2025-01-31 07:33:22.421222,smartphone,Desktop,Homepage,True,"['iPhone 15', 'Samsung Galaxy S24', 'Google Pixel 8']",2.41,False,,False
4324,9019,215197,2025-01-06 10:35:39.421222,gaming chair,Desktop,Category Page,True,"['DXRacer', 'Secretlab Titan', 'Razer Iskur']",3.1,True,DXRacer,False
4325,5451,320279,2025-02-01 07:28:30.421222,mouse,Desktop,Product Page,True,"['Logitech MX Master 3', 'Razer DeathAdder', 'SteelSeries Rival 5']",0.32,True,Logitech MX Master 3,True
4326,5231,200928,2025-02-01 14:12:05.421222,mouse,Desktop,Product Page,True,"['Logitech MX Master 3', 'Razer DeathAdder', 'SteelSeries Rival 5']",2.78,True,SteelSeries Rival 5,False
4327,3878,682554,2025-01-22 19:43:52.421222,smartphone,Mobile,Homepage,True,"['iPhone 15', 'Samsung Galaxy S24', 'Google Pixel 8']",0.9,False,,False
4328,5267,499973,2025-01-13 11:14:46.421222,dresses,Mobile,Homepage,False,[],2.59,False,,False
4329,9885,274976,2025-01-06 04:00:01.421222,coffee mug,Mobile,Product Page,True,"['Ceramic Mug', 'Travel Mug', 'Insulated Mug']",1.26,True,Travel Mug,False
4330,4900,492778,2025-01-29 10:43:41.421222,socks,Mobile,Category Page,False,[],1.93,False,,False
4331,6418,812122,2025-01-10 05:15:17.421222,coffee mug,Tablet,Homepage,True,"['Ceramic Mug', 'Travel Mug', 'Insulated Mug']",0.83,True,Travel Mug,False
4332,4094,160768,2025-01-24 02:50:36.421222,laptop,Desktop,Homepage,True,"['Dell XPS 13', 'MacBook Air', 'HP Spectre x360']",3.22,True,HP Spectre x360,True
4333,7366,263865,2025-01-31 21:27:19.421222,smartphone,Desktop,Product Page,True,"['iPhone 15', 'Samsung Galaxy S24', 'Google Pixel 8']",1.15,True,Google Pixel 8,False
4334,7225,229705,2025-01-14 00:38:20.421222,shoes,Mobile,Category Page,False,[],3.38,False,,False
4335,5313,861893,2025-01-28 16:16:27.421222,smartphone,Tablet,Homepage,True,"['iPhone 15', 'Samsung Galaxy S24', 'Google Pixel 8']",2.15,True,Google Pixel 8,False
4336,7122,918915,2025-01-12 01:41:25.421222,dresses,Mobile,Product Page,False,[],2.18,False,,False
4337,7441,622016,2025-01-07 07:27:24.421222,water bottle,Desktop,Category Page,False,[],1.4,False,,False
4338,3621,629541,2025-01-10 00:03:23.421222,water bottle,Mobile,Product Page,False,[],2.53,False,,False
4339,7188,254268,2025-01-24 01:45:20.421222,headphones,Mobile,Homepage,True,"['Sony WH-1000XM5', 'Bose 700', 'Sennheiser Momentum 4']",3.28,False,,False
4340,3634,594435,2025-01-15 13:28:22.421222,shoes,Tablet,Category Page,False,[],2.51,False,,False
4341,3184,747442,2025-01-23 21:11:58.421222,headphones,Desktop,Category Page,True,"['Sony WH-1000XM5', 'Bose 700', 'Sennheiser Momentum 4']",2.76,False,,False
4342,8355,135595,2025-01-26 06:11:53.421222,shoes,Mobile,Homepage,False,[],1.37,False,,False
4343,7876,828310,2025-01-11 13:51:32.421222,wireless earbuds,Desktop,Product Page,True,"['AirPods Pro', 'Sony WF-1000XM4', 'Bose QuietComfort Earbuds']",1.47,True,Bose QuietComfort Earbuds,False
4344,1960,549705,2025-01-14 05:47:35.421222,dresses,Desktop,Homepage,False,[],1.73,False,,False
4345,3164,242329,2025-01-07 15:23:44.421222,mouse,Desktop,Product Page,True,"['Logitech MX Master 3', 'Razer DeathAdder', 'SteelSeries Rival 5']",2.53,True,Razer DeathAdder,True
4346,2627,954357,2025-01-09 07:37:30.421222,headphones,Mobile,Product Page,True,"['Sony WH-1000XM5', 'Bose 700', 'Sennheiser Momentum 4']",1.81,False,,False
4347,4845,559629,2025-01-20 06:20:47.421222,wireless earbuds,Tablet,Category Page,True,"['AirPods Pro', 'Sony WF-1000XM4', 'Bose QuietComfort Earbuds']",1.91,True,Sony WF-1000XM4,True
4348,3399,176680,2025-01-27 18:47:54.421222,keyboard,Desktop,Homepage,True,"['Logitech MX Keys', 'Razer BlackWidow', 'Corsair K95']",1.86,False,,False
4349,7293,193156,2025-01-16 01:15:40.421222,smartphone,Desktop,Homepage,True,"['iPhone 15', 'Samsung Galaxy S24', 'Google Pixel 8']",1.25,True,Google Pixel 8,True
4350,6498,142170,2025-01-05 20:06:08.421222,wireless earbuds,Mobile,Product Page,True,"['AirPods Pro', 'Sony WF-1000XM4', 'Bose QuietComfort Earbuds']",0.74,False,,False
4351,8116,386059,2025-01-28 15:55:25.421222,laptop,Tablet,Category Page,True,"['Dell XPS 13', 'MacBook Air', 'HP Spectre x360']",2.58,False,,False
4352,8101,227598,2025-01-23 18:32:29.421222,shoes,Tablet,Product Page,False,[],1.24,False,,False
4353,2158,274192,2025-01-19 00:15:51.421222,external hard drive,Mobile,Homepage,True,"['Seagate 2TB', 'WD My Passport', 'Samsung T7']",2.35,True,Samsung T7,False
4354,8018,660964,2025-01-10 00:20:07.421222,external hard drive,Desktop,Category Page,True,"['Seagate 2TB', 'WD My Passport', 'Samsung T7']",2.39,False,,False
4355,1122,842480,2025-01-17 09:06:51.421222,smartphone,Desktop,Category Page,True,"['iPhone 15', 'Samsung Galaxy S24', 'Google Pixel 8']",3.27,True,Samsung Galaxy S24,False
4356,3000,887239,2025-01-09 16:16:41.421222,laptop,Tablet,Category Page,True,"['Dell XPS 13', 'MacBook Air', 'HP Spectre x360']",0.69,False,,False
4357,6547,596644,2025-01-25 18:58:00.421222,headphones,Desktop,Product Page,True,"['Sony WH-1000XM5', 'Bose 700', 'Sennheiser Momentum 4']",3.36,True,Sony WH-1000XM5,True
4358,1717,324648,2025-02-01 06:40:49.421222,keyboard,Desktop,Homepage,True,"['Logitech MX Keys', 'Razer BlackWidow', 'Corsair K95']",0.82,True,Razer BlackWidow,False
4359,2898,928849,2025-01-27 12:44:08.421222,gaming chair,Tablet,Category Page,True,"['DXRacer', 'Secretlab Titan', 'Razer Iskur']",2.05,True,Secretlab Titan,False
4360,8401,153853,2025-01-29 02:32:10.421222,smartphone,Desktop,Homepage,True,"['iPhone 15', 'Samsung Galaxy S24', 'Google Pixel 8']",0.21,True,Google Pixel 8,False
4361,6908,557459,2025-02-04 01:12:45.421222,dresses,Desktop,Homepage,False,[],1.5,False,,False
4362,6626,509315,2025-02-03 06:28:13.421222,laptop,Mobile,Category Page,True,"['Dell XPS 13', 'MacBook Air', 'HP Spectre x360']",0.32,False,,False
4363,3260,691664,2025-02-02 20:45:58.421222,phone case,Tablet,Category Page,True,"['OtterBox Defender', 'Spigen Tough Armor', 'Apple Silicone Case']",2.54,False,,False
4364,6276,985986,2025-01-23 18:07:36.421222,wireless earbuds,Tablet,Product Page,True,"['AirPods Pro', 'Sony WF-1000XM4', 'Bose QuietComfort Earbuds']",0.77,True,Bose QuietComfort Earbuds,False
4365,7207,265060,2025-01-28 01:55:24.421222,wireless earbuds,Desktop,Category Page,True,"['AirPods Pro', 'Sony WF-1000XM4', 'Bose QuietComfort Earbuds']",1.35,True,Sony WF-1000XM4,False
4366,6109,627326,2025-01-26 05:14:49.421222,dresses,Tablet,Category Page,False,[],1.43,False,,False
4367,7954,848022,2025-01-15 12:51:17.421222,gaming chair,Desktop,Product Page,True,"['DXRacer', 'Secretlab Titan', 'Razer Iskur']",0.98,True,DXRacer,False
4368,1523,549679,2025-01-25 00:29:20.421222,shoes,Mobile,Homepage,False,[],2.79,False,,False
4369,1394,850790,2025-01-15 08:58:39.421222,water bottle,Desktop,Product Page,False,[],2.26,False,,False
4370,3374,230688,2025-01-22 02:59:14.421222,socks,Desktop,Category Page,False,[],3.47,False,,False
4371,7778,748273,2025-01-09 18:18:39.421222,headphones,Mobile,Category Page,True,"['Sony WH-1000XM5', 'Bose 700', 'Sennheiser Momentum 4']",1.96,False,,False
4372,6378,945864,2025-01-12 09:54:53.421222,smartphone,Mobile,Product Page,True,"['iPhone 15', 'Samsung Galaxy S24', 'Google Pixel 8']",0.8,True,Samsung Galaxy S24,False
4373,6364,839961,2025-01-21 08:35:43.421222,coffee mug,Tablet,Product Page,True,"['Ceramic Mug', 'Travel Mug', 'Insulated Mug']",0.27,True,Insulated Mug,False
4374,1572,708728,2025-01-11 07:41:49.421222,smartphone,Tablet,Product Page,True,"['iPhone 15', 'Samsung Galaxy S24', 'Google Pixel 8']",3.21,True,iPhone 15,False
4375,1166,274352,2025-01-17 23:14:28.421222,smartphone,Tablet,Homepage,True,"['iPhone 15', 'Samsung Galaxy S24', 'Google Pixel 8']",2.04,False,,False
4376,2503,599404,2025-01-26 18:20:49.421222,keyboard,Desktop,Category Page,True,"['Logitech MX Keys', 'Razer BlackWidow', 'Corsair K95']",0.86,True,Razer BlackWidow,False
4377,9887,558559,2025-01-28 16:43:08.421222,coffee mug,Desktop,Category Page,True,"['Ceramic Mug', 'Travel Mug', 'Insulated Mug']",2.97,True,Travel Mug,True
4378,2719,899206,2025-01-29 04:31:46.421222,keyboard,Mobile,Product Page,True,"['Logitech MX Keys', 'Razer BlackWidow', 'Corsair K95']",3.12,False,,False
4379,2448,111598,2025-01-30 13:21:39.421222,external hard drive,Mobile,Category Page,True,"['Seagate 2TB', 'WD My Passport', 'Samsung T7']",2.3,True,Seagate 2TB,True
4380,1599,561012,2025-01-31 04:26:54.421222,mouse,Tablet,Product Page,True,"['Logitech MX Master 3', 'Razer DeathAdder', 'SteelSeries Rival 5']",2.42,True,SteelSeries Rival 5,False
4381,7454,410353,2025-01-05 14:28:13.421222,laptop,Tablet,Category Page,True,"['Dell XPS 13', 'MacBook Air', 'HP Spectre x360']",1.47,False,,False
4382,7092,739633,2025-01-18 00:25:44.421222,gaming chair,Desktop,Category Page,True,"['DXRacer', 'Secretlab Titan', 'Razer Iskur']",2.38,False,,False
4383,9601,390346,2025-01-19 11:06:51.421222,keyboard,Tablet,Product Page,True,"['Logitech MX Keys', 'Razer BlackWidow', 'Corsair K95']",2.1,False,,False
4384,3240,868173,2025-01-09 00:29:34.421222,wireless earbuds,Mobile,Product Page,True,"['AirPods Pro', 'Sony WF-1000XM4', 'Bose QuietComfort Earbuds']",0.68,True,AirPods Pro,False
4385,9485,612503,2025-01-24 09:31:13.421222,laptop,Desktop,Product Page,True,"['Dell XPS 13', 'MacBook Air', 'HP Spectre x360']",2.5,True,HP Spectre x360,False
4386,2907,698978,2025-01-18 05:55:05.421222,mouse,Desktop,Product Page,True,"['Logitech MX Master 3', 'Razer DeathAdder', 'SteelSeries Rival 5']",2.73,True,Logitech MX Master 3,False
4387,9611,211818,2025-01-09 16:00:35.421222,wireless earbuds,Mobile,Category Page,True,"['AirPods Pro', 'Sony WF-1000XM4', 'Bose QuietComfort Earbuds']",0.88,True,Bose QuietComfort Earbuds,False
4388,2430,90395,2025-01-13 12:59:21.421222,phone case,Mobile,Product Page,True,"['OtterBox Defender', 'Spigen Tough Armor', 'Apple Silicone Case']",1.11,False,,False
4389,6027,783305,2025-01-09 12:42:44.421222,wireless earbuds,Tablet,Product Page,True,"['AirPods Pro', 'Sony WF-1000XM4', 'Bose QuietComfort Earbuds']",2.71,False,,False
4390,5867,185023,2025-01-07 00:37:21.421222,socks,Desktop,Category Page,False,[],2.63,False,,False
4391,5090,324721,2025-01-18 09:57:59.421222,phone case,Desktop,Product Page,True,"['OtterBox Defender', 'Spigen Tough Armor', 'Apple Silicone Case']",1.16,True,Apple Silicone Case,False
4392,4620,850982,2025-01-26 17:55:24.421222,socks,Mobile,Homepage,False,[],1.65,False,,False
4393,1404,164482,2025-01-29 06:38:17.421222,external hard drive,Desktop,Homepage,True,"['Seagate 2TB', 'WD My Passport', 'Samsung T7']",1.72,True,Seagate 2TB,False
4394,4135,763144,2025-01-22 15:43:33.421222,mouse,Desktop,Product Page,True,"['Logitech MX Master 3', 'Razer DeathAdder', 'SteelSeries Rival 5']",1.92,True,Logitech MX Master 3,False
4395,9918,982469,2025-01-10 16:59:22.421222,mouse,Desktop,Homepage,True,"['Logitech MX Master 3', 'Razer DeathAdder', 'SteelSeries Rival 5']",3.29,True,Logitech MX Master 3,False
4396,9555,107208,2025-01-07 04:58:10.421222,headphones,Desktop,Category Page,True,"['Sony WH-1000XM5', 'Bose 700', 'Sennheiser Momentum 4']",1.89,True,Sennheiser Momentum 4,False
4397,3764,900607,2025-01-30 21:25:58.421222,dresses,Tablet,Product Page,False,[],1.05,False,,False
4398,7229,204826,2025-01-13 15:12:05.421222,external hard drive,Desktop,Homepage,True,"['Seagate 2TB', 'WD My Passport', 'Samsung T7']",1.16,False,,False
4399,6145,346401,2025-01-14 11:59:46.421222,socks,Desktop,Product Page,False,[],1.74,False,,False
4400,9065,229222,2025-01-31 06:25:12.421222,water bottle,Desktop,Category Page,False,[],2.95,False,,False
4401,9600,403793,2025-01-24 07:15:51.421222,gaming chair,Desktop,Product Page,True,"['DXRacer', 'Secretlab Titan', 'Razer Iskur']",1.42,True,DXRacer,False
4402,6555,981633,2025-01-06 14:12:44.421222,laptop,Mobile,Category Page,True,"['Dell XPS 13', 'MacBook Air', 'HP Spectre x360']",0.53,True,MacBook Air,False
4403,4348,189786,2025-01-07 10:58:15.421222,phone case,Desktop,Homepage,True,"['OtterBox Defender', 'Spigen Tough Armor', 'Apple Silicone Case']",0.85,True,OtterBox Defender,False
4404,8287,662697,2025-01-21 21:16:24.421222,phone case,Tablet,Product Page,True,"['OtterBox Defender', 'Spigen Tough Armor', 'Apple Silicone Case']",1.3,True,Apple Silicone Case,False
4405,3195,163451,2025-01-08 09:29:20.421222,dresses,Tablet,Homepage,False,[],1.88,False,,False
4406,4529,546173,2025-02-04 08:54:44.421222,gaming chair,Mobile,Category Page,True,"['DXRacer', 'Secretlab Titan', 'Razer Iskur']",2.29,False,,False
4407,6575,687358,2025-02-01 17:40:22.421222,gaming chair,Tablet,Product Page,True,"['DXRacer', 'Secretlab Titan', 'Razer Iskur']",1.54,True,Secretlab Titan,True
4408,3081,513111,2025-02-01 01:00:18.421222,coffee mug,Desktop,Homepage,True,"['Ceramic Mug', 'Travel Mug', 'Insulated Mug']",2.05,True,Travel Mug,False
4409,1604,493100,2025-01-28 21:46:36.421222,keyboard,Tablet,Homepage,True,"['Logitech MX Keys', 'Razer BlackWidow', 'Corsair K95']",2.45,True,Logitech MX Keys,False
4410,6598,606502,2025-01-18 22:08:15.421222,coffee mug,Desktop,Category Page,True,"['Ceramic Mug', 'Travel Mug', 'Insulated Mug']",1.28,True,Ceramic Mug,False
4411,5693,76854,2025-02-01 12:12:56.421222,gaming chair,Mobile,Product Page,True,"['DXRacer', 'Secretlab Titan', 'Razer Iskur']",0.54,True,Secretlab Titan,False
4412,9296,104659,2025-01-29 04:59:04.421222,coffee mug,Desktop,Category Page,True,"['Ceramic Mug', 'Travel Mug', 'Insulated Mug']",3.03,False,,False
4413,9241,770801,2025-01-11 00:25:59.421222,shoes,Mobile,Homepage,False,[],2.59,False,,False
4414,5565,919406,2025-01-29 15:11:42.421222,wireless earbuds,Desktop,Product Page,True,"['AirPods Pro', 'Sony WF-1000XM4', 'Bose QuietComfort Earbuds']",1.87,True,Bose QuietComfort Earbuds,False
4415,8109,837460,2025-01-08 23:50:31.421222,socks,Desktop,Category Page,False,[],1.8,False,,False
4416,9017,758949,2025-01-21 11:53:01.421222,gaming chair,Desktop,Product Page,True,"['DXRacer', 'Secretlab Titan', 'Razer Iskur']",0.49,True,DXRacer,False
4417,3768,750858,2025-01-20 14:40:16.421222,socks,Mobile,Category Page,False,[],0.51,False,,False
4418,1054,811169,2025-01-20 10:05:24.421222,gaming chair,Mobile,Homepage,True,"['DXRacer', 'Secretlab Titan', 'Razer Iskur']",2.14,False,,False
4419,4338,719812,2025-01-23 02:40:02.421222,socks,Mobile,Product Page,False,[],2.59,False,,False
4420,2277,431685,2025-01-22 02:54:21.421222,socks,Tablet,Category Page,False,[],1.49,False,,False
4421,8120,993684,2025-01-28 20:45:14.421222,socks,Desktop,Category Page,False,[],2.0,False,,False
4422,5304,275469,2025-01-10 23:20:09.421222,dresses,Tablet,Category Page,False,[],2.91,False,,False
4423,2483,70436,2025-01-18 15:47:17.421222,headphones,Tablet,Product Page,True,"['Sony WH-1000XM5', 'Bose 700', 'Sennheiser Momentum 4']",3.27,True,Sennheiser Momentum 4,False
4424,8863,139026,2025-01-17 09:37:04.421222,laptop,Mobile,Category Page,True,"['Dell XPS 13', 'MacBook Air', 'HP Spectre x360']",3.37,True,MacBook Air,False
4425,8877,738889,2025-01-27 21:57:46.421222,keyboard,Desktop,Category Page,True,"['Logitech MX Keys', 'Razer BlackWidow', 'Corsair K95']",0.81,True,Logitech MX Keys,True
4426,6426,520366,2025-01-16 20:36:59.421222,dresses,Desktop,Homepage,False,[],2.21,False,,False
4427,5062,605489,2025-01-26 03:34:07.421222,smartphone,Desktop,Category Page,True,"['iPhone 15', 'Samsung Galaxy S24', 'Google Pixel 8']",2.24,False,,False
4428,8017,364385,2025-01-20 18:14:47.421222,wireless earbuds,Mobile,Product Page,True,"['AirPods Pro', 'Sony WF-1000XM4', 'Bose QuietComfort Earbuds']",2.68,True,AirPods Pro,False
4429,5512,148108,2025-02-02 18:37:05.421222,laptop,Desktop,Category Page,True,"['Dell XPS 13', 'MacBook Air', 'HP Spectre x360']",2.25,False,,False
4430,3751,490162,2025-01-06 06:33:44.421222,external hard drive,Tablet,Category Page,True,"['Seagate 2TB', 'WD My Passport', 'Samsung T7']",3.36,True,Seagate 2TB,False
4431,3345,576778,2025-01-08 06:53:00.421222,shoes,Desktop,Category Page,False,[],3.27,False,,False
4432,7770,832614,2025-01-08 13:27:05.421222,socks,Desktop,Product Page,False,[],1.15,False,,False
4433,7865,127759,2025-01-31 09:51:54.421222,external hard drive,Desktop,Product Page,True,"['Seagate 2TB', 'WD My Passport', 'Samsung T7']",2.52,True,WD My Passport,False
4434,9471,263875,2025-01-08 00:48:20.421222,gaming chair,Desktop,Homepage,True,"['DXRacer', 'Secretlab Titan', 'Razer Iskur']",2.21,True,Secretlab Titan,False
4435,1620,85327,2025-01-24 06:33:25.421222,gaming chair,Desktop,Product Page,True,"['DXRacer', 'Secretlab Titan', 'Razer Iskur']",0.85,False,,False
4436,1901,729756,2025-01-20 16:16:15.421222,keyboard,Tablet,Category Page,True,"['Logitech MX Keys', 'Razer BlackWidow', 'Corsair K95']",2.27,True,Razer BlackWidow,False
4437,6081,345213,2025-01-25 03:56:41.421222,gaming chair,Tablet,Homepage,True,"['DXRacer', 'Secretlab Titan', 'Razer Iskur']",0.34,True,Razer Iskur,False
4438,7232,335762,2025-01-21 18:28:45.421222,coffee mug,Tablet,Homepage,True,"['Ceramic Mug', 'Travel Mug', 'Insulated Mug']",1.91,True,Ceramic Mug,True
4439,6918,681012,2025-01-06 04:15:47.421222,smartphone,Mobile,Product Page,True,"['iPhone 15', 'Samsung Galaxy S24', 'Google Pixel 8']",1.75,False,,False
4440,7453,839355,2025-01-27 13:09:39.421222,water bottle,Desktop,Product Page,False,[],3.36,False,,False
4441,6855,962305,2025-01-21 21:17:19.421222,shoes,Tablet,Homepage,False,[],2.19,False,,False
4442,4910,216780,2025-01-25 02:06:46.421222,external hard drive,Desktop,Homepage,True,"['Seagate 2TB', 'WD My Passport', 'Samsung T7']",2.81,True,Seagate 2TB,False
4443,7644,105325,2025-01-13 19:08:10.421222,shoes,Tablet,Product Page,False,[],3.01,False,,False
4444,4269,77851,2025-01-18 19:40:53.421222,keyboard,Tablet,Homepage,True,"['Logitech MX Keys', 'Razer BlackWidow', 'Corsair K95']",0.92,True,Logitech MX Keys,True
4445,9921,746863,2025-01-11 09:37:12.421222,wireless earbuds,Tablet,Product Page,True,"['AirPods Pro', 'Sony WF-1000XM4', 'Bose QuietComfort Earbuds']",0.92,True,Bose QuietComfort Earbuds,True
4446,9127,962148,2025-01-28 15:21:28.421222,gaming chair,Desktop,Homepage,True,"['DXRacer', 'Secretlab Titan', 'Razer Iskur']",2.1,True,Razer Iskur,False
4447,3125,170321,2025-01-12 03:32:57.421222,external hard drive,Tablet,Category Page,True,"['Seagate 2TB', 'WD My Passport', 'Samsung T7']",0.68,False,,False
4448,7913,504319,2025-01-06 04:45:24.421222,water bottle,Desktop,Product Page,False,[],2.7,False,,False
4449,1375,552449,2025-01-11 19:53:58.421222,wireless earbuds,Desktop,Product Page,True,"['AirPods Pro', 'Sony WF-1000XM4', 'Bose QuietComfort Earbuds']",2.45,False,,False
4450,5206,122973,2025-01-14 15:38:23.421222,shoes,Tablet,Product Page,False,[],2.07,False,,False
4451,8754,708422,2025-02-02 19:18:24.421222,shoes,Tablet,Category Page,False,[],0.7,False,,False
4452,6254,222554,2025-02-03 19:08:13.421222,headphones,Desktop,Product Page,True,"['Sony WH-1000XM5', 'Bose 700', 'Sennheiser Momentum 4']",1.32,False,,False
4453,5924,607755,2025-01-09 04:11:13.421222,coffee mug,Desktop,Product Page,True,"['Ceramic Mug', 'Travel Mug', 'Insulated Mug']",0.64,True,Insulated Mug,False
4454,2370,478294,2025-01-09 07:59:53.421222,water bottle,Mobile,Homepage,False,[],2.02,False,,False
4455,2480,613294,2025-01-06 06:33:17.421222,shoes,Mobile,Product Page,False,[],3.09,False,,False
4456,8273,353190,2025-01-18 19:39:38.421222,phone case,Desktop,Category Page,True,"['OtterBox Defender', 'Spigen Tough Armor', 'Apple Silicone Case']",2.32,False,,False
4457,6630,89340,2025-01-31 06:55:43.421222,mouse,Mobile,Product Page,True,"['Logitech MX Master 3', 'Razer DeathAdder', 'SteelSeries Rival 5']",2.01,True,Logitech MX Master 3,False
4458,1588,968893,2025-02-02 21:03:06.421222,smartphone,Desktop,Category Page,True,"['iPhone 15', 'Samsung Galaxy S24', 'Google Pixel 8']",2.79,True,iPhone 15,True
4459,7266,440325,2025-01-27 21:46:06.421222,gaming chair,Desktop,Product Page,True,"['DXRacer', 'Secretlab Titan', 'Razer Iskur']",0.26,True,Razer Iskur,False
4460,8374,695407,2025-01-06 00:55:56.421222,wireless earbuds,Tablet,Product Page,True,"['AirPods Pro', 'Sony WF-1000XM4', 'Bose QuietComfort Earbuds']",2.83,False,,False
4461,3292,201972,2025-01-31 15:45:13.421222,external hard drive,Tablet,Homepage,True,"['Seagate 2TB', 'WD My Passport', 'Samsung T7']",2.09,False,,False
4462,9675,850916,2025-01-07 12:45:54.421222,wireless earbuds,Tablet,Category Page,True,"['AirPods Pro', 'Sony WF-1000XM4', 'Bose QuietComfort Earbuds']",3.27,True,Bose QuietComfort Earbuds,False
4463,4047,303517,2025-01-05 20:24:17.421222,mouse,Mobile,Homepage,True,"['Logitech MX Master 3', 'Razer DeathAdder', 'SteelSeries Rival 5']",2.23,True,Razer DeathAdder,True
4464,5251,544799,2025-01-31 20:18:55.421222,socks,Mobile,Product Page,False,[],1.34,False,,False
4465,1571,665711,2025-01-12 07:11:17.421222,socks,Tablet,Category Page,False,[],2.93,False,,False
4466,6510,361263,2025-01-08 10:24:58.421222,gaming chair,Desktop,Product Page,True,"['DXRacer', 'Secretlab Titan', 'Razer Iskur']",1.08,True,DXRacer,False
4467,6210,348495,2025-01-14 10:38:26.421222,phone case,Desktop,Homepage,True,"['OtterBox Defender', 'Spigen Tough Armor', 'Apple Silicone Case']",2.25,False,,False
4468,6763,600645,2025-01-27 03:09:35.421222,laptop,Mobile,Category Page,True,"['Dell XPS 13', 'MacBook Air', 'HP Spectre x360']",0.59,False,,False
4469,7912,86221,2025-01-15 14:10:58.421222,water bottle,Mobile,Product Page,False,[],0.54,False,,False
4470,2360,714460,2025-01-31 08:32:47.421222,shoes,Tablet,Homepage,False,[],1.69,False,,False
4471,4944,368009,2025-01-24 11:14:11.421222,wireless earbuds,Mobile,Product Page,True,"['AirPods Pro', 'Sony WF-1000XM4', 'Bose QuietComfort Earbuds']",0.71,True,Bose QuietComfort Earbuds,False
4472,9244,894005,2025-01-29 14:49:41.421222,headphones,Mobile,Category Page,True,"['Sony WH-1000XM5', 'Bose 700', 'Sennheiser Momentum 4']",2.16,True,Sennheiser Momentum 4,False
4473,8909,147646,2025-01-31 09:03:46.421222,shoes,Desktop,Product Page,False,[],2.11,False,,False
4474,2228,976189,2025-01-17 04:36:53.421222,external hard drive,Tablet,Category Page,True,"['Seagate 2TB', 'WD My Passport', 'Samsung T7']",1.76,True,WD My Passport,False
4475,9952,263268,2025-02-03 07:02:34.421222,gaming chair,Desktop,Product Page,True,"['DXRacer', 'Secretlab Titan', 'Razer Iskur']",2.96,True,Razer Iskur,False
4476,8871,856407,2025-01-05 13:13:32.421222,wireless earbuds,Tablet,Product Page,True,"['AirPods Pro', 'Sony WF-1000XM4', 'Bose QuietComfort Earbuds']",2.2,True,Bose QuietComfort Earbuds,False
4477,4542,63310,2025-01-30 06:55:47.421222,gaming chair,Tablet,Homepage,True,"['DXRacer', 'Secretlab Titan', 'Razer Iskur']",1.83,True,Secretlab Titan,False
4478,7808,981161,2025-01-10 00:12:54.421222,headphones,Tablet,Homepage,True,"['Sony WH-1000XM5', 'Bose 700', 'Sennheiser Momentum 4']",0.3,False,,False
4479,6967,141671,2025-02-02 22:31:06.421222,wireless earbuds,Desktop,Product Page,True,"['AirPods Pro', 'Sony WF-1000XM4', 'Bose QuietComfort Earbuds']",3.09,True,AirPods Pro,False
4480,9754,833650,2025-01-19 01:39:19.421222,phone case,Tablet,Category Page,True,"['OtterBox Defender', 'Spigen Tough Armor', 'Apple Silicone Case']",1.75,True,OtterBox Defender,True
4481,4375,636343,2025-01-15 13:44:16.421222,mouse,Tablet,Product Page,True,"['Logitech MX Master 3', 'Razer DeathAdder', 'SteelSeries Rival 5']",0.83,True,Razer DeathAdder,True
4482,5918,463344,2025-01-10 00:23:41.421222,laptop,Mobile,Product Page,True,"['Dell XPS 13', 'MacBook Air', 'HP Spectre x360']",1.6,True,HP Spectre x360,False
4483,8502,70192,2025-01-25 22:33:30.421222,coffee mug,Desktop,Homepage,True,"['Ceramic Mug', 'Travel Mug', 'Insulated Mug']",1.21,True,Ceramic Mug,False
4484,7102,952657,2025-01-12 14:54:16.421222,phone case,Tablet,Category Page,True,"['OtterBox Defender', 'Spigen Tough Armor', 'Apple Silicone Case']",2.79,True,Apple Silicone Case,False
4485,6921,53536,2025-01-10 18:43:53.421222,mouse,Tablet,Category Page,True,"['Logitech MX Master 3', 'Razer DeathAdder', 'SteelSeries Rival 5']",2.55,True,Logitech MX Master 3,False
4486,5572,643126,2025-01-30 13:59:11.421222,shoes,Desktop,Homepage,False,[],2.32,False,,False
4487,9801,595743,2025-01-26 13:30:40.421222,dresses,Desktop,Category Page,False,[],1.07,False,,False
4488,1007,333624,2025-01-28 22:15:36.421222,wireless earbuds,Mobile,Product Page,True,"['AirPods Pro', 'Sony WF-1000XM4', 'Bose QuietComfort Earbuds']",0.52,False,,False
4489,9842,709109,2025-01-28 13:44:50.421222,coffee mug,Mobile,Category Page,True,"['Ceramic Mug', 'Travel Mug', 'Insulated Mug']",1.45,True,Insulated Mug,False
4490,9987,931498,2025-01-16 03:20:57.421222,headphones,Tablet,Product Page,True,"['Sony WH-1000XM5', 'Bose 700', 'Sennheiser Momentum 4']",3.29,False,,False
4491,6355,411891,2025-01-07 04:17:27.421222,mouse,Tablet,Product Page,True,"['Logitech MX Master 3', 'Razer DeathAdder', 'SteelSeries Rival 5']",1.67,True,Razer DeathAdder,False
4492,3679,854431,2025-02-02 08:46:26.421222,smartphone,Desktop,Homepage,True,"['iPhone 15', 'Samsung Galaxy S24', 'Google Pixel 8']",0.51,True,Samsung Galaxy S24,True
4493,2988,807928,2025-01-31 10:26:50.421222,headphones,Desktop,Product Page,True,"['Sony WH-1000XM5', 'Bose 700', 'Sennheiser Momentum 4']",2.49,True,Sennheiser Momentum 4,False
4494,1738,798934,2025-01-07 18:17:13.421222,wireless earbuds,Mobile,Homepage,True,"['AirPods Pro', 'Sony WF-1000XM4', 'Bose QuietComfort Earbuds']",0.85,True,AirPods Pro,False
4495,9769,562610,2025-01-18 18:25:13.421222,keyboard,Tablet,Category Page,True,"['Logitech MX Keys', 'Razer BlackWidow', 'Corsair K95']",3.5,True,Corsair K95,False
4496,8576,359940,2025-01-27 18:34:41.421222,mouse,Mobile,Category Page,True,"['Logitech MX Master 3', 'Razer DeathAdder', 'SteelSeries Rival 5']",1.06,False,,False
4497,7960,586838,2025-01-09 21:54:05.421222,wireless earbuds,Tablet,Category Page,True,"['AirPods Pro', 'Sony WF-1000XM4', 'Bose QuietComfort Earbuds']",2.55,False,,False
4498,4542,480304,2025-01-15 16:57:54.421222,coffee mug,Desktop,Product Page,True,"['Ceramic Mug', 'Travel Mug', 'Insulated Mug']",1.79,True,Travel Mug,False
4499,9991,953654,2025-01-10 10:31:40.421222,wireless earbuds,Desktop,Category Page,True,"['AirPods Pro', 'Sony WF-1000XM4', 'Bose QuietComfort Earbuds']",1.0,True,Bose QuietComfort Earbuds,True
4500,3246,519607,2025-01-13 07:29:11.421222,water bottle,Tablet,Product Page,False,[],3.34,False,,False
4501,8580,890944,2025-01-23 05:23:43.421222,socks,Desktop,Category Page,False,[],0.99,False,,False
4502,3147,416968,2025-01-16 15:56:34.421222,headphones,Desktop,Category Page,True,"['Sony WH-1000XM5', 'Bose 700', 'Sennheiser Momentum 4']",1.04,True,Bose 700,False
4503,7420,924834,2025-01-21 03:51:00.421222,smartphone,Mobile,Category Page,True,"['iPhone 15', 'Samsung Galaxy S24', 'Google Pixel 8']",2.42,True,iPhone 15,False
4504,7901,551715,2025-01-15 19:39:31.421222,dresses,Desktop,Homepage,False,[],2.63,False,,False
4505,4626,525785,2025-01-20 22:18:49.421222,wireless earbuds,Mobile,Category Page,True,"['AirPods Pro', 'Sony WF-1000XM4', 'Bose QuietComfort Earbuds']",1.44,True,Bose QuietComfort Earbuds,False
4506,3564,344511,2025-01-10 18:58:03.421222,socks,Tablet,Product Page,False,[],0.24,False,,False
4507,3364,881278,2025-01-07 22:59:38.421222,water bottle,Desktop,Homepage,False,[],2.33,False,,False
4508,1750,741103,2025-01-22 10:08:41.421222,wireless earbuds,Desktop,Product Page,True,"['AirPods Pro', 'Sony WF-1000XM4', 'Bose QuietComfort Earbuds']",0.41,True,Sony WF-1000XM4,False
4509,7208,388109,2025-01-07 06:47:04.421222,coffee mug,Mobile,Category Page,True,"['Ceramic Mug', 'Travel Mug', 'Insulated Mug']",0.22,True,Ceramic Mug,False
4510,9989,490192,2025-01-24 20:57:37.421222,gaming chair,Desktop,Category Page,True,"['DXRacer', 'Secretlab Titan', 'Razer Iskur']",2.46,False,,False
4511,9774,441064,2025-01-11 19:25:40.421222,coffee mug,Desktop,Category Page,True,"['Ceramic Mug', 'Travel Mug', 'Insulated Mug']",3.12,False,,False
4512,5034,352174,2025-01-26 09:09:02.421222,headphones,Tablet,Product Page,True,"['Sony WH-1000XM5', 'Bose 700', 'Sennheiser Momentum 4']",2.12,True,Sony WH-1000XM5,False
4513,9979,58706,2025-01-28 15:37:49.421222,keyboard,Desktop,Product Page,True,"['Logitech MX Keys', 'Razer BlackWidow', 'Corsair K95']",2.5,True,Razer BlackWidow,False
4514,9781,91918,2025-01-27 12:36:26.421222,phone case,Mobile,Product Page,True,"['OtterBox Defender', 'Spigen Tough Armor', 'Apple Silicone Case']",2.4,True,Apple Silicone Case,False
4515,5500,166950,2025-01-19 23:56:13.421222,socks,Desktop,Homepage,False,[],0.24,False,,False
4516,7367,721871,2025-01-31 22:54:13.421222,coffee mug,Tablet,Product Page,True,"['Ceramic Mug', 'Travel Mug', 'Insulated Mug']",0.64,True,Insulated Mug,False
4517,4081,801372,2025-02-02 18:31:24.421222,external hard drive,Mobile,Homepage,True,"['Seagate 2TB', 'WD My Passport', 'Samsung T7']",3.3,True,Seagate 2TB,False
4518,7020,978401,2025-01-20 14:59:06.421222,gaming chair,Mobile,Homepage,True,"['DXRacer', 'Secretlab Titan', 'Razer Iskur']",2.88,True,Secretlab Titan,False
4519,1408,742568,2025-01-09 01:15:56.421222,water bottle,Desktop,Category Page,False,[],1.82,False,,False
4520,1651,611127,2025-01-17 23:53:07.421222,smartphone,Tablet,Category Page,True,"['iPhone 15', 'Samsung Galaxy S24', 'Google Pixel 8']",1.69,True,iPhone 15,False
4521,2673,807329,2025-01-26 20:05:53.421222,socks,Mobile,Homepage,False,[],0.61,False,,False
4522,6583,685168,2025-01-27 17:16:43.421222,laptop,Tablet,Homepage,True,"['Dell XPS 13', 'MacBook Air', 'HP Spectre x360']",1.71,True,HP Spectre x360,False
4523,7644,580745,2025-02-02 16:05:35.421222,shoes,Mobile,Category Page,False,[],2.6,False,,False
4524,2717,73389,2025-01-19 05:11:02.421222,wireless earbuds,Mobile,Category Page,True,"['AirPods Pro', 'Sony WF-1000XM4', 'Bose QuietComfort Earbuds']",2.52,True,Sony WF-1000XM4,False
4525,8023,357100,2025-01-22 09:14:40.421222,laptop,Desktop,Product Page,True,"['Dell XPS 13', 'MacBook Air', 'HP Spectre x360']",1.3,False,,False
4526,7684,600568,2025-01-24 09:30:16.421222,shoes,Desktop,Homepage,False,[],1.61,False,,False
4527,1515,402974,2025-01-14 18:22:17.421222,mouse,Mobile,Product Page,True,"['Logitech MX Master 3', 'Razer DeathAdder', 'SteelSeries Rival 5']",2.85,False,,False
4528,9221,194779,2025-01-18 03:15:53.421222,dresses,Desktop,Product Page,False,[],2.74,False,,False
4529,1652,201379,2025-01-23 09:30:47.421222,phone case,Desktop,Category Page,True,"['OtterBox Defender', 'Spigen Tough Armor', 'Apple Silicone Case']",1.73,True,OtterBox Defender,False
4530,5707,522153,2025-01-11 01:22:52.421222,socks,Mobile,Category Page,False,[],3.09,False,,False
4531,1074,867603,2025-01-12 22:37:14.421222,water bottle,Tablet,Product Page,False,[],3.14,False,,False
4532,1472,883053,2025-01-16 12:50:03.421222,laptop,Desktop,Category Page,True,"['Dell XPS 13', 'MacBook Air', 'HP Spectre x360']",3.43,True,Dell XPS 13,False
4533,2796,935408,2025-01-27 04:01:33.421222,coffee mug,Tablet,Homepage,True,"['Ceramic Mug', 'Travel Mug', 'Insulated Mug']",3.04,False,,False
4534,8067,443817,2025-01-19 05:33:09.421222,smartphone,Desktop,Homepage,True,"['iPhone 15', 'Samsung Galaxy S24', 'Google Pixel 8']",1.92,False,,False
4535,3402,719044,2025-01-24 22:11:58.421222,mouse,Desktop,Homepage,True,"['Logitech MX Master 3', 'Razer DeathAdder', 'SteelSeries Rival 5']",2.82,True,Razer DeathAdder,False
4536,9309,689063,2025-01-13 13:33:16.421222,external hard drive,Desktop,Product Page,True,"['Seagate 2TB', 'WD My Passport', 'Samsung T7']",3.05,True,Samsung T7,True
4537,4589,149798,2025-01-29 17:46:19.421222,headphones,Mobile,Homepage,True,"['Sony WH-1000XM5', 'Bose 700', 'Sennheiser Momentum 4']",3.21,True,Sony WH-1000XM5,True
4538,7295,338940,2025-01-17 13:52:33.421222,headphones,Tablet,Category Page,True,"['Sony WH-1000XM5', 'Bose 700', 'Sennheiser Momentum 4']",0.63,False,,False
4539,3212,814794,2025-01-22 02:50:33.421222,mouse,Mobile,Product Page,True,"['Logitech MX Master 3', 'Razer DeathAdder', 'SteelSeries Rival 5']",2.1,True,SteelSeries Rival 5,True
4540,4989,476546,2025-01-13 21:56:59.421222,dresses,Desktop,Homepage,False,[],2.17,False,,False
4541,6556,379059,2025-01-26 00:32:19.421222,coffee mug,Desktop,Homepage,True,"['Ceramic Mug', 'Travel Mug', 'Insulated Mug']",1.1,True,Travel Mug,True
4542,1957,229576,2025-01-21 02:20:42.421222,external hard drive,Mobile,Product Page,True,"['Seagate 2TB', 'WD My Passport', 'Samsung T7']",2.69,True,Seagate 2TB,False
4543,1277,409029,2025-01-13 01:46:26.421222,phone case,Tablet,Product Page,True,"['OtterBox Defender', 'Spigen Tough Armor', 'Apple Silicone Case']",1.7,False,,False
4544,3421,133902,2025-01-10 21:07:24.421222,wireless earbuds,Mobile,Product Page,True,"['AirPods Pro', 'Sony WF-1000XM4', 'Bose QuietComfort Earbuds']",2.6,True,AirPods Pro,True
4545,3488,487657,2025-01-26 17:34:47.421222,laptop,Mobile,Product Page,True,"['Dell XPS 13', 'MacBook Air', 'HP Spectre x360']",0.88,False,,False
4546,6028,163845,2025-01-15 03:37:33.421222,wireless earbuds,Tablet,Product Page,True,"['AirPods Pro', 'Sony WF-1000XM4', 'Bose QuietComfort Earbuds']",1.16,True,Bose QuietComfort Earbuds,False
4547,4248,989445,2025-01-23 03:43:18.421222,water bottle,Desktop,Homepage,False,[],2.24,False,,False
4548,4617,917662,2025-01-09 10:42:00.421222,shoes,Desktop,Product Page,False,[],1.36,False,,False
4549,8253,444562,2025-01-27 13:54:56.421222,dresses,Tablet,Product Page,False,[],1.46,False,,False
4550,8025,482778,2025-01-14 01:25:39.421222,socks,Mobile,Product Page,False,[],1.81,False,,False
4551,5785,920509,2025-01-26 20:27:38.421222,laptop,Tablet,Category Page,True,"['Dell XPS 13', 'MacBook Air', 'HP Spectre x360']",0.64,True,HP Spectre x360,True
4552,2465,529377,2025-02-04 05:37:44.421222,keyboard,Desktop,Homepage,True,"['Logitech MX Keys', 'Razer BlackWidow', 'Corsair K95']",2.72,True,Logitech MX Keys,False
4553,1882,95168,2025-01-13 01:04:54.421222,water bottle,Mobile,Category Page,False,[],2.25,False,,False
4554,6002,688181,2025-01-10 22:16:18.421222,phone case,Mobile,Homepage,True,"['OtterBox Defender', 'Spigen Tough Armor', 'Apple Silicone Case']",2.94,True,Apple Silicone Case,False
4555,3428,146164,2025-01-05 13:33:27.421222,coffee mug,Desktop,Homepage,True,"['Ceramic Mug', 'Travel Mug', 'Insulated Mug']",1.91,True,Ceramic Mug,False
4556,3421,543921,2025-01-18 23:17:04.421222,keyboard,Tablet,Homepage,True,"['Logitech MX Keys', 'Razer BlackWidow', 'Corsair K95']",2.69,True,Razer BlackWidow,False
4557,7022,909215,2025-01-31 01:31:19.421222,shoes,Tablet,Product Page,False,[],2.51,False,,False
4558,3437,315383,2025-01-15 19:48:40.421222,smartphone,Tablet,Category Page,True,"['iPhone 15', 'Samsung Galaxy S24', 'Google Pixel 8']",3.22,True,iPhone 15,False
4559,7684,570916,2025-01-11 16:43:24.421222,wireless earbuds,Tablet,Category Page,True,"['AirPods Pro', 'Sony WF-1000XM4', 'Bose QuietComfort Earbuds']",0.88,True,AirPods Pro,False
4560,3171,451306,2025-01-28 22:38:40.421222,gaming chair,Tablet,Category Page,True,"['DXRacer', 'Secretlab Titan', 'Razer Iskur']",2.8,True,Secretlab Titan,False
4561,5192,103308,2025-01-27 01:13:21.421222,external hard drive,Tablet,Category Page,True,"['Seagate 2TB', 'WD My Passport', 'Samsung T7']",1.86,False,,False
4562,8571,451203,2025-02-02 03:20:03.421222,water bottle,Tablet,Product Page,False,[],2.71,False,,False
4563,3512,230035,2025-01-31 00:07:40.421222,mouse,Desktop,Category Page,True,"['Logitech MX Master 3', 'Razer DeathAdder', 'SteelSeries Rival 5']",2.02,False,,False
4564,2211,954839,2025-01-07 07:08:15.421222,smartphone,Desktop,Category Page,True,"['iPhone 15', 'Samsung Galaxy S24', 'Google Pixel 8']",0.55,True,iPhone 15,False
4565,3463,123449,2025-01-25 06:36:28.421222,water bottle,Tablet,Homepage,False,[],2.02,False,,False
4566,9994,590256,2025-01-22 00:52:50.421222,phone case,Desktop,Category Page,True,"['OtterBox Defender', 'Spigen Tough Armor', 'Apple Silicone Case']",0.75,True,Apple Silicone Case,False
4567,8667,923149,2025-01-21 04:25:18.421222,water bottle,Desktop,Product Page,False,[],3.21,False,,False
4568,7501,687113,2025-01-08 03:27:30.421222,mouse,Desktop,Homepage,True,"['Logitech MX Master 3', 'Razer DeathAdder', 'SteelSeries Rival 5']",2.88,True,Razer DeathAdder,False
4569,1432,814485,2025-02-04 03:19:49.421222,mouse,Mobile,Homepage,True,"['Logitech MX Master 3', 'Razer DeathAdder', 'SteelSeries Rival 5']",3.26,True,Logitech MX Master 3,True
4570,1666,400772,2025-01-18 02:06:51.421222,water bottle,Tablet,Homepage,False,[],2.25,False,,False
4571,1400,69819,2025-02-02 06:08:44.421222,shoes,Desktop,Homepage,False,[],1.9,False,,False
4572,9681,640873,2025-01-18 11:07:33.421222,laptop,Mobile,Category Page,True,"['Dell XPS 13', 'MacBook Air', 'HP Spectre x360']",1.35,True,HP Spectre x360,False
4573,9392,653924,2025-01-31 22:52:58.421222,wireless earbuds,Tablet,Category Page,True,"['AirPods Pro', 'Sony WF-1000XM4', 'Bose QuietComfort Earbuds']",3.08,False,,False
4574,8313,416501,2025-01-26 20:20:23.421222,gaming chair,Desktop,Category Page,True,"['DXRacer', 'Secretlab Titan', 'Razer Iskur']",0.72,True,DXRacer,False
4575,9094,386077,2025-01-22 22:42:01.421222,mouse,Tablet,Category Page,True,"['Logitech MX Master 3', 'Razer DeathAdder', 'SteelSeries Rival 5']",1.71,False,,False
4576,5999,347100,2025-01-15 18:36:26.421222,shoes,Tablet,Category Page,False,[],2.02,False,,False
4577,7947,512560,2025-01-10 06:37:34.421222,socks,Tablet,Homepage,False,[],2.03,False,,False
4578,3697,606054,2025-01-09 07:56:06.421222,shoes,Mobile,Homepage,False,[],2.49,False,,False
4579,7957,573469,2025-01-08 18:24:25.421222,external hard drive,Desktop,Homepage,True,"['Seagate 2TB', 'WD My Passport', 'Samsung T7']",2.52,False,,False
4580,9362,406375,2025-01-23 15:54:28.421222,gaming chair,Tablet,Homepage,True,"['DXRacer', 'Secretlab Titan', 'Razer Iskur']",0.65,True,DXRacer,False
4581,5003,543553,2025-01-16 04:53:16.421222,socks,Tablet,Homepage,False,[],2.34,False,,False
4582,4185,846271,2025-01-23 20:22:46.421222,phone case,Tablet,Homepage,True,"['OtterBox Defender', 'Spigen Tough Armor', 'Apple Silicone Case']",1.95,True,Spigen Tough Armor,False
4583,9953,271379,2025-01-07 23:56:46.421222,shoes,Tablet,Category Page,False,[],2.12,False,,False
4584,8457,130832,2025-01-13 16:53:04.421222,gaming chair,Tablet,Homepage,True,"['DXRacer', 'Secretlab Titan', 'Razer Iskur']",0.36,True,Razer Iskur,False
4585,4797,577235,2025-01-05 22:56:28.421222,keyboard,Mobile,Category Page,True,"['Logitech MX Keys', 'Razer BlackWidow', 'Corsair K95']",0.77,False,,False
4586,9802,559252,2025-01-21 18:26:46.421222,laptop,Tablet,Product Page,True,"['Dell XPS 13', 'MacBook Air', 'HP Spectre x360']",1.08,False,,False
4587,9548,752921,2025-01-11 04:17:20.421222,water bottle,Desktop,Product Page,False,[],3.37,False,,False
4588,8655,897848,2025-01-21 17:19:07.421222,coffee mug,Desktop,Category Page,True,"['Ceramic Mug', 'Travel Mug', 'Insulated Mug']",1.75,True,Insulated Mug,False
4589,1985,392942,2025-01-22 03:25:14.421222,phone case,Desktop,Category Page,True,"['OtterBox Defender', 'Spigen Tough Armor', 'Apple Silicone Case']",1.54,True,Spigen Tough Armor,False
4590,3629,386103,2025-01-10 04:41:02.421222,mouse,Desktop,Product Page,True,"['Logitech MX Master 3', 'Razer DeathAdder', 'SteelSeries Rival 5']",1.24,False,,False
4591,1365,99307,2025-01-30 22:37:34.421222,phone case,Desktop,Category Page,True,"['OtterBox Defender', 'Spigen Tough Armor', 'Apple Silicone Case']",2.66,True,OtterBox Defender,False
4592,7662,374445,2025-01-28 21:04:14.421222,keyboard,Desktop,Category Page,True,"['Logitech MX Keys', 'Razer BlackWidow', 'Corsair K95']",1.75,True,Razer BlackWidow,True
4593,2747,439250,2025-01-17 06:39:29.421222,dresses,Tablet,Product Page,False,[],1.92,False,,False
4594,4901,629259,2025-02-04 05:11:50.421222,coffee mug,Desktop,Product Page,True,"['Ceramic Mug', 'Travel Mug', 'Insulated Mug']",0.8,True,Insulated Mug,False
4595,9314,548974,2025-01-20 18:49:02.421222,phone case,Tablet,Category Page,True,"['OtterBox Defender', 'Spigen Tough Armor', 'Apple Silicone Case']",1.89,True,Apple Silicone Case,True
4596,3443,832667,2025-01-11 20:29:49.421222,phone case,Tablet,Homepage,True,"['OtterBox Defender', 'Spigen Tough Armor', 'Apple Silicone Case']",0.39,False,,False
4597,8269,861810,2025-02-02 06:41:38.421222,laptop,Mobile,Category Page,True,"['Dell XPS 13', 'MacBook Air', 'HP Spectre x360']",1.34,False,,False
4598,3129,858129,2025-01-25 23:54:50.421222,gaming chair,Tablet,Category Page,True,"['DXRacer', 'Secretlab Titan', 'Razer Iskur']",1.41,True,DXRacer,False
4599,1714,592924,2025-01-10 13:13:32.421222,external hard drive,Mobile,Homepage,True,"['Seagate 2TB', 'WD My Passport', 'Samsung T7']",1.0,True,Samsung T7,False
4600,2704,246492,2025-01-05 19:50:19.421222,mouse,Mobile,Homepage,True,"['Logitech MX Master 3', 'Razer DeathAdder', 'SteelSeries Rival 5']",1.19,True,SteelSeries Rival 5,True
4601,3236,912278,2025-01-21 10:06:00.421222,mouse,Tablet,Category Page,True,"['Logitech MX Master 3', 'Razer DeathAdder', 'SteelSeries Rival 5']",0.59,True,Logitech MX Master 3,False
4602,3121,364731,2025-01-08 06:06:05.421222,laptop,Mobile,Category Page,True,"['Dell XPS 13', 'MacBook Air', 'HP Spectre x360']",2.86,True,Dell XPS 13,False
4603,6842,55258,2025-01-12 18:37:11.421222,wireless earbuds,Desktop,Product Page,True,"['AirPods Pro', 'Sony WF-1000XM4', 'Bose QuietComfort Earbuds']",0.88,False,,False
4604,9891,718224,2025-01-09 07:50:41.421222,smartphone,Mobile,Category Page,True,"['iPhone 15', 'Samsung Galaxy S24', 'Google Pixel 8']",0.31,True,Samsung Galaxy S24,False
4605,8963,293943,2025-01-19 08:00:52.421222,coffee mug,Mobile,Category Page,True,"['Ceramic Mug', 'Travel Mug', 'Insulated Mug']",1.79,True,Travel Mug,False
4606,4841,465335,2025-01-20 18:09:36.421222,dresses,Tablet,Category Page,False,[],3.27,False,,False
4607,1003,368450,2025-01-28 11:56:19.421222,phone case,Tablet,Product Page,True,"['OtterBox Defender', 'Spigen Tough Armor', 'Apple Silicone Case']",1.36,False,,False
4608,8349,225921,2025-01-28 15:00:53.421222,dresses,Tablet,Category Page,False,[],0.53,False,,False
4609,4251,965108,2025-01-18 19:19:24.421222,keyboard,Tablet,Homepage,True,"['Logitech MX Keys', 'Razer BlackWidow', 'Corsair K95']",3.05,True,Logitech MX Keys,False
4610,7740,95002,2025-01-09 00:54:52.421222,socks,Mobile,Product Page,False,[],1.01,False,,False
4611,9834,482068,2025-01-14 21:12:04.421222,dresses,Tablet,Category Page,False,[],3.44,False,,False
4612,4863,317591,2025-02-04 00:46:07.421222,mouse,Desktop,Category Page,True,"['Logitech MX Master 3', 'Razer DeathAdder', 'SteelSeries Rival 5']",3.39,True,Logitech MX Master 3,False
4613,7402,815542,2025-01-20 14:17:48.421222,coffee mug,Mobile,Homepage,True,"['Ceramic Mug', 'Travel Mug', 'Insulated Mug']",2.35,True,Insulated Mug,False
4614,3773,518251,2025-01-09 08:07:10.421222,socks,Tablet,Homepage,False,[],1.4,False,,False
4615,2238,466782,2025-01-26 19:40:21.421222,mouse,Mobile,Homepage,True,"['Logitech MX Master 3', 'Razer DeathAdder', 'SteelSeries Rival 5']",2.53,True,Razer DeathAdder,False
4616,2488,798445,2025-01-14 05:57:38.421222,coffee mug,Desktop,Category Page,True,"['Ceramic Mug', 'Travel Mug', 'Insulated Mug']",0.48,True,Ceramic Mug,False
4617,1071,750842,2025-01-10 13:18:03.421222,keyboard,Desktop,Homepage,True,"['Logitech MX Keys', 'Razer BlackWidow', 'Corsair K95']",1.17,True,Corsair K95,False
4618,3956,83267,2025-01-28 10:25:22.421222,gaming chair,Desktop,Category Page,True,"['DXRacer', 'Secretlab Titan', 'Razer Iskur']",2.86,True,DXRacer,False
4619,2816,864916,2025-02-03 18:58:53.421222,water bottle,Tablet,Category Page,False,[],1.71,False,,False
4620,7742,496787,2025-01-21 13:21:45.421222,laptop,Mobile,Product Page,True,"['Dell XPS 13', 'MacBook Air', 'HP Spectre x360']",3.32,True,MacBook Air,False
4621,6763,315271,2025-01-14 14:46:46.421222,coffee mug,Tablet,Product Page,True,"['Ceramic Mug', 'Travel Mug', 'Insulated Mug']",2.89,True,Ceramic Mug,True
4622,5222,995206,2025-01-27 22:20:13.421222,phone case,Desktop,Category Page,True,"['OtterBox Defender', 'Spigen Tough Armor', 'Apple Silicone Case']",1.93,True,Spigen Tough Armor,True
4623,9433,422472,2025-01-10 06:37:54.421222,laptop,Tablet,Homepage,True,"['Dell XPS 13', 'MacBook Air', 'HP Spectre x360']",1.16,False,,False
4624,7976,54164,2025-01-11 15:16:24.421222,mouse,Desktop,Category Page,True,"['Logitech MX Master 3', 'Razer DeathAdder', 'SteelSeries Rival 5']",2.44,True,Razer DeathAdder,False
4625,1778,855742,2025-01-22 16:59:01.421222,laptop,Mobile,Category Page,True,"['Dell XPS 13', 'MacBook Air', 'HP Spectre x360']",1.52,True,MacBook Air,True
4626,3805,876049,2025-02-04 00:07:43.421222,socks,Desktop,Homepage,False,[],1.85,False,,False
4627,2721,93277,2025-01-28 05:19:12.421222,laptop,Desktop,Product Page,True,"['Dell XPS 13', 'MacBook Air', 'HP Spectre x360']",0.68,True,MacBook Air,True
4628,9113,561697,2025-01-26 08:20:13.421222,phone case,Mobile,Product Page,True,"['OtterBox Defender', 'Spigen Tough Armor', 'Apple Silicone Case']",0.22,True,OtterBox Defender,True
4629,4056,575666,2025-01-19 22:16:41.421222,external hard drive,Desktop,Homepage,True,"['Seagate 2TB', 'WD My Passport', 'Samsung T7']",1.27,False,,False
4630,7720,54810,2025-02-03 23:59:41.421222,external hard drive,Mobile,Category Page,True,"['Seagate 2TB', 'WD My Passport', 'Samsung T7']",1.06,True,Seagate 2TB,False
4631,1170,850319,2025-01-21 15:31:14.421222,mouse,Mobile,Homepage,True,"['Logitech MX Master 3', 'Razer DeathAdder', 'SteelSeries Rival 5']",3.2,False,,False
4632,3149,635252,2025-01-12 18:11:25.421222,headphones,Desktop,Category Page,True,"['Sony WH-1000XM5', 'Bose 700', 'Sennheiser Momentum 4']",2.23,False,,False
4633,8476,951728,2025-01-30 19:36:13.421222,socks,Tablet,Category Page,False,[],2.56,False,,False
4634,3902,422239,2025-01-09 22:27:57.421222,external hard drive,Tablet,Product Page,True,"['Seagate 2TB', 'WD My Passport', 'Samsung T7']",0.24,True,WD My Passport,False
4635,9803,604789,2025-01-28 07:40:12.421222,keyboard,Mobile,Product Page,True,"['Logitech MX Keys', 'Razer BlackWidow', 'Corsair K95']",1.95,True,Corsair K95,False
4636,7408,368523,2025-01-06 08:49:53.421222,keyboard,Tablet,Homepage,True,"['Logitech MX Keys', 'Razer BlackWidow', 'Corsair K95']",0.81,False,,False
4637,9072,942771,2025-01-11 11:42:58.421222,wireless earbuds,Mobile,Homepage,True,"['AirPods Pro', 'Sony WF-1000XM4', 'Bose QuietComfort Earbuds']",1.76,False,,False
4638,1413,722254,2025-01-22 15:07:30.421222,phone case,Tablet,Category Page,True,"['OtterBox Defender', 'Spigen Tough Armor', 'Apple Silicone Case']",2.98,True,OtterBox Defender,True
4639,1960,510551,2025-01-14 10:42:16.421222,laptop,Tablet,Product Page,True,"['Dell XPS 13', 'MacBook Air', 'HP Spectre x360']",3.19,True,HP Spectre x360,False
4640,9636,525491,2025-01-07 13:10:30.421222,gaming chair,Desktop,Product Page,True,"['DXRacer', 'Secretlab Titan', 'Razer Iskur']",1.58,True,Razer Iskur,False
4641,2918,595894,2025-01-22 02:27:06.421222,mouse,Tablet,Product Page,True,"['Logitech MX Master 3', 'Razer DeathAdder', 'SteelSeries Rival 5']",1.74,True,SteelSeries Rival 5,False
4642,3885,312896,2025-01-18 22:36:25.421222,wireless earbuds,Mobile,Category Page,True,"['AirPods Pro', 'Sony WF-1000XM4', 'Bose QuietComfort Earbuds']",1.28,False,,False
4643,5732,342830,2025-01-29 03:05:19.421222,external hard drive,Mobile,Category Page,True,"['Seagate 2TB', 'WD My Passport', 'Samsung T7']",2.97,True,Samsung T7,False
4644,8658,56982,2025-01-24 16:02:09.421222,phone case,Mobile,Product Page,True,"['OtterBox Defender', 'Spigen Tough Armor', 'Apple Silicone Case']",1.93,True,Apple Silicone Case,False
4645,2864,759661,2025-01-12 12:34:15.421222,laptop,Tablet,Homepage,True,"['Dell XPS 13', 'MacBook Air', 'HP Spectre x360']",3.06,False,,False
4646,8230,536307,2025-01-12 16:21:23.421222,shoes,Tablet,Product Page,False,[],1.74,False,,False
4647,6630,353429,2025-01-20 04:55:31.421222,gaming chair,Mobile,Product Page,True,"['DXRacer', 'Secretlab Titan', 'Razer Iskur']",1.35,False,,False
4648,2147,888895,2025-01-05 16:15:35.421222,shoes,Desktop,Homepage,False,[],2.16,False,,False
4649,9055,607881,2025-02-02 17:40:43.421222,coffee mug,Mobile,Category Page,True,"['Ceramic Mug', 'Travel Mug', 'Insulated Mug']",1.53,False,,False
4650,1763,100913,2025-01-22 01:48:57.421222,external hard drive,Mobile,Product Page,True,"['Seagate 2TB', 'WD My Passport', 'Samsung T7']",1.58,True,WD My Passport,False
4651,2088,455814,2025-01-23 21:40:47.421222,wireless earbuds,Desktop,Category Page,True,"['AirPods Pro', 'Sony WF-1000XM4', 'Bose QuietComfort Earbuds']",1.5,True,AirPods Pro,False
4652,7571,920537,2025-02-03 06:49:19.421222,gaming chair,Mobile,Product Page,True,"['DXRacer', 'Secretlab Titan', 'Razer Iskur']",0.83,True,Razer Iskur,True
4653,3492,198927,2025-01-10 21:35:55.421222,keyboard,Tablet,Category Page,True,"['Logitech MX Keys', 'Razer BlackWidow', 'Corsair K95']",2.93,True,Razer BlackWidow,True
4654,4156,285428,2025-01-24 12:15:57.421222,external hard drive,Tablet,Product Page,True,"['Seagate 2TB', 'WD My Passport', 'Samsung T7']",3.44,True,Seagate 2TB,True
4655,3944,864858,2025-01-30 19:30:05.421222,mouse,Desktop,Product Page,True,"['Logitech MX Master 3', 'Razer DeathAdder', 'SteelSeries Rival 5']",1.5,False,,False
4656,2447,596463,2025-01-30 03:27:09.421222,mouse,Desktop,Category Page,True,"['Logitech MX Master 3', 'Razer DeathAdder', 'SteelSeries Rival 5']",2.0,True,SteelSeries Rival 5,False
4657,7456,285112,2025-01-17 14:53:04.421222,shoes,Mobile,Category Page,False,[],0.8,False,,False
4658,3616,866255,2025-01-08 04:01:34.421222,socks,Mobile,Homepage,False,[],1.3,False,,False
4659,8668,689728,2025-02-01 10:05:23.421222,mouse,Mobile,Category Page,True,"['Logitech MX Master 3', 'Razer DeathAdder', 'SteelSeries Rival 5']",3.03,False,,False
4660,6531,276623,2025-01-27 14:25:52.421222,external hard drive,Mobile,Category Page,True,"['Seagate 2TB', 'WD My Passport', 'Samsung T7']",2.23,True,WD My Passport,False
4661,8387,877650,2025-01-28 10:09:06.421222,mouse,Desktop,Category Page,True,"['Logitech MX Master 3', 'Razer DeathAdder', 'SteelSeries Rival 5']",1.83,False,,False
4662,9525,674042,2025-01-30 21:29:39.421222,headphones,Mobile,Homepage,True,"['Sony WH-1000XM5', 'Bose 700', 'Sennheiser Momentum 4']",2.46,True,Sennheiser Momentum 4,True
4663,9851,947154,2025-01-30 07:00:36.421222,water bottle,Tablet,Category Page,False,[],2.23,False,,False
4664,7203,959222,2025-01-08 23:53:14.421222,socks,Mobile,Homepage,False,[],2.88,False,,False
4665,4494,472469,2025-01-27 23:55:31.421222,socks,Desktop,Category Page,False,[],2.94,False,,False
4666,5199,509671,2025-01-24 08:52:51.421222,smartphone,Mobile,Product Page,True,"['iPhone 15', 'Samsung Galaxy S24', 'Google Pixel 8']",1.43,False,,False
4667,1704,611561,2025-01-30 14:47:25.421222,water bottle,Tablet,Homepage,False,[],0.72,False,,False
4668,3752,374446,2025-01-06 20:18:24.421222,keyboard,Desktop,Homepage,True,"['Logitech MX Keys', 'Razer BlackWidow', 'Corsair K95']",0.28,True,Corsair K95,True
4669,5993,884920,2025-01-21 10:59:16.421222,smartphone,Desktop,Category Page,True,"['iPhone 15', 'Samsung Galaxy S24', 'Google Pixel 8']",2.74,False,,False
4670,1011,555984,2025-01-28 03:19:40.421222,socks,Mobile,Product Page,False,[],2.5,False,,False
4671,1023,919045,2025-02-03 01:19:40.421222,wireless earbuds,Tablet,Product Page,True,"['AirPods Pro', 'Sony WF-1000XM4', 'Bose QuietComfort Earbuds']",0.64,False,,False
4672,7946,410840,2025-01-22 20:17:24.421222,external hard drive,Mobile,Product Page,True,"['Seagate 2TB', 'WD My Passport', 'Samsung T7']",2.49,True,WD My Passport,False
4673,2004,937849,2025-01-13 13:07:51.421222,wireless earbuds,Tablet,Category Page,True,"['AirPods Pro', 'Sony WF-1000XM4', 'Bose QuietComfort Earbuds']",0.6,True,Sony WF-1000XM4,True
4674,8328,426401,2025-01-30 03:15:52.421222,smartphone,Desktop,Product Page,True,"['iPhone 15', 'Samsung Galaxy S24', 'Google Pixel 8']",1.14,True,Samsung Galaxy S24,False
4675,1625,885799,2025-01-12 16:33:12.421222,mouse,Mobile,Category Page,True,"['Logitech MX Master 3', 'Razer DeathAdder', 'SteelSeries Rival 5']",0.99,True,Logitech MX Master 3,True
4676,9969,220323,2025-01-09 11:41:46.421222,keyboard,Desktop,Product Page,True,"['Logitech MX Keys', 'Razer BlackWidow', 'Corsair K95']",0.38,True,Corsair K95,False
4677,4238,150326,2025-01-11 16:10:40.421222,mouse,Desktop,Product Page,True,"['Logitech MX Master 3', 'Razer DeathAdder', 'SteelSeries Rival 5']",1.99,True,SteelSeries Rival 5,False
4678,7670,805367,2025-01-15 00:59:50.421222,external hard drive,Tablet,Homepage,True,"['Seagate 2TB', 'WD My Passport', 'Samsung T7']",3.11,True,Samsung T7,False
4679,5881,101337,2025-01-21 18:41:14.421222,keyboard,Desktop,Homepage,True,"['Logitech MX Keys', 'Razer BlackWidow', 'Corsair K95']",2.95,True,Corsair K95,False
4680,8778,178197,2025-01-09 04:19:59.421222,wireless earbuds,Tablet,Product Page,True,"['AirPods Pro', 'Sony WF-1000XM4', 'Bose QuietComfort Earbuds']",0.38,True,AirPods Pro,False
4681,4520,426568,2025-01-17 02:09:05.421222,socks,Tablet,Homepage,False,[],0.43,False,,False
4682,1698,825750,2025-01-31 06:25:04.421222,water bottle,Desktop,Homepage,False,[],2.72,False,,False
4683,6833,756178,2025-01-12 16:09:20.421222,mouse,Mobile,Homepage,True,"['Logitech MX Master 3', 'Razer DeathAdder', 'SteelSeries Rival 5']",2.8,True,Razer DeathAdder,False
4684,2745,55362,2025-01-11 19:19:44.421222,smartphone,Desktop,Homepage,True,"['iPhone 15', 'Samsung Galaxy S24', 'Google Pixel 8']",0.44,True,iPhone 15,True
4685,4197,518218,2025-01-25 17:22:14.421222,coffee mug,Desktop,Homepage,True,"['Ceramic Mug', 'Travel Mug', 'Insulated Mug']",3.45,True,Ceramic Mug,False
4686,9993,811377,2025-01-31 11:26:23.421222,water bottle,Tablet,Product Page,False,[],0.67,False,,False
4687,6304,589212,2025-01-18 08:01:28.421222,wireless earbuds,Mobile,Homepage,True,"['AirPods Pro', 'Sony WF-1000XM4', 'Bose QuietComfort Earbuds']",0.99,True,Bose QuietComfort Earbuds,False
4688,8750,562712,2025-01-31 03:13:53.421222,laptop,Mobile,Category Page,True,"['Dell XPS 13', 'MacBook Air', 'HP Spectre x360']",1.99,False,,False
4689,1360,955432,2025-01-30 23:26:21.421222,wireless earbuds,Tablet,Homepage,True,"['AirPods Pro', 'Sony WF-1000XM4', 'Bose QuietComfort Earbuds']",0.71,False,,False
4690,8697,549514,2025-01-08 22:18:25.421222,external hard drive,Mobile,Product Page,True,"['Seagate 2TB', 'WD My Passport', 'Samsung T7']",1.54,False,,False
4691,3101,324902,2025-01-14 22:08:19.421222,socks,Desktop,Homepage,False,[],1.55,False,,False
4692,3741,285780,2025-01-22 07:40:44.421222,wireless earbuds,Tablet,Homepage,True,"['AirPods Pro', 'Sony WF-1000XM4', 'Bose QuietComfort Earbuds']",2.15,False,,False
4693,6386,297065,2025-02-02 03:53:24.421222,mouse,Tablet,Homepage,True,"['Logitech MX Master 3', 'Razer DeathAdder', 'SteelSeries Rival 5']",1.2,True,SteelSeries Rival 5,False
4694,1064,113807,2025-01-15 23:19:17.421222,laptop,Mobile,Category Page,True,"['Dell XPS 13', 'MacBook Air', 'HP Spectre x360']",1.35,False,,False
4695,1192,579867,2025-01-15 04:44:15.421222,water bottle,Tablet,Product Page,False,[],0.75,False,,False
4696,7791,799317,2025-01-16 08:07:56.421222,dresses,Mobile,Product Page,False,[],2.59,False,,False
4697,4290,590205,2025-01-23 19:38:04.421222,phone case,Desktop,Homepage,True,"['OtterBox Defender', 'Spigen Tough Armor', 'Apple Silicone Case']",2.47,False,,False
4698,7942,865844,2025-01-26 10:27:23.421222,water bottle,Tablet,Homepage,False,[],0.5,False,,False
4699,3858,908464,2025-01-14 21:08:44.421222,keyboard,Mobile,Product Page,True,"['Logitech MX Keys', 'Razer BlackWidow', 'Corsair K95']",3.15,True,Corsair K95,False
4700,2442,429450,2025-01-10 18:26:00.421222,smartphone,Tablet,Homepage,True,"['iPhone 15', 'Samsung Galaxy S24', 'Google Pixel 8']",1.17,True,iPhone 15,False
4701,7932,63841,2025-01-24 21:14:45.421222,smartphone,Desktop,Category Page,True,"['iPhone 15', 'Samsung Galaxy S24', 'Google Pixel 8']",2.04,False,,False
4702,5777,965256,2025-01-06 20:39:55.421222,gaming chair,Mobile,Category Page,True,"['DXRacer', 'Secretlab Titan', 'Razer Iskur']",0.39,True,DXRacer,False
4703,1563,466546,2025-01-23 03:15:07.421222,smartphone,Tablet,Homepage,True,"['iPhone 15', 'Samsung Galaxy S24', 'Google Pixel 8']",2.87,True,Google Pixel 8,False
4704,7483,385370,2025-01-13 03:54:10.421222,wireless earbuds,Tablet,Product Page,True,"['AirPods Pro', 'Sony WF-1000XM4', 'Bose QuietComfort Earbuds']",2.47,False,,False
4705,1177,650623,2025-01-11 17:59:28.421222,dresses,Tablet,Category Page,False,[],0.23,False,,False
4706,7283,524895,2025-01-09 08:47:24.421222,phone case,Mobile,Homepage,True,"['OtterBox Defender', 'Spigen Tough Armor', 'Apple Silicone Case']",2.29,False,,False
4707,8853,370910,2025-02-04 08:11:21.421222,phone case,Mobile,Homepage,True,"['OtterBox Defender', 'Spigen Tough Armor', 'Apple Silicone Case']",0.56,True,OtterBox Defender,False
4708,2070,946025,2025-01-20 02:51:46.421222,laptop,Desktop,Category Page,True,"['Dell XPS 13', 'MacBook Air', 'HP Spectre x360']",3.43,True,Dell XPS 13,False
4709,1841,575132,2025-01-05 18:51:06.421222,wireless earbuds,Tablet,Product Page,True,"['AirPods Pro', 'Sony WF-1000XM4', 'Bose QuietComfort Earbuds']",0.28,True,Bose QuietComfort Earbuds,False
4710,4132,323284,2025-02-02 20:18:44.421222,mouse,Tablet,Category Page,True,"['Logitech MX Master 3', 'Razer DeathAdder', 'SteelSeries Rival 5']",1.78,False,,False
4711,4905,921010,2025-01-21 23:27:08.421222,phone case,Mobile,Homepage,True,"['OtterBox Defender', 'Spigen Tough Armor', 'Apple Silicone Case']",1.77,True,Spigen Tough Armor,False
4712,6324,657476,2025-01-29 04:50:50.421222,headphones,Mobile,Category Page,True,"['Sony WH-1000XM5', 'Bose 700', 'Sennheiser Momentum 4']",2.68,True,Bose 700,False
4713,8798,666528,2025-02-03 03:46:51.421222,mouse,Mobile,Product Page,True,"['Logitech MX Master 3', 'Razer DeathAdder', 'SteelSeries Rival 5']",2.74,False,,False
4714,4644,992067,2025-01-05 20:00:35.421222,mouse,Mobile,Product Page,True,"['Logitech MX Master 3', 'Razer DeathAdder', 'SteelSeries Rival 5']",2.54,True,SteelSeries Rival 5,False
4715,8806,412433,2025-01-11 18:02:47.421222,keyboard,Desktop,Category Page,True,"['Logitech MX Keys', 'Razer BlackWidow', 'Corsair K95']",1.98,False,,False
4716,8941,927997,2025-01-22 06:49:13.421222,mouse,Desktop,Product Page,True,"['Logitech MX Master 3', 'Razer DeathAdder', 'SteelSeries Rival 5']",1.95,False,,False
4717,7285,549365,2025-01-06 15:49:29.421222,keyboard,Tablet,Homepage,True,"['Logitech MX Keys', 'Razer BlackWidow', 'Corsair K95']",2.34,False,,False
4718,2902,875259,2025-01-26 09:02:54.421222,laptop,Desktop,Product Page,True,"['Dell XPS 13', 'MacBook Air', 'HP Spectre x360']",3.03,True,MacBook Air,False
4719,5821,548044,2025-01-20 16:11:09.421222,phone case,Tablet,Category Page,True,"['OtterBox Defender', 'Spigen Tough Armor', 'Apple Silicone Case']",0.61,True,Spigen Tough Armor,False
4720,9580,258611,2025-01-13 04:30:06.421222,water bottle,Desktop,Category Page,False,[],3.18,False,,False
4721,5590,934892,2025-01-09 03:26:45.421222,gaming chair,Tablet,Product Page,True,"['DXRacer', 'Secretlab Titan', 'Razer Iskur']",1.09,True,Secretlab Titan,True
4722,2253,165507,2025-01-14 14:10:18.421222,laptop,Tablet,Homepage,True,"['Dell XPS 13', 'MacBook Air', 'HP Spectre x360']",2.11,False,,False
4723,3316,595091,2025-02-02 06:54:31.421222,headphones,Tablet,Product Page,True,"['Sony WH-1000XM5', 'Bose 700', 'Sennheiser Momentum 4']",0.63,True,Sennheiser Momentum 4,False
4724,9002,748777,2025-01-07 16:16:11.421222,smartphone,Desktop,Product Page,True,"['iPhone 15', 'Samsung Galaxy S24', 'Google Pixel 8']",2.99,True,Samsung Galaxy S24,False
4725,2566,846264,2025-01-06 19:49:10.421222,dresses,Mobile,Category Page,False,[],0.45,False,,False
4726,1343,255430,2025-01-09 07:27:24.421222,external hard drive,Tablet,Homepage,True,"['Seagate 2TB', 'WD My Passport', 'Samsung T7']",3.23,True,WD My Passport,False
4727,9789,496041,2025-01-20 09:44:08.421222,shoes,Mobile,Product Page,False,[],0.55,False,,False
4728,9070,707549,2025-01-23 09:36:30.421222,coffee mug,Mobile,Category Page,True,"['Ceramic Mug', 'Travel Mug', 'Insulated Mug']",0.43,False,,False
4729,7564,715518,2025-01-15 15:17:36.421222,keyboard,Mobile,Category Page,True,"['Logitech MX Keys', 'Razer BlackWidow', 'Corsair K95']",0.65,True,Logitech MX Keys,True
4730,8383,862570,2025-02-01 19:21:44.421222,headphones,Desktop,Category Page,True,"['Sony WH-1000XM5', 'Bose 700', 'Sennheiser Momentum 4']",1.86,True,Sony WH-1000XM5,False
4731,4584,199452,2025-01-11 15:06:55.421222,headphones,Desktop,Category Page,True,"['Sony WH-1000XM5', 'Bose 700', 'Sennheiser Momentum 4']",0.6,False,,False
4732,8479,441254,2025-01-06 01:42:21.421222,keyboard,Tablet,Product Page,True,"['Logitech MX Keys', 'Razer BlackWidow', 'Corsair K95']",1.63,False,,False
4733,9411,528017,2025-01-28 15:07:39.421222,keyboard,Tablet,Category Page,True,"['Logitech MX Keys', 'Razer BlackWidow', 'Corsair K95']",1.47,True,Logitech MX Keys,False
4734,5415,639249,2025-01-20 16:40:55.421222,external hard drive,Mobile,Product Page,True,"['Seagate 2TB', 'WD My Passport', 'Samsung T7']",3.16,True,WD My Passport,False
4735,4280,166352,2025-01-20 04:21:57.421222,socks,Mobile,Product Page,False,[],0.45,False,,False
4736,1578,814219,2025-01-16 22:31:41.421222,dresses,Desktop,Product Page,False,[],1.28,False,,False
4737,6857,313464,2025-01-27 14:13:37.421222,laptop,Tablet,Category Page,True,"['Dell XPS 13', 'MacBook Air', 'HP Spectre x360']",0.44,True,Dell XPS 13,False
4738,4937,458875,2025-01-15 19:24:24.421222,dresses,Mobile,Product Page,False,[],2.21,False,,False
4739,3995,604724,2025-01-09 17:39:18.421222,dresses,Mobile,Homepage,False,[],3.49,False,,False
4740,4075,169936,2025-01-16 04:36:42.421222,external hard drive,Mobile,Homepage,True,"['Seagate 2TB', 'WD My Passport', 'Samsung T7']",3.16,True,WD My Passport,False
4741,7018,231808,2025-01-16 11:54:44.421222,headphones,Desktop,Product Page,True,"['Sony WH-1000XM5', 'Bose 700', 'Sennheiser Momentum 4']",0.93,True,Bose 700,False
4742,3301,199144,2025-01-05 13:09:41.421222,water bottle,Tablet,Homepage,False,[],2.33,False,,False
4743,9210,712627,2025-01-26 09:48:38.421222,socks,Mobile,Category Page,False,[],1.09,False,,False
4744,7535,191990,2025-01-08 19:53:17.421222,laptop,Mobile,Product Page,True,"['Dell XPS 13', 'MacBook Air', 'HP Spectre x360']",1.66,False,,False
4745,4122,78284,2025-02-01 01:50:32.421222,water bottle,Tablet,Category Page,False,[],2.33,False,,False
4746,1991,557270,2025-01-30 18:02:38.421222,shoes,Mobile,Homepage,False,[],2.18,False,,False
4747,7833,104257,2025-01-14 10:39:02.421222,phone case,Mobile,Homepage,True,"['OtterBox Defender', 'Spigen Tough Armor', 'Apple Silicone Case']",1.37,True,Spigen Tough Armor,False
4748,8979,746263,2025-01-09 06:09:38.421222,dresses,Mobile,Homepage,False,[],1.93,False,,False
4749,2280,924426,2025-01-10 07:56:54.421222,laptop,Desktop,Product Page,True,"['Dell XPS 13', 'MacBook Air', 'HP Spectre x360']",2.04,True,Dell XPS 13,False
4750,5705,886125,2025-01-20 17:49:22.421222,phone case,Tablet,Product Page,True,"['OtterBox Defender', 'Spigen Tough Armor', 'Apple Silicone Case']",1.9,True,OtterBox Defender,True
4751,6482,778058,2025-01-17 02:43:49.421222,external hard drive,Mobile,Product Page,True,"['Seagate 2TB', 'WD My Passport', 'Samsung T7']",2.65,True,Seagate 2TB,False
4752,4454,405965,2025-01-11 01:43:15.421222,gaming chair,Desktop,Category Page,True,"['DXRacer', 'Secretlab Titan', 'Razer Iskur']",3.5,True,DXRacer,False
4753,9650,290503,2025-01-08 22:31:20.421222,headphones,Tablet,Homepage,True,"['Sony WH-1000XM5', 'Bose 700', 'Sennheiser Momentum 4']",3.41,True,Sony WH-1000XM5,False
4754,8316,425291,2025-02-03 09:03:26.421222,headphones,Desktop,Category Page,True,"['Sony WH-1000XM5', 'Bose 700', 'Sennheiser Momentum 4']",0.44,True,Sennheiser Momentum 4,False
4755,1943,126097,2025-01-29 23:34:24.421222,headphones,Mobile,Category Page,True,"['Sony WH-1000XM5', 'Bose 700', 'Sennheiser Momentum 4']",3.25,True,Sony WH-1000XM5,False
4756,1957,65111,2025-01-18 07:09:19.421222,socks,Desktop,Product Page,False,[],2.66,False,,False
4757,4165,79795,2025-01-15 00:19:22.421222,keyboard,Tablet,Homepage,True,"['Logitech MX Keys', 'Razer BlackWidow', 'Corsair K95']",1.65,False,,False
4758,2255,435472,2025-01-15 23:45:46.421222,smartphone,Desktop,Homepage,True,"['iPhone 15', 'Samsung Galaxy S24', 'Google Pixel 8']",1.61,True,Samsung Galaxy S24,False
4759,8401,426279,2025-01-14 04:52:52.421222,dresses,Mobile,Homepage,False,[],1.62,False,,False
4760,3273,214535,2025-01-23 12:35:40.421222,water bottle,Mobile,Category Page,False,[],0.78,False,,False
4761,6655,808473,2025-01-08 14:23:40.421222,coffee mug,Desktop,Homepage,True,"['Ceramic Mug', 'Travel Mug', 'Insulated Mug']",0.46,False,,False
4762,1976,315859,2025-01-17 01:24:23.421222,coffee mug,Tablet,Category Page,True,"['Ceramic Mug', 'Travel Mug', 'Insulated Mug']",1.67,True,Ceramic Mug,False
4763,2533,950858,2025-01-29 13:45:09.421222,laptop,Mobile,Homepage,True,"['Dell XPS 13', 'MacBook Air', 'HP Spectre x360']",2.83,False,,False
4764,9763,247183,2025-02-02 14:47:01.421222,socks,Desktop,Product Page,False,[],0.51,False,,False
4765,1747,271076,2025-01-08 05:05:41.421222,phone case,Tablet,Product Page,True,"['OtterBox Defender', 'Spigen Tough Armor', 'Apple Silicone Case']",2.26,True,Spigen Tough Armor,False
4766,7343,476244,2025-01-13 06:26:56.421222,water bottle,Desktop,Homepage,False,[],2.83,False,,False
4767,6151,744373,2025-01-28 09:10:36.421222,dresses,Tablet,Homepage,False,[],2.77,False,,False
4768,6722,948756,2025-01-13 18:11:35.421222,water bottle,Desktop,Homepage,False,[],0.62,False,,False
4769,4779,457771,2025-01-14 09:23:03.421222,shoes,Mobile,Category Page,False,[],0.55,False,,False
4770,9366,224579,2025-01-09 01:07:30.421222,shoes,Tablet,Category Page,False,[],2.91,False,,False
4771,6081,392492,2025-01-10 17:35:27.421222,smartphone,Tablet,Homepage,True,"['iPhone 15', 'Samsung Galaxy S24', 'Google Pixel 8']",2.49,True,iPhone 15,True
4772,4313,463836,2025-01-08 06:33:12.421222,mouse,Desktop,Product Page,True,"['Logitech MX Master 3', 'Razer DeathAdder', 'SteelSeries Rival 5']",3.41,False,,False
4773,3173,443304,2025-01-15 04:22:48.421222,shoes,Mobile,Category Page,False,[],3.09,False,,False
4774,1433,382861,2025-01-26 05:02:17.421222,phone case,Tablet,Category Page,True,"['OtterBox Defender', 'Spigen Tough Armor', 'Apple Silicone Case']",1.54,True,Apple Silicone Case,False
4775,3356,715469,2025-02-03 18:14:38.421222,mouse,Mobile,Category Page,True,"['Logitech MX Master 3', 'Razer DeathAdder', 'SteelSeries Rival 5']",0.87,True,Logitech MX Master 3,False
4776,2066,904516,2025-01-10 22:22:49.421222,headphones,Tablet,Category Page,True,"['Sony WH-1000XM5', 'Bose 700', 'Sennheiser Momentum 4']",2.95,True,Bose 700,False
4777,6697,776463,2025-01-19 12:37:51.421222,shoes,Mobile,Category Page,False,[],2.64,False,,False
4778,4527,482410,2025-01-12 00:28:30.421222,water bottle,Desktop,Product Page,False,[],0.85,False,,False
4779,3238,752199,2025-01-16 03:48:19.421222,gaming chair,Mobile,Category Page,True,"['DXRacer', 'Secretlab Titan', 'Razer Iskur']",1.86,True,Secretlab Titan,True
4780,5387,117567,2025-01-28 03:22:39.421222,coffee mug,Mobile,Homepage,True,"['Ceramic Mug', 'Travel Mug', 'Insulated Mug']",0.95,False,,False
4781,1162,722201,2025-01-20 18:08:07.421222,phone case,Desktop,Product Page,True,"['OtterBox Defender', 'Spigen Tough Armor', 'Apple Silicone Case']",0.49,True,OtterBox Defender,True
4782,8133,373206,2025-01-06 17:30:55.421222,shoes,Tablet,Product Page,False,[],2.11,False,,False
4783,4940,966996,2025-01-09 23:12:40.421222,headphones,Mobile,Homepage,True,"['Sony WH-1000XM5', 'Bose 700', 'Sennheiser Momentum 4']",0.38,True,Bose 700,False
4784,3510,885189,2025-01-31 04:34:54.421222,coffee mug,Desktop,Homepage,True,"['Ceramic Mug', 'Travel Mug', 'Insulated Mug']",2.83,True,Ceramic Mug,False
4785,2052,670127,2025-01-17 09:45:35.421222,external hard drive,Mobile,Homepage,True,"['Seagate 2TB', 'WD My Passport', 'Samsung T7']",0.64,True,Samsung T7,False
4786,6376,330268,2025-01-22 21:55:42.421222,wireless earbuds,Desktop,Homepage,True,"['AirPods Pro', 'Sony WF-1000XM4', 'Bose QuietComfort Earbuds']",1.18,True,AirPods Pro,False
4787,3066,728531,2025-01-07 20:38:48.421222,coffee mug,Tablet,Homepage,True,"['Ceramic Mug', 'Travel Mug', 'Insulated Mug']",3.19,True,Ceramic Mug,False
4788,3481,604974,2025-01-27 12:50:17.421222,water bottle,Mobile,Product Page,False,[],1.47,False,,False
4789,6499,613715,2025-01-21 16:50:01.421222,water bottle,Tablet,Category Page,False,[],3.2,False,,False
4790,7731,258327,2025-01-29 04:23:05.421222,gaming chair,Mobile,Homepage,True,"['DXRacer', 'Secretlab Titan', 'Razer Iskur']",1.8,True,DXRacer,True
4791,4783,515641,2025-01-25 19:08:50.421222,coffee mug,Tablet,Category Page,True,"['Ceramic Mug', 'Travel Mug', 'Insulated Mug']",0.95,True,Travel Mug,True
4792,2572,524562,2025-02-03 16:09:23.421222,gaming chair,Mobile,Category Page,True,"['DXRacer', 'Secretlab Titan', 'Razer Iskur']",0.99,True,Secretlab Titan,False
4793,3869,764328,2025-01-20 21:53:53.421222,water bottle,Mobile,Product Page,False,[],3.11,False,,False
4794,1505,380722,2025-01-06 14:33:42.421222,keyboard,Desktop,Homepage,True,"['Logitech MX Keys', 'Razer BlackWidow', 'Corsair K95']",2.39,True,Razer BlackWidow,False
4795,8977,356454,2025-01-31 05:39:22.421222,shoes,Desktop,Category Page,False,[],3.24,False,,False
4796,9323,138319,2025-01-15 18:35:22.421222,gaming chair,Desktop,Homepage,True,"['DXRacer', 'Secretlab Titan', 'Razer Iskur']",3.24,True,Secretlab Titan,False
4797,8298,466321,2025-01-07 13:04:38.421222,mouse,Desktop,Product Page,True,"['Logitech MX Master 3', 'Razer DeathAdder', 'SteelSeries Rival 5']",1.22,True,SteelSeries Rival 5,True
4798,5890,897099,2025-01-29 22:23:31.421222,water bottle,Tablet,Product Page,False,[],0.51,False,,False
4799,9915,291874,2025-01-20 16:58:04.421222,smartphone,Desktop,Product Page,True,"['iPhone 15', 'Samsung Galaxy S24', 'Google Pixel 8']",2.59,True,Samsung Galaxy S24,True
4800,9718,135093,2025-01-07 10:48:50.421222,headphones,Desktop,Product Page,True,"['Sony WH-1000XM5', 'Bose 700', 'Sennheiser Momentum 4']",1.79,True,Sennheiser Momentum 4,False
4801,7484,381620,2025-01-24 02:18:57.421222,shoes,Mobile,Homepage,False,[],0.64,False,,False
4802,3876,523596,2025-01-17 08:30:36.421222,headphones,Tablet,Category Page,True,"['Sony WH-1000XM5', 'Bose 700', 'Sennheiser Momentum 4']",1.61,True,Sennheiser Momentum 4,False
4803,4064,464933,2025-01-25 11:54:55.421222,shoes,Tablet,Category Page,False,[],2.25,False,,False
4804,6473,805378,2025-01-30 00:52:18.421222,water bottle,Desktop,Category Page,False,[],3.01,False,,False
4805,6586,834142,2025-01-25 18:41:24.421222,smartphone,Desktop,Product Page,True,"['iPhone 15', 'Samsung Galaxy S24', 'Google Pixel 8']",3.35,True,Google Pixel 8,False
4806,7149,929002,2025-01-27 10:05:46.421222,headphones,Desktop,Category Page,True,"['Sony WH-1000XM5', 'Bose 700', 'Sennheiser Momentum 4']",2.65,True,Sennheiser Momentum 4,True
4807,8091,911707,2025-01-17 02:38:59.421222,smartphone,Mobile,Homepage,True,"['iPhone 15', 'Samsung Galaxy S24', 'Google Pixel 8']",0.52,True,Samsung Galaxy S24,False
4808,9105,154225,2025-01-07 13:03:57.421222,wireless earbuds,Desktop,Homepage,True,"['AirPods Pro', 'Sony WF-1000XM4', 'Bose QuietComfort Earbuds']",2.34,False,,False
4809,5949,953915,2025-02-04 10:16:00.421222,phone case,Tablet,Homepage,True,"['OtterBox Defender', 'Spigen Tough Armor', 'Apple Silicone Case']",1.6,True,Apple Silicone Case,False
4810,5551,922907,2025-01-28 18:42:58.421222,smartphone,Mobile,Product Page,True,"['iPhone 15', 'Samsung Galaxy S24', 'Google Pixel 8']",2.9,True,Google Pixel 8,False
4811,2864,690071,2025-01-25 16:44:10.421222,shoes,Desktop,Product Page,False,[],2.7,False,,False
4812,7920,986512,2025-01-25 09:08:13.421222,keyboard,Tablet,Homepage,True,"['Logitech MX Keys', 'Razer BlackWidow', 'Corsair K95']",0.24,False,,False
4813,9511,396885,2025-01-05 16:38:50.421222,dresses,Tablet,Category Page,False,[],2.66,False,,False
4814,9880,670724,2025-01-20 15:24:40.421222,shoes,Tablet,Category Page,False,[],0.67,False,,False
4815,5240,821256,2025-02-03 19:43:15.421222,smartphone,Tablet,Homepage,True,"['iPhone 15', 'Samsung Galaxy S24', 'Google Pixel 8']",3.43,True,Google Pixel 8,False
4816,7697,628468,2025-01-09 11:04:54.421222,mouse,Tablet,Category Page,True,"['Logitech MX Master 3', 'Razer DeathAdder', 'SteelSeries Rival 5']",2.65,True,Logitech MX Master 3,False
4817,8200,214428,2025-01-30 17:27:13.421222,water bottle,Mobile,Category Page,False,[],0.56,False,,False
4818,5933,388069,2025-01-12 14:20:33.421222,water bottle,Desktop,Homepage,False,[],2.98,False,,False
4819,7316,721768,2025-01-07 06:38:13.421222,socks,Mobile,Category Page,False,[],1.12,False,,False
4820,2621,460587,2025-01-18 03:28:58.421222,keyboard,Mobile,Category Page,True,"['Logitech MX Keys', 'Razer BlackWidow', 'Corsair K95']",0.67,True,Razer BlackWidow,True
4821,4763,257405,2025-01-17 17:00:30.421222,gaming chair,Desktop,Homepage,True,"['DXRacer', 'Secretlab Titan', 'Razer Iskur']",2.73,True,DXRacer,False
4822,6297,809616,2025-01-23 19:29:44.421222,keyboard,Desktop,Homepage,True,"['Logitech MX Keys', 'Razer BlackWidow', 'Corsair K95']",2.99,False,,False
4823,7995,664384,2025-01-09 19:17:24.421222,water bottle,Tablet,Homepage,False,[],2.09,False,,False
4824,4655,548859,2025-01-24 01:48:29.421222,headphones,Tablet,Homepage,True,"['Sony WH-1000XM5', 'Bose 700', 'Sennheiser Momentum 4']",1.7,True,Sennheiser Momentum 4,False
4825,6862,521738,2025-01-18 04:02:42.421222,wireless earbuds,Desktop,Category Page,True,"['AirPods Pro', 'Sony WF-1000XM4', 'Bose QuietComfort Earbuds']",0.6,False,,False
4826,9355,408531,2025-02-03 07:29:47.421222,socks,Mobile,Category Page,False,[],2.57,False,,False
4827,7243,959225,2025-01-16 10:29:37.421222,gaming chair,Tablet,Product Page,True,"['DXRacer', 'Secretlab Titan', 'Razer Iskur']",3.24,True,Razer Iskur,False
4828,6067,365582,2025-02-02 23:24:43.421222,coffee mug,Desktop,Category Page,True,"['Ceramic Mug', 'Travel Mug', 'Insulated Mug']",2.71,True,Insulated Mug,True
4829,6122,704609,2025-01-24 23:19:33.421222,shoes,Tablet,Category Page,False,[],0.64,False,,False
4830,1474,681463,2025-01-07 18:49:28.421222,laptop,Desktop,Homepage,True,"['Dell XPS 13', 'MacBook Air', 'HP Spectre x360']",0.68,False,,False
4831,3932,968691,2025-01-28 09:41:25.421222,external hard drive,Desktop,Category Page,True,"['Seagate 2TB', 'WD My Passport', 'Samsung T7']",1.72,True,Seagate 2TB,True
4832,7940,118697,2025-01-21 02:38:23.421222,water bottle,Tablet,Product Page,False,[],1.53,False,,False
4833,3501,442441,2025-01-07 06:44:45.421222,socks,Tablet,Homepage,False,[],2.43,False,,False
4834,2252,628918,2025-01-27 15:19:26.421222,gaming chair,Mobile,Category Page,True,"['DXRacer', 'Secretlab Titan', 'Razer Iskur']",0.46,False,,False
4835,3227,480118,2025-01-18 09:24:57.421222,water bottle,Tablet,Category Page,False,[],0.42,False,,False
4836,1445,482934,2025-01-31 22:02:23.421222,gaming chair,Tablet,Homepage,True,"['DXRacer', 'Secretlab Titan', 'Razer Iskur']",2.69,False,,False
4837,3496,67458,2025-02-01 17:57:33.421222,phone case,Desktop,Homepage,True,"['OtterBox Defender', 'Spigen Tough Armor', 'Apple Silicone Case']",0.36,True,Spigen Tough Armor,True
4838,5611,527328,2025-01-30 20:43:52.421222,wireless earbuds,Mobile,Homepage,True,"['AirPods Pro', 'Sony WF-1000XM4', 'Bose QuietComfort Earbuds']",0.5,True,AirPods Pro,False
4839,6273,941479,2025-01-11 14:40:39.421222,socks,Tablet,Category Page,False,[],1.74,False,,False
4840,6035,139701,2025-01-20 04:46:36.421222,external hard drive,Tablet,Category Page,True,"['Seagate 2TB', 'WD My Passport', 'Samsung T7']",2.96,False,,False
4841,8119,793912,2025-01-12 17:21:04.421222,laptop,Mobile,Category Page,True,"['Dell XPS 13', 'MacBook Air', 'HP Spectre x360']",1.88,False,,False
4842,3471,236012,2025-01-22 08:19:57.421222,phone case,Desktop,Product Page,True,"['OtterBox Defender', 'Spigen Tough Armor', 'Apple Silicone Case']",2.71,False,,False
4843,6564,765956,2025-01-13 21:43:10.421222,socks,Mobile,Category Page,False,[],2.81,False,,False
4844,7417,675998,2025-01-14 18:19:10.421222,gaming chair,Tablet,Homepage,True,"['DXRacer', 'Secretlab Titan', 'Razer Iskur']",0.4,True,Razer Iskur,False
4845,6755,993922,2025-01-23 21:19:51.421222,water bottle,Desktop,Product Page,False,[],2.18,False,,False
4846,6909,505412,2025-01-16 02:07:33.421222,smartphone,Desktop,Homepage,True,"['iPhone 15', 'Samsung Galaxy S24', 'Google Pixel 8']",3.3,False,,False
4847,1267,707649,2025-01-22 05:51:10.421222,keyboard,Tablet,Category Page,True,"['Logitech MX Keys', 'Razer BlackWidow', 'Corsair K95']",0.53,True,Logitech MX Keys,True
4848,9257,188378,2025-01-17 23:41:35.421222,mouse,Tablet,Product Page,True,"['Logitech MX Master 3', 'Razer DeathAdder', 'SteelSeries Rival 5']",0.43,True,Razer DeathAdder,False
4849,3713,469083,2025-02-03 18:43:05.421222,socks,Desktop,Category Page,False,[],0.28,False,,False
4850,5572,705339,2025-01-31 03:05:17.421222,external hard drive,Tablet,Category Page,True,"['Seagate 2TB', 'WD My Passport', 'Samsung T7']",0.4,True,WD My Passport,False
4851,1473,650032,2025-01-27 16:04:12.421222,shoes,Mobile,Homepage,False,[],2.06,False,,False
4852,5035,361630,2025-01-28 07:18:06.421222,phone case,Desktop,Homepage,True,"['OtterBox Defender', 'Spigen Tough Armor', 'Apple Silicone Case']",3.5,True,Apple Silicone Case,False
4853,4942,337657,2025-01-11 10:51:43.421222,coffee mug,Tablet,Homepage,True,"['Ceramic Mug', 'Travel Mug', 'Insulated Mug']",1.88,True,Travel Mug,False
4854,5933,833838,2025-01-14 19:05:53.421222,phone case,Tablet,Category Page,True,"['OtterBox Defender', 'Spigen Tough Armor', 'Apple Silicone Case']",1.9,False,,False
4855,6767,995995,2025-01-16 15:15:02.421222,external hard drive,Mobile,Category Page,True,"['Seagate 2TB', 'WD My Passport', 'Samsung T7']",2.14,False,,False
4856,9370,900598,2025-02-02 18:26:32.421222,external hard drive,Tablet,Homepage,True,"['Seagate 2TB', 'WD My Passport', 'Samsung T7']",0.89,False,,False
4857,1511,590572,2025-01-12 08:12:41.421222,keyboard,Tablet,Homepage,True,"['Logitech MX Keys', 'Razer BlackWidow', 'Corsair K95']",1.27,False,,False
4858,2413,418821,2025-01-20 03:44:46.421222,shoes,Desktop,Category Page,False,[],1.01,False,,False
4859,9223,545775,2025-01-06 16:51:00.421222,wireless earbuds,Tablet,Product Page,True,"['AirPods Pro', 'Sony WF-1000XM4', 'Bose QuietComfort Earbuds']",0.29,True,AirPods Pro,False
4860,3328,51030,2025-01-19 02:36:09.421222,keyboard,Desktop,Category Page,True,"['Logitech MX Keys', 'Razer BlackWidow', 'Corsair K95']",2.49,True,Logitech MX Keys,False
4861,3691,796494,2025-01-16 08:35:35.421222,gaming chair,Mobile,Homepage,True,"['DXRacer', 'Secretlab Titan', 'Razer Iskur']",2.61,True,Secretlab Titan,False
4862,9653,315353,2025-01-07 09:19:00.421222,keyboard,Tablet,Category Page,True,"['Logitech MX Keys', 'Razer BlackWidow', 'Corsair K95']",1.53,True,Razer BlackWidow,False
4863,1960,693492,2025-01-22 02:17:32.421222,wireless earbuds,Tablet,Product Page,True,"['AirPods Pro', 'Sony WF-1000XM4', 'Bose QuietComfort Earbuds']",1.23,False,,False
4864,4614,767737,2025-01-19 13:18:27.421222,headphones,Mobile,Homepage,True,"['Sony WH-1000XM5', 'Bose 700', 'Sennheiser Momentum 4']",1.37,False,,False
4865,2896,71800,2025-01-29 03:18:36.421222,mouse,Tablet,Homepage,True,"['Logitech MX Master 3', 'Razer DeathAdder', 'SteelSeries Rival 5']",1.49,True,Logitech MX Master 3,False
4866,7529,504400,2025-01-17 19:53:15.421222,shoes,Desktop,Homepage,False,[],2.43,False,,False
4867,3830,599794,2025-01-07 00:01:27.421222,phone case,Desktop,Category Page,True,"['OtterBox Defender', 'Spigen Tough Armor', 'Apple Silicone Case']",2.57,False,,False
4868,1058,738713,2025-01-26 07:28:20.421222,shoes,Mobile,Homepage,False,[],1.64,False,,False
4869,6035,440462,2025-01-19 11:32:32.421222,headphones,Mobile,Homepage,True,"['Sony WH-1000XM5', 'Bose 700', 'Sennheiser Momentum 4']",2.64,False,,False
4870,2013,462882,2025-01-30 08:41:46.421222,coffee mug,Tablet,Category Page,True,"['Ceramic Mug', 'Travel Mug', 'Insulated Mug']",0.65,True,Ceramic Mug,False
4871,2458,670948,2025-01-17 12:45:22.421222,dresses,Tablet,Product Page,False,[],3.38,False,,False
4872,8181,387389,2025-02-03 03:10:00.421222,socks,Tablet,Product Page,False,[],1.06,False,,False
4873,3373,230797,2025-01-26 10:45:56.421222,keyboard,Mobile,Homepage,True,"['Logitech MX Keys', 'Razer BlackWidow', 'Corsair K95']",0.58,True,Razer BlackWidow,False
4874,7633,583730,2025-01-28 17:57:47.421222,socks,Desktop,Product Page,False,[],0.85,False,,False
4875,1721,986020,2025-01-29 13:02:34.421222,socks,Desktop,Product Page,False,[],2.14,False,,False
4876,4792,567106,2025-01-20 06:28:18.421222,water bottle,Tablet,Category Page,False,[],1.76,False,,False
4877,2467,567168,2025-02-02 23:08:41.421222,phone case,Mobile,Homepage,True,"['OtterBox Defender', 'Spigen Tough Armor', 'Apple Silicone Case']",1.02,True,OtterBox Defender,False
4878,7048,729760,2025-02-02 19:21:25.421222,wireless earbuds,Mobile,Product Page,True,"['AirPods Pro', 'Sony WF-1000XM4', 'Bose QuietComfort Earbuds']",0.72,False,,False
4879,1113,257867,2025-01-22 14:48:03.421222,smartphone,Mobile,Product Page,True,"['iPhone 15', 'Samsung Galaxy S24', 'Google Pixel 8']",2.14,True,Samsung Galaxy S24,False
4880,9394,730907,2025-01-07 19:31:44.421222,water bottle,Desktop,Homepage,False,[],3.31,False,,False
4881,7848,875661,2025-01-17 18:40:23.421222,dresses,Mobile,Product Page,False,[],2.72,False,,False
4882,9528,299293,2025-01-22 22:06:38.421222,shoes,Tablet,Category Page,False,[],1.89,False,,False
4883,9988,524910,2025-01-13 00:16:34.421222,external hard drive,Mobile,Homepage,True,"['Seagate 2TB', 'WD My Passport', 'Samsung T7']",2.7,True,WD My Passport,True
4884,9075,243806,2025-01-18 15:50:05.421222,gaming chair,Desktop,Product Page,True,"['DXRacer', 'Secretlab Titan', 'Razer Iskur']",0.29,True,DXRacer,False
4885,6695,429940,2025-01-18 19:14:57.421222,dresses,Tablet,Category Page,False,[],1.38,False,,False
4886,5160,380361,2025-01-21 20:13:01.421222,dresses,Desktop,Category Page,False,[],3.01,False,,False
4887,8719,938194,2025-01-07 22:43:55.421222,water bottle,Tablet,Category Page,False,[],1.59,False,,False
4888,5691,579482,2025-01-13 20:21:42.421222,keyboard,Mobile,Product Page,True,"['Logitech MX Keys', 'Razer BlackWidow', 'Corsair K95']",3.4,True,Corsair K95,False
4889,1667,643654,2025-02-03 07:14:04.421222,shoes,Mobile,Product Page,False,[],1.84,False,,False
4890,5812,234473,2025-01-30 23:16:41.421222,headphones,Tablet,Category Page,True,"['Sony WH-1000XM5', 'Bose 700', 'Sennheiser Momentum 4']",2.49,True,Sony WH-1000XM5,False
4891,6249,350838,2025-01-26 11:06:43.421222,gaming chair,Mobile,Category Page,True,"['DXRacer', 'Secretlab Titan', 'Razer Iskur']",1.42,True,Secretlab Titan,False
4892,1643,923997,2025-01-25 20:18:18.421222,mouse,Tablet,Homepage,True,"['Logitech MX Master 3', 'Razer DeathAdder', 'SteelSeries Rival 5']",2.57,True,SteelSeries Rival 5,True
4893,6872,704634,2025-01-22 15:29:46.421222,mouse,Desktop,Category Page,True,"['Logitech MX Master 3', 'Razer DeathAdder', 'SteelSeries Rival 5']",3.43,False,,False
4894,9375,386934,2025-01-14 18:59:47.421222,headphones,Mobile,Category Page,True,"['Sony WH-1000XM5', 'Bose 700', 'Sennheiser Momentum 4']",2.17,False,,False
4895,6782,436422,2025-01-09 05:52:56.421222,mouse,Tablet,Product Page,True,"['Logitech MX Master 3', 'Razer DeathAdder', 'SteelSeries Rival 5']",3.31,True,SteelSeries Rival 5,False
4896,6663,760801,2025-01-17 03:06:13.421222,smartphone,Desktop,Homepage,True,"['iPhone 15', 'Samsung Galaxy S24', 'Google Pixel 8']",1.76,True,Google Pixel 8,False
4897,4949,581860,2025-01-29 21:13:46.421222,keyboard,Desktop,Product Page,True,"['Logitech MX Keys', 'Razer BlackWidow', 'Corsair K95']",2.02,False,,False
4898,7592,450003,2025-01-18 15:06:36.421222,headphones,Mobile,Category Page,True,"['Sony WH-1000XM5', 'Bose 700', 'Sennheiser Momentum 4']",3.17,False,,False
4899,6666,396804,2025-01-12 02:09:12.421222,socks,Desktop,Product Page,False,[],0.33,False,,False
4900,2584,213576,2025-01-24 02:40:08.421222,socks,Tablet,Product Page,False,[],2.13,False,,False
4901,6585,97410,2025-01-20 15:14:24.421222,water bottle,Tablet,Category Page,False,[],0.68,False,,False
4902,2128,229330,2025-01-10 01:19:15.421222,mouse,Mobile,Category Page,True,"['Logitech MX Master 3', 'Razer DeathAdder', 'SteelSeries Rival 5']",0.58,True,Razer DeathAdder,False
4903,2964,745562,2025-01-15 20:45:40.421222,headphones,Desktop,Category Page,True,"['Sony WH-1000XM5', 'Bose 700', 'Sennheiser Momentum 4']",2.61,True,Sennheiser Momentum 4,False
4904,2555,256465,2025-01-14 18:16:53.421222,external hard drive,Tablet,Product Page,True,"['Seagate 2TB', 'WD My Passport', 'Samsung T7']",1.9,True,Seagate 2TB,False
4905,2550,555755,2025-01-20 14:35:44.421222,external hard drive,Tablet,Category Page,True,"['Seagate 2TB', 'WD My Passport', 'Samsung T7']",0.44,True,Seagate 2TB,False
4906,1342,365420,2025-01-08 18:07:39.421222,mouse,Desktop,Product Page,True,"['Logitech MX Master 3', 'Razer DeathAdder', 'SteelSeries Rival 5']",1.47,False,,False
4907,5429,440473,2025-01-27 00:25:03.421222,smartphone,Mobile,Homepage,True,"['iPhone 15', 'Samsung Galaxy S24', 'Google Pixel 8']",3.14,False,,False
4908,5298,499731,2025-02-01 21:10:18.421222,coffee mug,Desktop,Product Page,True,"['Ceramic Mug', 'Travel Mug', 'Insulated Mug']",3.29,True,Travel Mug,False
4909,7380,302042,2025-01-15 10:32:56.421222,water bottle,Mobile,Homepage,False,[],2.94,False,,False
4910,6262,888280,2025-01-07 03:22:56.421222,socks,Tablet,Product Page,False,[],0.62,False,,False
4911,4684,222197,2025-01-23 04:42:01.421222,water bottle,Desktop,Product Page,False,[],1.07,False,,False
4912,9053,628988,2025-01-27 01:32:40.421222,laptop,Mobile,Category Page,True,"['Dell XPS 13', 'MacBook Air', 'HP Spectre x360']",0.48,True,Dell XPS 13,False
4913,3169,184356,2025-01-19 17:07:04.421222,water bottle,Desktop,Homepage,False,[],2.08,False,,False
4914,8382,333148,2025-01-09 04:53:24.421222,mouse,Tablet,Homepage,True,"['Logitech MX Master 3', 'Razer DeathAdder', 'SteelSeries Rival 5']",1.67,True,Razer DeathAdder,False
4915,7285,846458,2025-01-24 00:42:02.421222,shoes,Desktop,Category Page,False,[],3.48,False,,False
4916,3313,643335,2025-01-06 19:20:29.421222,headphones,Desktop,Category Page,True,"['Sony WH-1000XM5', 'Bose 700', 'Sennheiser Momentum 4']",0.88,True,Bose 700,False
4917,3937,651036,2025-01-06 10:10:57.421222,socks,Mobile,Homepage,False,[],3.3,False,,False
4918,8182,83463,2025-01-15 22:01:56.421222,mouse,Tablet,Product Page,True,"['Logitech MX Master 3', 'Razer DeathAdder', 'SteelSeries Rival 5']",2.03,True,Razer DeathAdder,False
4919,7032,995763,2025-01-13 23:48:43.421222,shoes,Desktop,Category Page,False,[],2.07,False,,False
4920,5604,107987,2025-01-05 17:52:27.421222,water bottle,Tablet,Product Page,False,[],2.41,False,,False
4921,2344,636963,2025-01-23 15:07:27.421222,dresses,Tablet,Category Page,False,[],3.12,False,,False
4922,3993,874804,2025-02-02 06:53:23.421222,external hard drive,Tablet,Product Page,True,"['Seagate 2TB', 'WD My Passport', 'Samsung T7']",3.37,False,,False
4923,3237,603927,2025-02-03 02:58:53.421222,external hard drive,Desktop,Homepage,True,"['Seagate 2TB', 'WD My Passport', 'Samsung T7']",0.41,True,Samsung T7,True
4924,6087,507161,2025-01-28 01:30:34.421222,gaming chair,Tablet,Product Page,True,"['DXRacer', 'Secretlab Titan', 'Razer Iskur']",3.43,True,Secretlab Titan,True
4925,9004,383641,2025-01-13 09:06:13.421222,smartphone,Desktop,Product Page,True,"['iPhone 15', 'Samsung Galaxy S24', 'Google Pixel 8']",0.85,True,Google Pixel 8,False
4926,1954,651021,2025-01-23 15:20:59.421222,socks,Mobile,Homepage,False,[],1.99,False,,False
4927,6526,853120,2025-01-15 13:33:31.421222,headphones,Mobile,Homepage,True,"['Sony WH-1000XM5', 'Bose 700', 'Sennheiser Momentum 4']",0.59,True,Bose 700,False
4928,6756,811513,2025-01-05 12:25:41.421222,shoes,Desktop,Category Page,False,[],0.86,False,,False
4929,9898,498427,2025-01-07 10:41:50.421222,mouse,Mobile,Category Page,True,"['Logitech MX Master 3', 'Razer DeathAdder', 'SteelSeries Rival 5']",1.28,True,Razer DeathAdder,True
4930,8147,795980,2025-01-29 00:43:02.421222,gaming chair,Desktop,Homepage,True,"['DXRacer', 'Secretlab Titan', 'Razer Iskur']",2.86,True,DXRacer,False
4931,2959,135517,2025-01-23 20:17:14.421222,external hard drive,Tablet,Homepage,True,"['Seagate 2TB', 'WD My Passport', 'Samsung T7']",2.52,False,,False
4932,1617,896048,2025-02-01 09:52:32.421222,external hard drive,Mobile,Category Page,True,"['Seagate 2TB', 'WD My Passport', 'Samsung T7']",2.36,True,WD My Passport,False
4933,3614,826741,2025-01-29 13:39:56.421222,phone case,Tablet,Category Page,True,"['OtterBox Defender', 'Spigen Tough Armor', 'Apple Silicone Case']",1.18,True,OtterBox Defender,False
4934,8627,984887,2025-01-21 16:28:20.421222,dresses,Tablet,Homepage,False,[],0.57,False,,False
4935,8526,329882,2025-01-24 02:38:12.421222,external hard drive,Tablet,Category Page,True,"['Seagate 2TB', 'WD My Passport', 'Samsung T7']",1.82,True,WD My Passport,False
4936,1690,310389,2025-01-13 09:03:06.421222,external hard drive,Mobile,Category Page,True,"['Seagate 2TB', 'WD My Passport', 'Samsung T7']",3.43,False,,False
4937,8692,473286,2025-01-22 23:31:39.421222,gaming chair,Desktop,Homepage,True,"['DXRacer', 'Secretlab Titan', 'Razer Iskur']",1.51,True,Secretlab Titan,True
4938,9260,179752,2025-01-13 08:19:21.421222,wireless earbuds,Tablet,Product Page,True,"['AirPods Pro', 'Sony WF-1000XM4', 'Bose QuietComfort Earbuds']",3.1,True,Bose QuietComfort Earbuds,True
4939,4810,670611,2025-01-08 03:58:02.421222,headphones,Tablet,Product Page,True,"['Sony WH-1000XM5', 'Bose 700', 'Sennheiser Momentum 4']",3.18,False,,False
4940,6505,502584,2025-01-26 21:24:32.421222,headphones,Mobile,Homepage,True,"['Sony WH-1000XM5', 'Bose 700', 'Sennheiser Momentum 4']",2.39,True,Sennheiser Momentum 4,False
4941,2247,961008,2025-01-09 06:15:03.421222,phone case,Desktop,Homepage,True,"['OtterBox Defender', 'Spigen Tough Armor', 'Apple Silicone Case']",3.31,True,Spigen Tough Armor,False
4942,4418,903667,2025-01-31 08:19:24.421222,gaming chair,Desktop,Product Page,True,"['DXRacer', 'Secretlab Titan', 'Razer Iskur']",0.72,True,Razer Iskur,True
4943,5466,232036,2025-01-11 06:02:33.421222,external hard drive,Tablet,Homepage,True,"['Seagate 2TB', 'WD My Passport', 'Samsung T7']",2.78,True,Seagate 2TB,False
4944,4803,702020,2025-01-27 12:00:13.421222,socks,Tablet,Homepage,False,[],0.31,False,,False
4945,3955,492863,2025-01-17 02:37:28.421222,socks,Desktop,Category Page,False,[],2.58,False,,False
4946,6119,544234,2025-01-12 06:52:54.421222,keyboard,Desktop,Category Page,True,"['Logitech MX Keys', 'Razer BlackWidow', 'Corsair K95']",1.86,True,Razer BlackWidow,True
4947,7192,772929,2025-01-12 01:44:09.421222,wireless earbuds,Mobile,Product Page,True,"['AirPods Pro', 'Sony WF-1000XM4', 'Bose QuietComfort Earbuds']",2.06,True,Sony WF-1000XM4,False
4948,2317,319762,2025-01-07 03:41:46.421222,keyboard,Mobile,Product Page,True,"['Logitech MX Keys', 'Razer BlackWidow', 'Corsair K95']",0.23,False,,False
4949,3614,241573,2025-01-23 02:27:54.421222,water bottle,Tablet,Product Page,False,[],1.87,False,,False
4950,9501,54387,2025-02-02 01:37:54.421222,wireless earbuds,Tablet,Product Page,True,"['AirPods Pro', 'Sony WF-1000XM4', 'Bose QuietComfort Earbuds']",3.09,False,,False
4951,2405,380721,2025-01-27 05:33:13.421222,coffee mug,Mobile,Product Page,True,"['Ceramic Mug', 'Travel Mug', 'Insulated Mug']",1.32,True,Travel Mug,False
4952,9444,769039,2025-01-23 06:14:54.421222,external hard drive,Tablet,Category Page,True,"['Seagate 2TB', 'WD My Passport', 'Samsung T7']",2.71,True,Seagate 2TB,False
4953,2988,574830,2025-01-28 04:10:17.421222,phone case,Desktop,Product Page,True,"['OtterBox Defender', 'Spigen Tough Armor', 'Apple Silicone Case']",1.31,False,,False
4954,4489,988596,2025-02-02 18:58:45.421222,coffee mug,Tablet,Product Page,True,"['Ceramic Mug', 'Travel Mug', 'Insulated Mug']",1.88,True,Travel Mug,False
4955,1513,659650,2025-01-11 06:11:08.421222,coffee mug,Tablet,Homepage,True,"['Ceramic Mug', 'Travel Mug', 'Insulated Mug']",2.68,True,Insulated Mug,False
4956,5884,841908,2025-01-26 11:45:57.421222,dresses,Mobile,Product Page,False,[],0.32,False,,False
4957,7157,775361,2025-01-23 09:28:13.421222,coffee mug,Desktop,Category Page,True,"['Ceramic Mug', 'Travel Mug', 'Insulated Mug']",2.97,True,Ceramic Mug,False
4958,2664,685177,2025-01-19 12:57:37.421222,mouse,Tablet,Category Page,True,"['Logitech MX Master 3', 'Razer DeathAdder', 'SteelSeries Rival 5']",2.41,True,Razer DeathAdder,True
4959,7576,737058,2025-01-29 11:40:37.421222,mouse,Mobile,Category Page,True,"['Logitech MX Master 3', 'Razer DeathAdder', 'SteelSeries Rival 5']",1.14,True,Logitech MX Master 3,True
4960,5150,87740,2025-01-21 04:00:36.421222,headphones,Tablet,Category Page,True,"['Sony WH-1000XM5', 'Bose 700', 'Sennheiser Momentum 4']",2.48,True,Sennheiser Momentum 4,True
4961,3673,84827,2025-01-26 05:32:12.421222,mouse,Desktop,Category Page,True,"['Logitech MX Master 3', 'Razer DeathAdder', 'SteelSeries Rival 5']",0.26,True,Logitech MX Master 3,False
4962,2452,955057,2025-02-03 04:21:59.421222,coffee mug,Mobile,Homepage,True,"['Ceramic Mug', 'Travel Mug', 'Insulated Mug']",0.3,False,,False
4963,2875,531055,2025-01-29 23:07:01.421222,socks,Mobile,Category Page,False,[],3.03,False,,False
4964,2885,64339,2025-01-15 08:05:24.421222,dresses,Desktop,Product Page,False,[],2.37,False,,False
4965,7342,332719,2025-01-11 13:24:04.421222,socks,Desktop,Homepage,False,[],3.35,False,,False
4966,6785,838402,2025-01-25 11:14:55.421222,water bottle,Mobile,Category Page,False,[],1.14,False,,False
4967,9303,310055,2025-01-29 09:38:34.421222,socks,Tablet,Category Page,False,[],2.66,False,,False
4968,2700,827047,2025-01-16 07:38:23.421222,coffee mug,Desktop,Category Page,True,"['Ceramic Mug', 'Travel Mug', 'Insulated Mug']",2.24,False,,False
4969,8267,54297,2025-01-11 15:39:21.421222,wireless earbuds,Mobile,Product Page,True,"['AirPods Pro', 'Sony WF-1000XM4', 'Bose QuietComfort Earbuds']",0.34,False,,False
4970,5232,680504,2025-01-10 02:54:23.421222,smartphone,Mobile,Category Page,True,"['iPhone 15', 'Samsung Galaxy S24', 'Google Pixel 8']",3.18,False,,False
4971,2980,877643,2025-01-26 01:51:36.421222,socks,Mobile,Category Page,False,[],1.26,False,,False
4972,7427,367886,2025-01-07 10:45:04.421222,laptop,Desktop,Product Page,True,"['Dell XPS 13', 'MacBook Air', 'HP Spectre x360']",3.16,True,Dell XPS 13,False
4973,9573,321135,2025-01-20 20:43:36.421222,phone case,Mobile,Homepage,True,"['OtterBox Defender', 'Spigen Tough Armor', 'Apple Silicone Case']",2.91,False,,False
4974,7831,853188,2025-01-18 14:29:13.421222,mouse,Mobile,Product Page,True,"['Logitech MX Master 3', 'Razer DeathAdder', 'SteelSeries Rival 5']",1.23,True,Logitech MX Master 3,False
4975,6813,706995,2025-01-12 09:42:37.421222,socks,Mobile,Category Page,False,[],0.52,False,,False
4976,3284,663665,2025-01-06 23:19:42.421222,socks,Desktop,Homepage,False,[],0.98,False,,False
4977,1931,619720,2025-01-12 23:57:32.421222,gaming chair,Desktop,Category Page,True,"['DXRacer', 'Secretlab Titan', 'Razer Iskur']",1.9,True,DXRacer,False
4978,3852,232024,2025-01-18 13:54:38.421222,shoes,Mobile,Homepage,False,[],0.32,False,,False
4979,6421,414199,2025-01-05 17:41:16.421222,laptop,Desktop,Product Page,True,"['Dell XPS 13', 'MacBook Air', 'HP Spectre x360']",3.48,True,HP Spectre x360,False
4980,2482,525228,2025-01-30 18:45:46.421222,mouse,Mobile,Product Page,True,"['Logitech MX Master 3', 'Razer DeathAdder', 'SteelSeries Rival 5']",2.63,False,,False
4981,7554,863435,2025-02-02 07:45:06.421222,dresses,Tablet,Category Page,False,[],2.13,False,,False
4982,1964,320557,2025-01-20 17:32:59.421222,dresses,Tablet,Category Page,False,[],0.24,False,,False
4983,4441,342170,2025-02-01 09:36:57.421222,socks,Desktop,Product Page,False,[],0.36,False,,False
4984,1710,931113,2025-01-19 05:50:19.421222,coffee mug,Tablet,Product Page,True,"['Ceramic Mug', 'Travel Mug', 'Insulated Mug']",0.76,False,,False
4985,9667,825572,2025-01-28 17:56:22.421222,dresses,Tablet,Category Page,False,[],2.74,False,,False
4986,6607,842621,2025-01-27 21:13:46.421222,water bottle,Tablet,Homepage,False,[],2.08,False,,False
4987,3991,992295,2025-02-01 05:22:36.421222,smartphone,Tablet,Category Page,True,"['iPhone 15', 'Samsung Galaxy S24', 'Google Pixel 8']",3.43,True,iPhone 15,True
4988,7788,857512,2025-01-23 23:45:37.421222,external hard drive,Tablet,Category Page,True,"['Seagate 2TB', 'WD My Passport', 'Samsung T7']",1.53,True,WD My Passport,True
4989,3512,151470,2025-01-22 22:34:47.421222,dresses,Mobile,Category Page,False,[],1.92,False,,False
4990,6073,950512,2025-01-12 05:51:47.421222,laptop,Tablet,Product Page,True,"['Dell XPS 13', 'MacBook Air', 'HP Spectre x360']",2.64,True,Dell XPS 13,True
4991,9768,991824,2025-01-26 16:07:36.421222,shoes,Desktop,Category Page,False,[],1.61,False,,False
4992,8209,674503,2025-01-31 07:50:38.421222,coffee mug,Desktop,Homepage,True,"['Ceramic Mug', 'Travel Mug', 'Insulated Mug']",1.77,True,Ceramic Mug,False
4993,4467,236385,2025-02-03 18:43:59.421222,phone case,Mobile,Product Page,True,"['OtterBox Defender', 'Spigen Tough Armor', 'Apple Silicone Case']",2.16,True,Spigen Tough Armor,False
4994,3108,140550,2025-01-23 19:08:46.421222,coffee mug,Mobile,Homepage,True,"['Ceramic Mug', 'Travel Mug', 'Insulated Mug']",1.12,True,Insulated Mug,False
4995,7317,792994,2025-01-11 12:38:53.421222,headphones,Desktop,Product Page,True,"['Sony WH-1000XM5', 'Bose 700', 'Sennheiser Momentum 4']",1.5,True,Sony WH-1000XM5,False
4996,5202,83522,2025-01-13 14:37:31.421222,coffee mug,Mobile,Category Page,True,"['Ceramic Mug', 'Travel Mug', 'Insulated Mug']",2.24,True,Ceramic Mug,False
4997,8638,192988,2025-01-26 05:29:32.421222,keyboard,Mobile,Product Page,True,"['Logitech MX Keys', 'Razer BlackWidow', 'Corsair K95']",3.21,True,Razer BlackWidow,False
4998,2491,90490,2025-01-12 05:53:49.421222,socks,Desktop,Homepage,False,[],2.69,False,,False
4999,2750,367602,2025-01-19 19:09:30.421222,gaming chair,Mobile,Category Page,True,"['DXRacer', 'Secretlab Titan', 'Razer Iskur']",0.85,False,,False
5000,3823,937126,2025-01-18 11:46:34.421222,dresses,Tablet,Category Page,False,[],2.8,False,,False
